id;data_inversa;dia_semana;horario;uf;br;km;municipio;causa_acidente;tipo_acidente;classificacao_acidente;fase_dia;sentido_via;condicao_metereologica;tipo_pista;tracado_via;uso_solo;pessoas;veiculos
83159696;2014-03-14;Sexta;08:50:00;SP;116;217.5;GUARULHOS;Não guardar distância de segurança;Colisão traseira;Com Vítimas Feridas;Pleno dia;Crescente;Ceu Claro;Múltipla;Reta;Urbano;2;2
83159737;2014-03-06;Quinta;01:30:00;SP;116;187.0;SANTA ISABEL;Outras;Atropelamento de animal;Sem Vítimas;Plena noite;Decrescente;Nublado;Dupla;Reta;Rural;1;1
83159764;2014-03-14;Sexta;08:40:00;SP;116;134.8;SAO JOSE DOS CAMPOS;Não guardar distância de segurança;Colisão traseira;Sem Vítimas;Pleno dia;Crescente;Ceu Claro;Dupla;Reta;Urbano;2;2
83159766;2014-03-12;Quarta;10:30:00;SP;116;209.2;GUARULHOS;Outras;Colisão lateral;Com Vítimas Feridas;Pleno dia;Crescente;Sol;Dupla;Reta;Urbano;2;2
83159811;2014-03-01;Sábado;15:30:00;SP;116;208.0;GUARULHOS;Falta de atenção;Colisão traseira;Sem Vítimas;Pleno dia;Crescente;Ceu Claro;Múltipla;Reta;Urbano;2;2
83159814;2014-03-14;Sexta;21:11:00;SP;116;216.0;GUARULHOS;Não guardar distância de segurança;Colisão traseira;Sem Vítimas;Plena noite;Decrescente;Ceu Claro;Múltipla;Reta;Urbano;2;2
83159881;2014-03-14;Sexta;23:30:00;SP;116;221.5;GUARULHOS;Falta de atenção;Colisão traseira;Sem Vítimas;Plena noite;Decrescente;Nublado;Múltipla;Reta;Urbano;3;3
83159882;2014-03-14;Sexta;06:20:00;SP;116;199.0;ARUJA;Não guardar distância de segurança;Colisão traseira;Sem Vítimas;Amanhecer;Crescente;Ceu Claro;Múltipla;Reta;Urbano;2;2
83159968;2014-03-06;Quinta;19:10:00;SP;116;107.0;TAUBATE;Defeito mecânico em veículo;Colisão traseira;Sem Vítimas;Plena noite;Decrescente;Chuva;Dupla;Reta;Urbano;2;2
83159970;2014-03-13;Quinta;11:10:00;SP;116;203.0;ARUJA;Defeito mecânico em veículo;Saída de Pista;Sem Vítimas;Pleno dia;Crescente;Ceu Claro;Dupla;Reta;Urbano;1;1
83159984;2014-03-10;Segunda;17:00:00;SP;116;182.0;SANTA ISABEL;Não guardar distância de segurança;Colisão traseira;Sem Vítimas;Pleno dia;Decrescente;Nublado;Múltipla;Reta;Rural;2;2
83160065;2014-03-07;Sexta;15:30:00;SP;116;223.0;GUARULHOS;Outras;Queda de motocicleta / bicicleta / veículo;Com Vítimas Feridas;Pleno dia;Decrescente;Nublado;Múltipla;Reta;Urbano;1;1
83160158;2014-03-15;Sábado;12:30:00;SP;116;221.0;GUARULHOS;Falta de atenção;Colisão traseira;Sem Vítimas;Pleno dia;Crescente;Ceu Claro;Múltipla;Reta;Urbano;4;4
83160168;2014-03-15;Sábado;10:00:00;SP;116;211.0;GUARULHOS;Não guardar distância de segurança;Colisão traseira;Sem Vítimas;Pleno dia;Crescente;Ceu Claro;Múltipla;Reta;Urbano;5;5
83160215;2014-03-15;Sábado;14:05:00;SP;116;229.5;SAO PAULO;Não guardar distância de segurança;Colisão traseira;Sem Vítimas;Pleno dia;Decrescente;Ceu Claro;Múltipla;Reta;Urbano;3;3
83160217;2014-03-15;Sábado;09:58:00;SP;116;211.0;GUARULHOS;Falta de atenção;Colisão traseira;Sem Vítimas;Pleno dia;Crescente;Ceu Claro;Múltipla;Reta;Urbano;4;4
83160229;2014-03-15;Sábado;07:30:00;SP;116;210.0;GUARULHOS;Não guardar distância de segurança;Colisão traseira;Sem Vítimas;Pleno dia;Crescente;Ceu Claro;Múltipla;Reta;Urbano;3;3
83160239;2014-03-15;Sábado;16:10:00;SP;116;218.0;GUARULHOS;Falta de atenção;Colisão lateral;Sem Vítimas;Pleno dia;Decrescente;Ceu Claro;Múltipla;Reta;Urbano;2;2
83160346;2014-03-11;Terça;13:25:00;SP;116;225.0;GUARULHOS;Ingestão de álcool;Colisão lateral;Sem Vítimas;Pleno dia;Crescente;Sol;Múltipla;Reta;Urbano;2;2
83160361;2014-03-15;Sábado;20:20:00;SP;116;125.3;CACAPAVA;Outras;Colisão com objeto móvel;Sem Vítimas;Plena noite;Decrescente;Ceu Claro;Dupla;Reta;Urbano;1;1
83160362;2014-03-15;Sábado;18:30:00;SP;116;212.0;GUARULHOS;Não guardar distância de segurança;Colisão traseira;Sem Vítimas;Plena noite;Crescente;Nublado;Múltipla;Reta;Urbano;3;3
83160365;2014-03-14;Sexta;14:00:00;SP;116;219.0;GUARULHOS;Falta de atenção;Colisão traseira;Sem Vítimas;Pleno dia;Decrescente;Ceu Claro;Dupla;Reta;Urbano;3;3
83160369;2014-03-15;Sábado;10:00:00;SP;116;224.0;GUARULHOS;Outras;Colisão com objeto fixo;Sem Vítimas;Pleno dia;Crescente;Sol;Múltipla;Reta;Urbano;2;2
83160400;2014-03-15;Sábado;19:40:00;SP;116;213.0;GUARULHOS;Falta de atenção;Colisão lateral;Sem Vítimas;Plena noite;Crescente;Nublado;Múltipla;Reta;Urbano;2;2
83160592;2014-03-12;Quarta;15:00:00;SP;116;109.0;TAUBATE;Outras;Colisão traseira;Com Vítimas Feridas;Pleno dia;Decrescente;Ceu Claro;Simples;Reta;Urbano;2;2
83160742;2014-03-16;Domingo;10:55:00;SP;116;152.0;SAO JOSE DOS CAMPOS;Falta de atenção;Colisão lateral;Sem Vítimas;Pleno dia;Decrescente;Ceu Claro;Dupla;Reta;Urbano;2;2
83160744;2014-03-16;Domingo;11:35:00;SP;116;228.0;SAO PAULO;Velocidade incompatível;Colisão lateral;Sem Vítimas;Pleno dia;Decrescente;Ceu Claro;Múltipla;Reta;Urbano;3;3
83160749;2014-03-13;Quinta;02:26:00;SP;116;118.6;TAUBATE;Outras;Colisão traseira;Sem Vítimas;Plena noite;Crescente;Ceu Claro;Dupla;Reta;Urbano;2;2
83160762;2014-03-16;Domingo;15:30:00;SP;116;145.0;SAO JOSE DOS CAMPOS;Falta de atenção;Colisão traseira;Sem Vítimas;Pleno dia;Crescente;Ceu Claro;Dupla;Reta;Urbano;2;2
83160800;2014-03-15;Sábado;16:45:00;SP;116;144.6;SAO JOSE DOS CAMPOS;Falta de atenção;Colisão traseira;Sem Vítimas;Pleno dia;Crescente;Ceu Claro;Múltipla;Reta;Urbano;2;2
83160810;2014-03-16;Domingo;14:15:00;SP;116;152.5;SAO JOSE DOS CAMPOS;Não guardar distância de segurança;Colisão traseira;Sem Vítimas;Pleno dia;Decrescente;Sol;Múltipla;Reta;Urbano;2;2
83160863;2014-03-14;Sexta;19:30:00;SP;116;184.3;SANTA ISABEL;Outras;Atropelamento de pessoa;Com Vítimas Fatais;Plena noite;Decrescente;Ceu Claro;Dupla;Curva;Urbano;2;1
83160880;2014-03-15;Sábado;00:30:00;SP;116;227.6;GUARULHOS;Dormindo;Capotamento;Com Vítimas Feridas;Plena noite;Decrescente;Ceu Claro;Múltipla;Reta;Urbano;1;1
83160916;2014-03-16;Domingo;16:30:00;SP;116;134.5;SAO JOSE DOS CAMPOS;Outras;Colisão traseira;Sem Vítimas;Pleno dia;Decrescente;Sol;Simples;Reta;Urbano;4;4
83161007;2014-03-13;Quinta;11:40:00;SP;116;208.0;GUARULHOS;Falta de atenção;Colisão traseira;Sem Vítimas;Pleno dia;Crescente;Ceu Claro;Múltipla;Reta;Urbano;2;2
83161012;2014-03-17;Segunda;08:20:00;SP;116;145.5;SAO JOSE DOS CAMPOS;Não guardar distância de segurança;Colisão lateral;Sem Vítimas;Pleno dia;Crescente;Sol;Múltipla;Reta;Urbano;2;2
83161123;2014-03-01;Sábado;08:00:00;SP;116;178.0;GUARAREMA;Falta de atenção;Colisão traseira;Sem Vítimas;Pleno dia;Decrescente;Ceu Claro;Simples;Reta;Rural;2;2
83161132;2014-03-16;Domingo;01:15:00;SP;116;210.0;GUARULHOS;Outras;Atropelamento de pessoa;Com Vítimas Feridas;Plena noite;Decrescente;Ceu Claro;Múltipla;Reta;Urbano;2;1
83161195;2014-03-13;Quinta;19:15:00;SP;116;155.0;SAO JOSE DOS CAMPOS;Falta de atenção;Colisão traseira;Sem Vítimas;Plena noite;Decrescente;Ceu Claro;Dupla;Reta;Urbano;3;3
83161233;2014-03-14;Sexta;02:45:00;SP;116;149.0;SAO JOSE DOS CAMPOS;Falta de atenção;Colisão lateral;Sem Vítimas;Plena noite;Crescente;Ceu Claro;Dupla;Reta;Urbano;2;2
83161234;2014-03-14;Sexta;16:50:00;SP;116;107.0;TAUBATE;Não guardar distância de segurança;Colisão traseira;Sem Vítimas;Pleno dia;Crescente;Nublado;Dupla;Reta;Urbano;3;3
83161312;2014-03-14;Sexta;14:30:00;SP;116;147.0;SAO JOSE DOS CAMPOS;Não guardar distância de segurança;Colisão traseira;Com Vítimas Feridas;Pleno dia;Crescente;Ceu Claro;Múltipla;Reta;Rural;2;2
83161325;2014-03-15;Sábado;08:00:00;SP;116;145.9;SAO JOSE DOS CAMPOS;Não guardar distância de segurança;Colisão traseira;Com Vítimas Feridas;Pleno dia;Crescente;Ceu Claro;Simples;Reta;Urbano;3;2
83161327;2014-03-17;Segunda;08:35:00;SP;116;173.0;JACAREI;Outras;Colisão Transversal;Sem Vítimas;Pleno dia;Decrescente;Sol;Dupla;Curva;Rural;2;2
83161331;2014-03-05;Quarta;18:00:00;SP;116;229.0;SAO PAULO;Outras;Colisão traseira;Sem Vítimas;Anoitecer;Decrescente;Ceu Claro;Múltipla;Reta;Urbano;2;2
83161338;2014-03-17;Segunda;14:19:00;SP;116;198.0;ARUJA;Outras;Colisão com objeto móvel;Sem Vítimas;Pleno dia;Crescente;Sol;Dupla;Reta;Urbano;1;1
83161386;2014-02-22;Sábado;21:50:00;SP;116;149.9;SAO JOSE DOS CAMPOS;Não guardar distância de segurança;Colisão traseira;Sem Vítimas;Plena noite;Decrescente;Ceu Claro;Dupla;Reta;Rural;2;2
83161399;2014-03-17;Segunda;17:00:00;SP;116;218.0;GUARULHOS;Falta de atenção;Colisão traseira;Com Vítimas Feridas;Pleno dia;Crescente;Ceu Claro;Múltipla;Reta;Urbano;2;2
83161410;2014-03-17;Segunda;11:00:00;SP;116;221.0;GUARULHOS;Não guardar distância de segurança;Colisão traseira;Sem Vítimas;Pleno dia;Decrescente;Sol;Múltipla;Reta;Urbano;2;2
83161411;2014-03-17;Segunda;06:50:00;SP;116;225.0;GUARULHOS;Outras;Tombamento;Com Vítimas Feridas;Pleno dia;Crescente;Sol;Simples;Reta;Urbano;1;1
83161423;2014-03-17;Segunda;08:15:00;SP;116;135.8;SAO JOSE DOS CAMPOS;Outras;Colisão traseira;Sem Vítimas;Pleno dia;Crescente;Ceu Claro;Dupla;Reta;Urbano;5;5
83161458;2014-03-16;Domingo;17:35:00;SP;116;209.0;GUARULHOS;Outras;Colisão lateral;Sem Vítimas;Pleno dia;Crescente;Nublado;Dupla;Reta;Urbano;2;2
83161508;2014-03-07;Sexta;16:30:00;SP;116;222.0;GUARULHOS;Outras;Colisão traseira;Sem Vítimas;Pleno dia;Decrescente;Sol;Dupla;Reta;Urbano;2;2
83161513;2014-03-07;Sexta;20:15:00;SP;116;211.0;GUARULHOS;Outras;Colisão traseira;Sem Vítimas;Plena noite;Decrescente;Chuva;Múltipla;Reta;Urbano;2;2
83161620;2014-03-14;Sexta;06:00:00;SP;116;225.0;GUARULHOS;Falta de atenção;Colisão com objeto fixo;Sem Vítimas;Amanhecer;Crescente;Ceu Claro;Múltipla;Reta;Urbano;1;1
83161634;2014-03-16;Domingo;19:15:00;SP;116;215.0;GUARULHOS;Falta de atenção;Atropelamento de pessoa;Com Vítimas Fatais;Plena noite;Crescente;Ceu Claro;Múltipla;Reta;Urbano;2;1
83161640;2014-03-14;Sexta;18:30:00;SP;116;223.0;GUARULHOS;Falta de atenção;Colisão lateral;Com Vítimas Feridas;Anoitecer;Decrescente;Ceu Claro;Múltipla;Reta;Urbano;2;2
83161658;2014-03-10;Segunda;21:30:00;SP;116;108.5;TAUBATE;Defeito mecânico em veículo;Danos Eventuais;Sem Vítimas;Plena noite;Decrescente;Ceu Claro;Dupla;Reta;Urbano;1;1
83161675;2014-03-12;Quarta;08:40:00;SP;116;215.0;GUARULHOS;Outras;Colisão traseira;Com Vítimas Feridas;Pleno dia;Decrescente;Ceu Claro;Múltipla;Reta;Urbano;4;4
83161681;2014-03-18;Terça;10:10:00;SP;116;145.3;SAO JOSE DOS CAMPOS;Outras;Danos Eventuais;Sem Vítimas;Pleno dia;Decrescente;Sol;Dupla;Reta;Urbano;2;2
83161725;2014-03-18;Terça;10:30:00;SP;116;215.0;GUARULHOS;Falta de atenção;Colisão lateral;Com Vítimas Feridas;Pleno dia;Crescente;Ceu Claro;Múltipla;Reta;Urbano;3;3
83161832;2014-03-18;Terça;16:20:00;SP;116;210.0;GUARULHOS;Falta de atenção;Colisão traseira;Sem Vítimas;Pleno dia;Crescente;Nublado;Dupla;Reta;Urbano;2;2
83161895;2014-03-09;Domingo;19:00:00;SP;116;210.0;GUARULHOS;Não guardar distância de segurança;Colisão traseira;Sem Vítimas;Plena noite;Decrescente;Ceu Claro;Simples;Reta;Urbano;3;3
83161935;2014-03-17;Segunda;10:00:00;SP;116;227.0;SAO PAULO;Não guardar distância de segurança;Colisão lateral;Com Vítimas Feridas;Pleno dia;Decrescente;Ceu Claro;Múltipla;Reta;Urbano;2;2
83161937;2014-03-16;Domingo;21:20:00;SP;116;219.6;GUARULHOS;Animais na Pista;Atropelamento de animal;Sem Vítimas;Plena noite;Crescente;Nublado;Múltipla;Reta;Urbano;1;1
83161954;2014-03-14;Sexta;22:00:00;SP;116;212.7;GUARULHOS;Ingestão de álcool;Colisão com objeto fixo;Com Vítimas Feridas;Plena noite;Decrescente;Ceu Claro;Múltipla;Reta;Urbano;1;1
83161962;2014-03-18;Terça;06:35:00;SP;116;221.0;GUARULHOS;Não guardar distância de segurança;Colisão traseira;Sem Vítimas;Pleno dia;Crescente;Ceu Claro;Simples;Reta;Urbano;4;4
83161970;2014-03-14;Sexta;10:15:00;SP;116;228.0;SAO PAULO;Não guardar distância de segurança;Colisão lateral;Com Vítimas Feridas;Pleno dia;Crescente;Sol;Múltipla;Reta;Urbano;3;3
83162139;2014-03-19;Quarta;07:40:00;SP;116;212.0;GUARULHOS;Falta de atenção;Colisão lateral;Com Vítimas Feridas;Pleno dia;Decrescente;Nublado;Múltipla;Reta;Urbano;3;2
83162199;2014-03-13;Quinta;18:10:00;SP;116;161.0;JACAREI;Outras;Colisão lateral;Sem Vítimas;Anoitecer;Decrescente;Chuva;Dupla;Reta;Urbano;2;2
83162214;2014-03-14;Sexta;06:30:00;SP;116;147.0;SAO JOSE DOS CAMPOS;Outras;Incêndio;Sem Vítimas;Pleno dia;Decrescente;Nublado;Dupla;Reta;Urbano;1;1
83162247;2014-03-15;Sábado;17:30:00;SP;116;198.5;ARUJA;Defeito mecânico em veículo;Colisão com objeto fixo;Sem Vítimas;Pleno dia;Decrescente;Ceu Claro;Dupla;Reta;Urbano;1;1
83162298;2014-03-14;Sexta;15:45:00;SP;116;110.0;TAUBATE;Não guardar distância de segurança;Colisão traseira;Com Vítimas Feridas;Pleno dia;Crescente;Sol;Dupla;Reta;Urbano;2;2
83162301;2014-03-11;Terça;10:50:00;SP;116;182.0;SANTA ISABEL;Falta de atenção;Colisão traseira;Sem Vítimas;Pleno dia;Decrescente;Ceu Claro;Dupla;Reta;Urbano;2;2
83162364;2014-03-17;Segunda;23:10:00;SP;116;165.0;JACAREI;Outras;Colisão traseira;Sem Vítimas;Plena noite;Decrescente;Ceu Claro;Múltipla;Reta;Rural;2;2
83162412;2014-03-17;Segunda;21:40:00;SP;116;187.0;SANTA ISABEL;Outras;Colisão com objeto fixo;Sem Vítimas;Plena noite;Decrescente;Chuva;Dupla;Reta;Rural;1;1
83162426;2014-03-19;Quarta;15:30:00;SP;116;196.0;ARUJA;Outras;Saída de Pista;Sem Vítimas;Pleno dia;Decrescente;Chuva;Dupla;Reta;Rural;1;1
83162427;2014-03-19;Quarta;18:25:00;SP;116;206.0;GUARULHOS;Outras;Colisão com objeto fixo;Sem Vítimas;Plena noite;Crescente;Ceu Claro;Dupla;Reta;Urbano;3;3
83162465;2014-03-15;Sábado;21:00:00;SP;116;145.0;SAO JOSE DOS CAMPOS;Falta de atenção;Colisão lateral;Sem Vítimas;Plena noite;Crescente;Ceu Claro;Dupla;Reta;Urbano;2;2
83162505;2014-03-19;Quarta;19:00:00;SP;116;207.0;GUARULHOS;Falta de atenção;Colisão traseira;Sem Vítimas;Plena noite;Decrescente;Nublado;Múltipla;Reta;Urbano;2;2
83162593;2014-03-16;Domingo;11:40:00;SP;116;228.0;SAO PAULO;Falta de atenção;Colisão traseira;Sem Vítimas;Pleno dia;Decrescente;Sol;Múltipla;Reta;Urbano;3;3
83162663;2014-03-20;Quinta;07:20:00;SP;116;220.0;GUARULHOS;Não guardar distância de segurança;Queda de motocicleta / bicicleta / veículo;Com Vítimas Feridas;Pleno dia;Decrescente;Ceu Claro;Múltipla;Reta;Urbano;2;2
83162665;2014-03-17;Segunda;11:50:00;SP;116;165.0;JACAREI;Outras;Colisão traseira;Sem Vítimas;Pleno dia;Crescente;Sol;Dupla;Reta;Rural;2;2
83162681;2014-03-17;Segunda;17:20:00;SP;116;146.0;SAO JOSE DOS CAMPOS;Outras;Colisão lateral;Sem Vítimas;Anoitecer;Decrescente;Chuva;Dupla;Reta;Urbano;2;2
83162702;2014-03-20;Quinta;06:30:00;SP;116;196.0;GUARULHOS;Animais na Pista;Saída de Pista;Com Vítimas Feridas;Amanhecer;Crescente;Ceu Claro;Dupla;Reta;Urbano;1;1
83162757;2014-03-18;Terça;10:00:00;SP;116;148.0;SAO JOSE DOS CAMPOS;Não guardar distância de segurança;Colisão traseira;Sem Vítimas;Anoitecer;Decrescente;Chuva;Dupla;Reta;Urbano;3;3
83162793;2014-03-16;Domingo;23:00:00;SP;116;131.0;CACAPAVA;Outras;Colisão com objeto fixo;Sem Vítimas;Plena noite;Crescente;Ceu Claro;Dupla;Reta;Urbano;1;1
83162839;2014-03-13;Quinta;06:50:00;SP;116;226.0;GUARULHOS;Outras;Colisão lateral;Com Vítimas Feridas;Amanhecer;Crescente;Sol;Simples;Reta;Urbano;3;3
83162898;2014-03-17;Segunda;07:00:00;SP;116;140.0;SAO JOSE DOS CAMPOS;Outras;Colisão traseira;Sem Vítimas;Pleno dia;Decrescente;Sol;Dupla;Reta;Urbano;4;4
83162919;2014-03-20;Quinta;15:40:00;SP;116;160.1;JACAREI;Falta de atenção;Colisão lateral;Sem Vítimas;Pleno dia;Decrescente;Ceu Claro;Dupla;Reta;Rural;2;2
83162948;2014-03-20;Quinta;11:45:00;SP;116;143.3;SAO JOSE DOS CAMPOS;Outras;Colisão traseira;Sem Vítimas;Pleno dia;Crescente;Sol;Múltipla;Reta;Urbano;2;2
83162980;2014-03-20;Quinta;17:45:00;SP;116;228.0;SAO PAULO;Falta de atenção;Colisão lateral;Com Vítimas Feridas;Anoitecer;Decrescente;Nublado;Múltipla;Reta;Urbano;3;2
83163015;2014-03-20;Quinta;21:40:00;SP;116;108.4;TAUBATE;Outras;Colisão traseira;Sem Vítimas;Plena noite;Decrescente;Chuva;Dupla;Reta;Urbano;2;2
83163028;2014-03-20;Quinta;12:25:00;SP;116;139.1;SAO JOSE DOS CAMPOS;Outras;Colisão traseira;Sem Vítimas;Pleno dia;Crescente;Ceu Claro;Dupla;Reta;Urbano;2;2
83163039;2014-03-21;Sexta;04:15:00;SP;116;163.0;JACAREI;Dormindo;Colisão traseira;Com Vítimas Feridas;Plena noite;Crescente;Nublado;Dupla;Reta;Rural;2;2
83163062;2014-03-18;Terça;05:00:00;SP;116;107.6;TAUBATE;Falta de atenção;Queda de motocicleta / bicicleta / veículo;Com Vítimas Feridas;Plena noite;Decrescente;Ceu Claro;Múltipla;Reta;Urbano;1;1
83163078;2014-03-17;Segunda;17:15:00;SP;116;132.0;CACAPAVA;Não guardar distância de segurança;Colisão traseira;Sem Vítimas;Pleno dia;Crescente;Ceu Claro;Dupla;Reta;Urbano;3;3
83163111;2014-03-13;Quinta;13:00:00;SP;116;219.0;GUARULHOS;Falta de atenção;Colisão lateral;Sem Vítimas;Pleno dia;Decrescente;Nublado;Simples;Curva;Urbano;2;2
83163122;2014-03-21;Sexta;07:05:00;SP;116;204.5;ARUJA;Não guardar distância de segurança;Colisão traseira;Sem Vítimas;Amanhecer;Decrescente;Nublado;Dupla;Reta;Urbano;2;2
83163150;2014-03-16;Domingo;21:10:00;SP;116;223.0;GUARULHOS;Defeito mecânico em veículo;Colisão traseira;Sem Vítimas;Plena noite;Decrescente;Ceu Claro;Múltipla;Reta;Urbano;2;2
83163153;2014-03-20;Quinta;07:40:00;SP;116;218.0;GUARULHOS;Falta de atenção;Colisão lateral;Sem Vítimas;Pleno dia;Decrescente;Ceu Claro;Múltipla;Reta;Urbano;4;4
83163167;2014-03-16;Domingo;14:45:00;SP;116;227.0;GUARULHOS;Outras;Colisão lateral;Com Vítimas Feridas;Pleno dia;Crescente;Ceu Claro;Simples;Curva;Urbano;2;2
83163207;2014-03-20;Quinta;12:50:00;SP;116;205.0;ARUJA;Falta de atenção;Saída de Pista;Sem Vítimas;Pleno dia;Decrescente;Nublado;Múltipla;Reta;Urbano;1;1
83163237;2014-03-13;Quinta;21:00:00;SP;116;181.0;GUARAREMA;Outras;Colisão lateral;Sem Vítimas;Plena noite;Crescente;Ceu Claro;Simples;Reta;Urbano;2;2
83163389;2014-03-21;Sexta;18:30:00;SP;116;199.3;ARUJA;Velocidade incompatível;Saída de Pista;Sem Vítimas;Anoitecer;Decrescente;Chuva;Dupla;Curva;Urbano;1;1
83163419;2014-03-17;Segunda;10:15:00;SP;116;220.0;GUARULHOS;Não guardar distância de segurança;Colisão traseira;Sem Vítimas;Pleno dia;Decrescente;Sol;Múltipla;Reta;Urbano;2;2
83163420;2014-03-20;Quinta;15:55:00;SP;116;217.8;GUARULHOS;Não guardar distância de segurança;Colisão traseira;Sem Vítimas;Pleno dia;Crescente;Ceu Claro;Múltipla;Reta;Urbano;3;3
83163422;2014-03-21;Sexta;20:00:00;SP;116;222.0;GUARULHOS;Não guardar distância de segurança;Colisão traseira;Sem Vítimas;Plena noite;Decrescente;Chuva;Múltipla;Reta;Urbano;2;2
83163423;2014-03-20;Quinta;17:00:00;SP;116;222.0;GUARULHOS;Não guardar distância de segurança;Colisão traseira;Sem Vítimas;Pleno dia;Decrescente;Nublado;Múltipla;Reta;Urbano;2;2
83163475;2014-03-21;Sexta;06:45:00;SP;116;227.0;SAO PAULO;Não guardar distância de segurança;Colisão lateral;Com Vítimas Feridas;Pleno dia;Crescente;Nublado;Múltipla;Reta;Urbano;3;2
83163560;2014-03-21;Sexta;21:00:00;SP;116;221.0;GUARULHOS;Não guardar distância de segurança;Colisão traseira;Sem Vítimas;Plena noite;Decrescente;Chuva;Múltipla;Reta;Urbano;4;3
83163563;2014-03-17;Segunda;18:10:00;SP;116;108.6;TAUBATE;Falta de atenção;Colisão lateral;Com Vítimas Feridas;Anoitecer;Crescente;Nublado;Dupla;Reta;Urbano;2;2
83163588;2014-03-21;Sexta;19:00:00;SP;116;191.0;SANTA ISABEL;Outras;Colisão com objeto fixo;Sem Vítimas;Plena noite;Decrescente;Chuva;Simples;Reta;Rural;1;1
83163740;2014-03-22;Sábado;13:50:00;SP;116;222.0;GUARULHOS;Não guardar distância de segurança;Colisão traseira;Sem Vítimas;Pleno dia;Decrescente;Ceu Claro;Múltipla;Reta;Urbano;3;3
83163771;2014-03-22;Sábado;10:40:00;SP;116;114.0;TAUBATE;Velocidade incompatível;Colisão com objeto fixo;Sem Vítimas;Pleno dia;Crescente;Sol;Simples;Reta;Urbano;2;1
83163877;2014-03-13;Quinta;09:50:00;SP;116;210.0;GUARULHOS;Desobediência à sinalização;Colisão traseira;Sem Vítimas;Pleno dia;Crescente;Ceu Claro;Dupla;Reta;Urbano;4;4
83163891;2014-03-22;Sábado;10:00:00;SP;116;213.0;GUARULHOS;Não guardar distância de segurança;Colisão traseira;Sem Vítimas;Pleno dia;Crescente;Nublado;Múltipla;Reta;Urbano;2;2
83163903;2014-03-18;Terça;10:45:00;SP;116;229.0;SAO PAULO;Falta de atenção;Colisão lateral;Sem Vítimas;Pleno dia;Crescente;Sol;Múltipla;Reta;Urbano;2;2
83163916;2014-03-22;Sábado;12:15:00;SP;116;218.0;GUARULHOS;Falta de atenção;Atropelamento de pessoa;Com Vítimas Fatais;Pleno dia;Crescente;Nublado;Múltipla;Reta;Urbano;2;1
83163938;2014-03-23;Domingo;00:30:00;SP;116;223.3;GUARULHOS;Falta de atenção;Colisão com objeto fixo;Sem Vítimas;Plena noite;Decrescente;Chuva;Múltipla;Reta;Urbano;2;2
83164022;2014-03-19;Quarta;06:40:00;SP;116;182.0;SANTA ISABEL;Falta de atenção;Colisão lateral;Sem Vítimas;Pleno dia;Decrescente;Ceu Claro;Dupla;Reta;Urbano;2;2
83164051;2014-03-09;Domingo;05:30:00;SP;116;215.0;GUARULHOS;Falta de atenção;Colisão traseira;Sem Vítimas;Amanhecer;Decrescente;Nublado;Simples;Reta;Urbano;2;2
83164061;2014-03-20;Quinta;00:30:00;SP;116;194.0;SANTA ISABEL;Outras;Atropelamento de pessoa;Com Vítimas Fatais;Plena noite;Decrescente;Ceu Claro;Dupla;Reta;Rural;2;1
83164101;2014-03-05;Quarta;20:15:00;SP;116;203.0;ARUJA;Outras;Capotamento;Ignorado;Plena noite;Decrescente;Ceu Claro;Múltipla;Reta;Urbano;1;1
83164112;2014-03-05;Quarta;10:00:00;SP;116;210.0;GUARULHOS;Outras;Colisão traseira;Com Vítimas Feridas;Pleno dia;Crescente;Ceu Claro;Múltipla;Reta;Urbano;4;4
83164128;2014-03-23;Domingo;12:15:00;SP;116;158.0;JACAREI;Falta de atenção;Queda de motocicleta / bicicleta / veículo;Com Vítimas Feridas;Pleno dia;Decrescente;Nublado;Dupla;Curva;Urbano;1;1
83164129;2014-03-22;Sábado;07:00:00;SP;116;150.0;SAO JOSE DOS CAMPOS;Defeito mecânico em veículo;Colisão lateral;Sem Vítimas;Pleno dia;Crescente;Nublado;Simples;Reta;Urbano;2;2
83164141;2014-03-13;Quinta;10:45:00;SP;116;221.0;SAO PAULO;Não guardar distância de segurança;Colisão traseira;Sem Vítimas;Pleno dia;Decrescente;Ceu Claro;Múltipla;Reta;Urbano;3;3
83164278;2014-03-17;Segunda;19:30:00;SP;116;212.0;GUARULHOS;Não guardar distância de segurança;Colisão traseira;Sem Vítimas;Plena noite;Crescente;Nublado;Múltipla;Reta;Urbano;2;2
83164295;2014-03-23;Domingo;18:45:00;SP;116;202.0;ARUJA;Falta de atenção;Colisão traseira;Sem Vítimas;Plena noite;Crescente;Nublado;Dupla;Reta;Urbano;3;3
83164316;2014-03-20;Quinta;21:25:00;SP;116;223.0;GUARULHOS;Outras;Saída de Pista;Com Vítimas Feridas;Plena noite;Decrescente;Nublado;Múltipla;Reta;Urbano;2;2