id;data_inversa;dia_semana;horario;uf;br;km;municipio;causa_acidente;tipo_acidente;classificacao_acidente;fase_dia;sentido_via;condicao_metereologica;tipo_pista;tracado_via;uso_solo;pessoas;veiculos
83164358;2014-03-19;Quarta;11:00:00;SP;116;218.0;GUARULHOS;Outras;Colisão com objeto fixo;Sem Vítimas;Pleno dia;Crescente;Ceu Claro;Múltipla;Reta;Urbano;1;1
83164425;2014-03-15;Sábado;08:30:00;SP;116;146.0;SAO JOSE DOS CAMPOS;Não guardar distância de segurança;Colisão traseira;Sem Vítimas;Pleno dia;Crescente;Ceu Claro;Dupla;Reta;Urbano;2;2
83164511;2014-03-21;Sexta;06:45:00;SP;116;111.6;TAUBATE;Outras;Capotamento;Sem Vítimas;Amanhecer;Decrescente;Ceu Claro;Simples;Reta;Urbano;2;2
83164550;2014-03-20;Quinta;13:00:00;SP;116;170.0;JACAREI;Defeito mecânico em veículo;Colisão com objeto fixo;Sem Vítimas;Pleno dia;Decrescente;Ceu Claro;Dupla;Reta;Rural;1;1
83164576;2014-03-20;Quinta;20:50:00;SP;116;145.6;SAO JOSE DOS CAMPOS;Falta de atenção;Colisão traseira;Sem Vítimas;Plena noite;Crescente;Chuva;Dupla;Reta;Urbano;2;2
83164606;2014-03-21;Sexta;20:30:00;SP;116;225.0;GUARULHOS;Não guardar distância de segurança;Colisão traseira;Sem Vítimas;Plena noite;Decrescente;Chuva;Múltipla;Reta;Urbano;2;2
83164639;2014-03-20;Quinta;18:40:00;SP;116;115.0;TAUBATE;Outras;Colisão lateral;Sem Vítimas;Anoitecer;Crescente;Chuva;Dupla;Reta;Urbano;2;2
83164753;2014-03-24;Segunda;08:14:00;SP;116;217.0;GUARULHOS;Falta de atenção;Colisão lateral;Com Vítimas Feridas;Pleno dia;Crescente;Nublado;Dupla;Reta;Urbano;2;2
83164855;2014-03-21;Sexta;20:20:00;SP;116;222.0;GUARULHOS;Falta de atenção;Colisão lateral;Sem Vítimas;Plena noite;Decrescente;Chuva;Múltipla;Reta;Urbano;2;2
83164984;2014-03-21;Sexta;16:20:00;SP;116;137.6;SAO JOSE DOS CAMPOS;Outras;Colisão com objeto fixo;Sem Vítimas;Pleno dia;Crescente;Ceu Claro;Dupla;Reta;Urbano;1;1
83165005;2014-03-22;Sábado;00:30:00;SP;116;108.0;TAUBATE;Não guardar distância de segurança;Colisão traseira;Sem Vítimas;Plena noite;Decrescente;Chuva;Dupla;Reta;Urbano;2;2
83165016;2014-03-25;Terça;07:50:00;SP;116;120.0;CACAPAVA;Outras;Colisão traseira;Sem Vítimas;Pleno dia;Crescente;Ceu Claro;Dupla;Reta;Rural;2;2
83165026;2014-03-15;Sábado;08:40:00;SP;116;113.0;TAUBATE;Defeito na via;Colisão com objeto fixo;Sem Vítimas;Pleno dia;Decrescente;Sol;Dupla;Reta;Urbano;1;1
83165029;2014-03-25;Terça;06:40:00;SP;116;213.0;GUARULHOS;Outras;Colisão traseira;Sem Vítimas;Amanhecer;Crescente;Ceu Claro;Múltipla;Reta;Urbano;2;2
83165094;2014-03-10;Segunda;14:30:00;SP;116;158.0;JACAREI;Não guardar distância de segurança;Colisão traseira;Sem Vítimas;Pleno dia;Decrescente;Ceu Claro;Dupla;Reta;Urbano;5;5
83165153;2014-03-14;Sexta;16:50:00;SP;116;99.0;PINDAMONHANGABA;Falta de atenção;Colisão lateral;Sem Vítimas;Pleno dia;Decrescente;Nublado;Múltipla;Reta;Rural;2;2
83165167;2014-03-25;Terça;08:21:00;SP;116;224.0;GUARULHOS;Falta de atenção;Colisão lateral;Com Vítimas Feridas;Pleno dia;Decrescente;Ceu Claro;Múltipla;Reta;Urbano;2;2
83165184;2014-03-17;Segunda;07:30:00;SP;116;138.7;SAO JOSE DOS CAMPOS;Não guardar distância de segurança;Colisão traseira;Sem Vítimas;Pleno dia;Crescente;Ceu Claro;Múltipla;Reta;Urbano;2;2
83165211;2014-03-25;Terça;06:10:00;SP;116;228.0;SAO PAULO;Outras;Colisão lateral;Com Vítimas Feridas;Amanhecer;Crescente;Sol;Múltipla;Reta;Urbano;2;2
83165293;2014-03-20;Quinta;09:00:00;SP;116;225.0;GUARULHOS;Outras;Colisão lateral;Sem Vítimas;Pleno dia;Decrescente;Ceu Claro;Múltipla;Reta;Urbano;2;2
83165298;2014-03-25;Terça;08:00:00;SP;116;227.0;SAO PAULO;Não guardar distância de segurança;Colisão traseira;Com Vítimas Feridas;Pleno dia;Crescente;Sol;Múltipla;Reta;Urbano;2;2
83165342;2014-03-21;Sexta;17:50:00;SP;116;116.0;TAUBATE;Não guardar distância de segurança;Colisão traseira;Sem Vítimas;Anoitecer;Decrescente;Chuva;Dupla;Reta;Urbano;3;3
83165417;2014-02-23;Domingo;13:00:00;SP;116;188.0;SANTA ISABEL;Dormindo;Capotamento;Sem Vítimas;Pleno dia;Decrescente;Ceu Claro;Dupla;Reta;Rural;1;1
83165447;2014-03-19;Quarta;18:00:00;SP;116;149.9;SAO JOSE DOS CAMPOS;Velocidade incompatível;Capotamento;Ignorado;Anoitecer;Decrescente;Ceu Claro;Dupla;Reta;Urbano;1;1
83165503;2014-03-22;Sábado;22:45:00;SP;116;208.0;GUARULHOS;Falta de atenção;Colisão traseira;Sem Vítimas;Plena noite;Crescente;Chuva;Múltipla;Reta;Urbano;2;2
83165644;2014-03-26;Quarta;19:40:00;SP;116;159.0;JACAREI;Falta de atenção;Colisão traseira;Sem Vítimas;Plena noite;Decrescente;Ceu Claro;Dupla;Reta;Urbano;3;3
83165662;2014-03-25;Terça;11:00:00;SP;116;219.0;GUARULHOS;Não guardar distância de segurança;Colisão traseira;Sem Vítimas;Pleno dia;Crescente;Ceu Claro;Múltipla;Reta;Urbano;3;3
83165664;2014-03-14;Sexta;01:00:00;SP;116;208.0;GUARULHOS;Não guardar distância de segurança;Colisão traseira;Sem Vítimas;Plena noite;Decrescente;Ceu Claro;Dupla;Reta;Urbano;2;2
83165697;2014-03-21;Sexta;16:00:00;SP;116;204.0;ARUJA;Não guardar distância de segurança;Colisão traseira;Sem Vítimas;Pleno dia;Crescente;Ceu Claro;Dupla;Reta;Rural;2;2
83165716;2014-03-23;Domingo;05:15:00;SP;116;223.0;GUARULHOS;Falta de atenção;Colisão com objeto fixo;Sem Vítimas;Plena noite;Decrescente;Nublado;Múltipla;Reta;Urbano;1;1
83165720;2014-03-26;Quarta;21:00:00;SP;116;202.4;ARUJA;Outras;Derramamento de Carga;Sem Vítimas;Pleno dia;Crescente;Nublado;Dupla;Reta;Urbano;1;1
83165731;2014-03-26;Quarta;19:58:00;SP;116;214.0;GUARULHOS;Falta de atenção;Atropelamento de pessoa;Com Vítimas Feridas;Pleno dia;Crescente;Nublado;Múltipla;Reta;Urbano;2;1
83165803;2014-03-22;Sábado;14:45:00;SP;116;110.6;TAUBATE;Outras;Tombamento;Sem Vítimas;Pleno dia;Decrescente;Ceu Claro;Dupla;Curva;Urbano;1;1
83165834;2014-03-15;Sábado;19:50:00;SP;116;123.4;CACAPAVA;Outras;Atropelamento de pessoa;Ignorado;Plena noite;Decrescente;Ceu Claro;Dupla;Reta;Rural;2;1
83165836;2014-03-24;Segunda;17:15:00;SP;116;223.0;GUARULHOS;Outras;Colisão com objeto móvel;Com Vítimas Feridas;Pleno dia;Decrescente;Nublado;Múltipla;Reta;Urbano;2;1
83165917;2014-03-26;Quarta;06:45:00;SP;116;226.8;SAO PAULO;Não guardar distância de segurança;Colisão Transversal;Com Vítimas Feridas;Pleno dia;Crescente;Sol;Múltipla;Reta;Urbano;2;2
83165930;2014-02-28;Sexta;21:30:00;SP;116;148.0;SAO JOSE DOS CAMPOS;Defeito mecânico em veículo;Derramamento de Carga;Sem Vítimas;Plena noite;Crescente;Nublado;Dupla;Reta;Urbano;1;1
83166081;2014-03-27;Quinta;08:00:00;SP;116;219.0;GUARULHOS;Falta de atenção;Colisão lateral;Sem Vítimas;Pleno dia;Crescente;Ceu Claro;Múltipla;Reta;Urbano;3;3
83166086;2014-03-27;Quinta;09:15:00;SP;116;225.0;GUARULHOS;Outras;Colisão lateral;Com Vítimas Feridas;Pleno dia;Crescente;Ceu Claro;Múltipla;Reta;Urbano;3;3
83166090;2014-03-18;Terça;14:30:00;SP;116;145.7;SAO JOSE DOS CAMPOS;Não guardar distância de segurança;Colisão traseira;Com Vítimas Feridas;Pleno dia;Decrescente;Ceu Claro;Dupla;Reta;Urbano;2;2
83166141;2014-03-26;Quarta;06:15:00;SP;116;208.0;GUARULHOS;Não guardar distância de segurança;Colisão traseira;Sem Vítimas;Amanhecer;Crescente;Ceu Claro;Dupla;Reta;Urbano;2;2
83166226;2014-03-23;Domingo;05:39:00;SP;116;139.6;SAO JOSE DOS CAMPOS;Dormindo;Saída de Pista;Com Vítimas Feridas;Amanhecer;Crescente;Nublado;Dupla;Reta;Rural;1;1
83166246;2014-03-17;Segunda;21:30:00;SP;116;144.5;SAO JOSE DOS CAMPOS;Outras;Incêndio;Com Vítimas Feridas;Plena noite;Decrescente;Nublado;Dupla;Reta;Urbano;3;2
83166346;2014-03-23;Domingo;20:00:00;SP;116;179.0;GUARAREMA;Falta de atenção;Tombamento;Sem Vítimas;Plena noite;Crescente;Ceu Claro;Múltipla;Reta;Rural;1;1
83166388;2014-03-25;Terça;21:00:00;SP;116;146.2;SAO JOSE DOS CAMPOS;Não guardar distância de segurança;Colisão traseira;Sem Vítimas;Plena noite;Decrescente;Nublado;Dupla;Reta;Urbano;2;2
83166420;2014-02-12;Quarta;07:15:00;SP;116;220.0;GUARULHOS;Ultrapassagem indevida;Queda de motocicleta / bicicleta / veículo;Com Vítimas Feridas;Pleno dia;Crescente;Nublado;Múltipla;Reta;Urbano;3;2
83166585;2014-03-27;Quinta;10:15:00;SP;116;217.0;GUARULHOS;Falta de atenção;Colisão traseira;Sem Vítimas;Pleno dia;Crescente;Ceu Claro;Múltipla;Reta;Urbano;2;2
83166587;2014-03-26;Quarta;19:10:00;SP;116;159.4;JACAREI;Não guardar distância de segurança;Colisão traseira;Com Vítimas Feridas;Plena noite;Decrescente;Nublado;Simples;Reta;Urbano;2;2
83166601;2014-03-24;Segunda;07:50:00;SP;116;149.5;SAO JOSE DOS CAMPOS;Falta de atenção;Colisão traseira;Sem Vítimas;Pleno dia;Decrescente;Nublado;Dupla;Reta;Urbano;4;4
83166683;2014-03-25;Terça;06:55:00;SP;116;165.0;JACAREI;Ingestão de álcool;Colisão traseira;Com Vítimas Feridas;Pleno dia;Crescente;Ceu Claro;Múltipla;Reta;Rural;3;2
83166684;2014-03-28;Sexta;18:08:00;SP;116;150.0;SAO JOSE DOS CAMPOS;Falta de atenção;Colisão lateral;Sem Vítimas;Anoitecer;Decrescente;Ceu Claro;Múltipla;Reta;Urbano;2;2
83166699;2014-03-28;Sexta;16:00:00;SP;116;101.0;PINDAMONHANGABA;Outras;Colisão lateral;Sem Vítimas;Pleno dia;Crescente;Ceu Claro;Dupla;Reta;Urbano;2;2
83166747;2014-03-29;Sábado;11:55:00;SP;116;211.0;GUARULHOS;Falta de atenção;Colisão lateral;Sem Vítimas;Pleno dia;Decrescente;Sol;Múltipla;Reta;Urbano;2;2
83166824;2014-03-26;Quarta;18:20:00;SP;116;138.0;SAO JOSE DOS CAMPOS;Outras;Colisão lateral;Com Vítimas Feridas;Anoitecer;Crescente;Nublado;Dupla;Reta;Rural;2;2
83166843;2014-03-26;Quarta;17:45:00;SP;116;157.3;SAO JOSE DOS CAMPOS;Falta de atenção;Colisão lateral;Com Vítimas Feridas;Anoitecer;Decrescente;Ceu Claro;Múltipla;Reta;Rural;3;2
83166850;2014-03-21;Sexta;18:00:00;SP;116;105.4;TAUBATE;Não guardar distância de segurança;Colisão traseira;Com Vítimas Feridas;Anoitecer;Crescente;Nublado;Múltipla;Curva;Urbano;4;3
83166864;2014-03-27;Quinta;17:45:00;SP;116;150.0;SAO JOSE DOS CAMPOS;Falta de atenção;Colisão lateral;Com Vítimas Feridas;Amanhecer;Crescente;Ceu Claro;Dupla;Reta;Rural;2;2
83166882;2014-03-25;Terça;22:15:00;SP;116;136.7;SAO JOSE DOS CAMPOS;Outras;Colisão lateral;Sem Vítimas;Plena noite;Crescente;Ceu Claro;Dupla;Reta;Urbano;2;2
83166885;2014-03-27;Quinta;20:20:00;SP;116;214.0;GUARULHOS;Falta de atenção;Colisão traseira;Com Vítimas Feridas;Plena noite;Crescente;Ceu Claro;Múltipla;Reta;Urbano;3;3
83166922;2014-03-29;Sábado;11:35:00;SP;116;112.0;TAUBATE;Velocidade incompatível;Colisão traseira;Com Vítimas Feridas;Pleno dia;Decrescente;Sol;Dupla;Reta;Urbano;3;2
83166961;2014-03-28;Sexta;15:55:00;SP;116;133.4;CACAPAVA;Outras;Tombamento;Sem Vítimas;Pleno dia;Decrescente;Ceu Claro;Dupla;Reta;Urbano;1;1
83166964;2014-03-29;Sábado;15:45:00;SP;116;131.7;CACAPAVA;Outras;Tombamento;Com Vítimas Feridas;Pleno dia;Crescente;Sol;Dupla;Reta;Urbano;3;1
83166981;2014-03-22;Sábado;04:00:00;SP;116;104.0;TAUBATE;Não guardar distância de segurança;Colisão traseira;Com Vítimas Feridas;Amanhecer;Decrescente;Ceu Claro;Dupla;Reta;Urbano;3;2
83167018;2014-03-26;Quarta;07:42:00;SP;116;103.4;TAUBATE;Falta de atenção;Colisão traseira;Com Vítimas Feridas;Pleno dia;Crescente;Ceu Claro;Dupla;Reta;Urbano;2;2
83167024;2014-03-21;Sexta;10:30:00;SP;116;139.4;SAO JOSE DOS CAMPOS;Defeito mecânico em veículo;Colisão com objeto fixo;Sem Vítimas;Pleno dia;Decrescente;Ceu Claro;Dupla;Reta;Rural;1;1
83167033;2014-03-21;Sexta;23:30:00;SP;116;107.1;TAUBATE;Outras;Colisão traseira;Com Vítimas Fatais;Plena noite;Decrescente;Ignorada;Dupla;Reta;Rural;2;2
83167129;2014-03-27;Quinta;20:45:00;SP;116;99.0;PINDAMONHANGABA;Ingestão de álcool;Atropelamento de pessoa;Com Vítimas Feridas;Plena noite;Decrescente;Nublado;Dupla;Reta;Urbano;2;1
83167141;2014-03-29;Sábado;22:40:00;SP;116;145.0;SAO JOSE DOS CAMPOS;Falta de atenção;Colisão lateral;Sem Vítimas;Plena noite;Crescente;Ceu Claro;Múltipla;Reta;Urbano;3;3
83167189;2014-03-26;Quarta;22:20:00;SP;116;221.0;GUARULHOS;Falta de atenção;Colisão traseira;Sem Vítimas;Plena noite;Decrescente;Ceu Claro;Múltipla;Reta;Urbano;3;3
83167248;2014-03-26;Quarta;22:00:00;SP;116;212.0;GUARULHOS;Falta de atenção;Colisão traseira;Sem Vítimas;Plena noite;Crescente;Ceu Claro;Simples;Reta;Urbano;2;2
83167258;2014-03-20;Quinta;08:00:00;SP;116;219.0;GUARULHOS;Outras;Colisão lateral;Com Vítimas Feridas;Pleno dia;Crescente;Ceu Claro;Múltipla;Reta;Urbano;2;2
83167270;2014-03-26;Quarta;07:25:00;SP;116;103.7;TAUBATE;Falta de atenção;Colisão traseira;Sem Vítimas;Pleno dia;Decrescente;Nublado;Dupla;Reta;Rural;2;2
83167276;2014-03-23;Domingo;05:15:00;SP;116;220.2;GUARULHOS;Ingestão de álcool;Colisão com objeto fixo;Sem Vítimas;Amanhecer;Decrescente;Nublado;Múltipla;Reta;Urbano;1;1
83167279;2014-03-28;Sexta;19:20:00;SP;116;114.0;TAUBATE;Não guardar distância de segurança;Colisão lateral;Sem Vítimas;Plena noite;Decrescente;Ceu Claro;Dupla;Reta;Urbano;3;3
83167280;2014-03-26;Quarta;21:00:00;SP;116;219.0;GUARULHOS;Falta de atenção;Colisão traseira;Sem Vítimas;Pleno dia;Crescente;Sol;Múltipla;Reta;Urbano;2;2
83167284;2014-03-19;Quarta;09:20:00;SP;116;112.2;TAUBATE;Falta de atenção;Colisão lateral;Sem Vítimas;Pleno dia;Decrescente;Sol;Dupla;Reta;Urbano;2;2
83167288;2014-03-26;Quarta;16:35:00;SP;116;222.3;GUARULHOS;Não guardar distância de segurança;Colisão lateral;Com Vítimas Fatais;Pleno dia;Crescente;Nublado;Múltipla;Reta;Urbano;3;3
83167292;2014-03-26;Quarta;22:40:00;SP;116;204.0;ARUJA;Falta de atenção;Colisão traseira;Sem Vítimas;Plena noite;Crescente;Ceu Claro;Dupla;Reta;Urbano;2;2
83167376;2014-03-26;Quarta;07:30:00;SP;116;224.0;GUARULHOS;Falta de atenção;Colisão lateral;Com Vítimas Feridas;Amanhecer;Crescente;Ceu Claro;Múltipla;Reta;Urbano;2;2
83167404;2014-03-28;Sexta;14:50:00;SP;116;211.0;GUARULHOS;Não guardar distância de segurança;Colisão com objeto móvel;Sem Vítimas;Pleno dia;Decrescente;Ceu Claro;Dupla;Reta;Urbano;1;1
83167432;2014-03-23;Domingo;06:41:00;SP;116;124.2;CACAPAVA;Falta de atenção;Colisão traseira;Sem Vítimas;Amanhecer;Crescente;Ceu Claro;Dupla;Reta;Rural;2;2
83167451;2014-03-26;Quarta;12:30:00;SP;116;182.0;SANTA ISABEL;Falta de atenção;Colisão traseira;Sem Vítimas;Pleno dia;Decrescente;Ceu Claro;Dupla;Reta;Urbano;2;2
83167529;2014-03-27;Quinta;14:50:00;SP;116;174.0;JACAREI;Defeito mecânico em veículo;Colisão traseira;Sem Vítimas;Pleno dia;Decrescente;Ceu Claro;Dupla;Reta;Rural;2;2
83167594;2014-03-30;Domingo;21:01:00;SP;116;112.6;TAUBATE;Falta de atenção;Colisão traseira;Sem Vítimas;Plena noite;Decrescente;Nublado;Dupla;Reta;Urbano;2;2
83167721;2014-03-27;Quinta;13:30:00;SP;116;142.0;SAO JOSE DOS CAMPOS;Falta de atenção;Colisão lateral;Sem Vítimas;Pleno dia;Decrescente;Ceu Claro;Dupla;Reta;Urbano;2;2
83167745;2014-03-20;Quinta;17:30:00;SP;116;225.0;GUARULHOS;Falta de atenção;Colisão traseira;Sem Vítimas;Pleno dia;Decrescente;Ceu Claro;Múltipla;Reta;Urbano;2;2
83167761;2014-03-23;Domingo;15:50:00;SP;116;208.0;GUARULHOS;Outras;Colisão traseira;Sem Vítimas;Pleno dia;Crescente;Ceu Claro;Múltipla;Reta;Urbano;2;2
83167799;2014-03-29;Sábado;13:20:00;SP;116;183.2;SANTA ISABEL;Outras;Capotamento;Sem Vítimas;Pleno dia;Crescente;Ceu Claro;Dupla;Reta;Rural;1;1
83167818;2014-03-27;Quinta;17:00:00;SP;116;213.6;GUARULHOS;Outras;Colisão lateral;Com Vítimas Feridas;Pleno dia;Decrescente;Ceu Claro;Múltipla;Reta;Urbano;2;2
83167856;2014-03-27;Quinta;19:20:00;SP;116;99.0;PINDAMONHANGABA;Falta de atenção;Colisão lateral;Sem Vítimas;Plena noite;Decrescente;Chuva;Dupla;Reta;Rural;4;4
83167938;2014-03-31;Segunda;07:23:00;SP;116;229.8;SAO PAULO;Outras;Colisão traseira;Com Vítimas Feridas;Pleno dia;Crescente;Nublado;Múltipla;Reta;Urbano;2;2
83167942;2014-03-28;Sexta;06:40:00;SP;116;103.0;PINDAMONHANGABA;Outras;Saída de Pista;Com Vítimas Feridas;Amanhecer;Decrescente;Ceu Claro;Dupla;Reta;Rural;1;1
83167971;2014-03-31;Segunda;09:30:00;SP;116;153.2;SAO JOSE DOS CAMPOS;Não guardar distância de segurança;Colisão lateral;Sem Vítimas;Pleno dia;Decrescente;Ceu Claro;Dupla;Reta;Urbano;2;2
83167973;2014-03-31;Segunda;12:50:00;SP;116;215.0;GUARULHOS;Outras;Colisão traseira;Sem Vítimas;Pleno dia;Decrescente;Nublado;Múltipla;Reta;Urbano;2;2
83167981;2014-03-31;Segunda;15:30:00;SP;116;211.0;GUARULHOS;Outras;Colisão traseira;Sem Vítimas;Pleno dia;Crescente;Chuva;Múltipla;Reta;Urbano;2;2
83167985;2014-03-31;Segunda;08:45:00;SP;116;216.0;GUARULHOS;Falta de atenção;Colisão traseira;Sem Vítimas;Pleno dia;Crescente;Nublado;Múltipla;Reta;Urbano;2;2
83168019;2014-03-29;Sábado;22:40:00;SP;116;215.0;GUARULHOS;Falta de atenção;Colisão traseira;Sem Vítimas;Plena noite;Crescente;Ceu Claro;Múltipla;Reta;Urbano;2;2
83168095;2014-03-28;Sexta;19:00:00;SP;116;112.4;TAUBATE;Outras;Colisão traseira;Sem Vítimas;Anoitecer;Decrescente;Ceu Claro;Simples;Reta;Urbano;3;3
83168110;2014-03-26;Quarta;18:25:00;SP;116;162.0;JACAREI;Não guardar distância de segurança;Colisão traseira;Sem Vítimas;Anoitecer;Decrescente;Ceu Claro;Dupla;Reta;Rural;2;2
83168144;2014-03-29;Sábado;07:50:00;SP;116;165.0;JACAREI;Falta de atenção;Colisão traseira;Com Vítimas Feridas;Pleno dia;Crescente;Ceu Claro;Múltipla;Reta;Rural;4;2
83168201;2014-04-01;Terça;08:25:00;SP;116;216.7;GUARULHOS;Ultrapassagem indevida;Colisão com objeto fixo;Sem Vítimas;Pleno dia;Crescente;Ceu Claro;Múltipla;Reta;Urbano;1;1
83168272;2014-03-28;Sexta;19:30:00;SP;116;148.3;SAO JOSE DOS CAMPOS;Falta de atenção;Colisão traseira;Sem Vítimas;Anoitecer;Decrescente;Ceu Claro;Múltipla;Reta;Urbano;2;2
83168275;2014-03-28;Sexta;19:00:00;SP;116;116.0;TAUBATE;Falta de atenção;Colisão traseira;Sem Vítimas;Plena noite;Decrescente;Ceu Claro;Dupla;Reta;Urbano;3;3
83168346;2014-04-01;Terça;08:00:00;SP;116;141.0;SAO JOSE DOS CAMPOS;Outras;Colisão traseira;Sem Vítimas;Pleno dia;Crescente;Sol;Dupla;Reta;Urbano;3;3
83168425;2014-04-01;Terça;07:50:00;SP;116;219.0;GUARULHOS;Falta de atenção;Colisão traseira;Com Vítimas Feridas;Pleno dia;Crescente;Sol;Múltipla;Reta;Urbano;2;2
83168479;2014-03-28;Sexta;21:25:00;SP;116;159.0;JACAREI;Falta de atenção;Colisão traseira;Com Vítimas Feridas;Plena noite;Decrescente;Ceu Claro;Dupla;Reta;Urbano;2;2
83168499;2014-04-01;Terça;18:45:00;SP;116;210.0;GUARULHOS;Falta de atenção;Colisão lateral;Com Vítimas Feridas;Anoitecer;Decrescente;Nublado;Simples;Reta;Urbano;3;2
83168552;2014-03-28;Sexta;19:45:00;SP;116;117.0;TAUBATE;Outras;Colisão traseira;Com Vítimas Feridas;Plena noite;Decrescente;Ceu Claro;Dupla;Reta;Urbano;2;2
83168555;2014-04-01;Terça;18:00:00;SP;116;148.3;SAO JOSE DOS CAMPOS;Não guardar distância de segurança;Colisão traseira;Sem Vítimas;Pleno dia;Decrescente;Nublado;Múltipla;Reta;Urbano;3;3
83168568;2014-04-01;Terça;18:41:00;SP;116;103.1;TAUBATE;Outras;Queda de motocicleta / bicicleta / veículo;Com Vítimas Feridas;Plena noite;Crescente;Nublado;Dupla;Reta;Urbano;2;2
83168639;2014-03-21;Sexta;19:45:00;SP;116;147.0;SAO JOSE DOS CAMPOS;Outras;Colisão lateral;Sem Vítimas;Plena noite;Decrescente;Chuva;Dupla;Reta;Urbano;2;2
83168681;2014-04-01;Terça;15:20:00;SP;116;187.5;SANTA ISABEL;Outras;Saída de Pista;Sem Vítimas;Pleno dia;Decrescente;Chuva;Dupla;Curva;Urbano;1;1
83168719;2014-03-31;Segunda;18:20:00;SP;116;105.0;TAUBATE;Animais na Pista;Atropelamento de animal;Com Vítimas Feridas;Anoitecer;Crescente;Nublado;Dupla;Reta;Rural;2;1
83168755;2014-03-31;Segunda;18:17:00;SP;116;105.0;TAUBATE;Animais na Pista;Atropelamento de animal;Sem Vítimas;Anoitecer;Decrescente;Nublado;Dupla;Reta;Rural;2;2
83168771;2014-04-02;Quarta;08:00:00;SP;116;155.0;SAO JOSE DOS CAMPOS;Não guardar distância de segurança;Colisão traseira;Sem Vítimas;Pleno dia;Decrescente;Ceu Claro;Dupla;Reta;Urbano;2;2
83168811;2014-04-02;Quarta;08:00:00;SP;116;227.0;GUARULHOS;Falta de atenção;Colisão lateral;Com Vítimas Feridas;Pleno dia;Crescente;Ceu Claro;Múltipla;Reta;Urbano;2;2
83168956;2014-04-02;Quarta;14:10:00;SP;116;228.0;SAO PAULO;Não guardar distância de segurança;Colisão traseira;Sem Vítimas;Pleno dia;Decrescente;Sol;Dupla;Reta;Urbano;2;2
83169005;2014-04-02;Quarta;09:20:00;SP;116;222.0;GUARULHOS;Outras;Colisão traseira;Sem Vítimas;Pleno dia;Decrescente;Sol;Múltipla;Reta;Urbano;4;4
83169272;2014-03-29;Sábado;02:50:00;SP;116;227.0;GUARULHOS;Não guardar distância de segurança;Colisão lateral;Com Vítimas Feridas;Plena noite;Decrescente;Ceu Claro;Múltipla;Reta;Urbano;2;2
83169361;2014-03-31;Segunda;13:10:00;SP;116;190.0;SANTA ISABEL;Outras;Tombamento;Com Vítimas Feridas;Pleno dia;Crescente;Chuva;Dupla;Curva;Rural;1;1
83169364;2014-03-31;Segunda;19:00:00;SP;116;206.0;GUARULHOS;Falta de atenção;Colisão traseira;Sem Vítimas;Plena noite;Crescente;Nublado;Múltipla;Reta;Urbano;2;2
83169373;2014-03-31;Segunda;16:00:00;SP;116;219.0;GUARULHOS;Não guardar distância de segurança;Colisão traseira;Sem Vítimas;Pleno dia;Crescente;Chuva;Múltipla;Reta;Urbano;4;4
83169382;2014-04-01;Terça;12:30:00;SP;116;145.5;SAO JOSE DOS CAMPOS;Outras;Colisão lateral;Com Vítimas Feridas;Pleno dia;Crescente;Ceu Claro;Dupla;Reta;Rural;2;2
83169402;2014-03-31;Segunda;01:45:00;SP;116;101.9;PINDAMONHANGABA;Falta de atenção;Tombamento;Com Vítimas Feridas;Plena noite;Crescente;Ceu Claro;Dupla;Reta;Rural;2;2
83169403;2014-04-02;Quarta;05:40:00;SP;116;165.0;JACAREI;Não guardar distância de segurança;Colisão traseira;Sem Vítimas;Amanhecer;Crescente;Ceu Claro;Múltipla;Reta;Rural;2;2
83169407;2014-04-03;Quinta;08:45:00;SP;116;109.0;TAUBATE;Defeito mecânico em veículo;Incêndio;Sem Vítimas;Pleno dia;Decrescente;Ceu Claro;Dupla;Reta;Urbano;1;1
83169418;2014-04-02;Quarta;07:30:00;SP;116;157.0;SAO JOSE DOS CAMPOS;Não guardar distância de segurança;Colisão traseira;Sem Vítimas;Pleno dia;Decrescente;Ceu Claro;Dupla;Reta;Urbano;2;2
83169476;2014-03-30;Domingo;18:10:00;SP;116;222.0;GUARULHOS;Ingestão de álcool;Colisão lateral;Com Vítimas Feridas;Anoitecer;Crescente;Nublado;Múltipla;Reta;Urbano;2;2
83169482;2014-03-30;Domingo;13:40:00;SP;116;139.0;SAO JOSE DOS CAMPOS;Não guardar distância de segurança;Colisão traseira;Sem Vítimas;Pleno dia;Crescente;Ceu Claro;Dupla;Reta;Rural;3;3
83169484;2014-04-03;Quinta;05:25:00;SP;116;154.0;SAO JOSE DOS CAMPOS;Outras;Colisão com objeto fixo;Sem Vítimas;Plena noite;Decrescente;Ceu Claro;Múltipla;Reta;Urbano;1;1
83169509;2014-04-03;Quinta;17:12:00;SP;116;155.0;SAO JOSE DOS CAMPOS;Não guardar distância de segurança;Colisão traseira;Sem Vítimas;Pleno dia;Crescente;Ceu Claro;Dupla;Reta;Urbano;2;2