id;data_inversa;dia_semana;horario;uf;br;km;municipio;causa_acidente;tipo_acidente;classificacao_acidente;fase_dia;sentido_via;condicao_metereologica;tipo_pista;tracado_via;uso_solo;pessoas;veiculos
83175010;2014-04-12;Sábado;05:00:00;SP;116;204.0;ARUJA;Falta de atenção;Colisão traseira;Sem Vítimas;Pleno dia;Decrescente;Sol;Dupla;Reta;Urbano;2;2
83175067;2014-04-07;Segunda;19:15:00;SP;116;109.0;TAUBATE;Falta de atenção;Colisão lateral;Com Vítimas Feridas;Plena noite;Crescente;Ceu Claro;Múltipla;Reta;Urbano;2;2
83175111;2014-04-15;Terça;14:36:00;SP;116;121.0;CACAPAVA;Outras;Colisão traseira;Sem Vítimas;Pleno dia;Decrescente;Chuva;Dupla;Reta;Rural;5;5
83175194;2014-04-07;Segunda;11:00:00;SP;116;154.0;SAO JOSE DOS CAMPOS;Outras;Colisão traseira;Sem Vítimas;Pleno dia;Crescente;Ceu Claro;Dupla;Reta;Urbano;3;3
83175213;2014-04-15;Terça;18:15:00;SP;116;201.0;ARUJA;Outras;Queda de motocicleta / bicicleta / veículo;Com Vítimas Feridas;Anoitecer;Decrescente;Chuva;Simples;Curva;Urbano;1;1
83175353;2014-04-15;Terça;19:00:00;SP;116;225.0;GUARULHOS;Não guardar distância de segurança;Colisão traseira;Sem Vítimas;Plena noite;Decrescente;Chuva;Múltipla;Reta;Urbano;3;3
83175402;2014-04-11;Sexta;06:30:00;SP;116;219.0;GUARULHOS;Velocidade incompatível;Colisão Transversal;Com Vítimas Feridas;Amanhecer;Crescente;Nublado;Múltipla;Curva;Urbano;2;2
83175423;2014-03-07;Sexta;18:10:00;SP;116;205.5;GUARULHOS;Desobediência à sinalização;Colisão frontal;Com Vítimas Feridas;Plena noite;Decrescente;Chuva;Múltipla;Reta;Urbano;2;2
83175451;2014-04-14;Segunda;13:00:00;SP;116;229.4;SAO PAULO;Falta de atenção;Colisão traseira;Sem Vítimas;Pleno dia;Crescente;Sol;Múltipla;Reta;Urbano;2;2
83175524;2014-04-12;Sábado;18:25:00;SP;116;118.9;CACAPAVA;Outras;Colisão traseira;Sem Vítimas;Plena noite;Crescente;Nublado;Dupla;Reta;Urbano;2;2
83175578;2014-04-13;Domingo;00:30:00;SP;116;147.5;SAO JOSE DOS CAMPOS;Falta de atenção;Colisão traseira;Sem Vítimas;Plena noite;Crescente;Chuva;Múltipla;Reta;Urbano;3;3
83175591;2014-04-13;Domingo;04:20:00;SP;116;106.0;TAUBATE;Dormindo;Colisão traseira;Sem Vítimas;Plena noite;Crescente;Chuva;Dupla;Reta;Urbano;2;2
83175629;2014-04-15;Terça;18:40:00;SP;116;153.8;SAO JOSE DOS CAMPOS;Não guardar distância de segurança;Colisão traseira;Com Vítimas Feridas;Plena noite;Decrescente;Chuva;Dupla;Reta;Urbano;2;2
83175690;2014-04-10;Quinta;19:40:00;SP;116;143.6;SAO JOSE DOS CAMPOS;Outras;Colisão traseira;Sem Vítimas;Plena noite;Decrescente;Ceu Claro;Dupla;Reta;Urbano;3;3
83175696;2014-04-11;Sexta;10:00:00;SP;116;129.0;CACAPAVA;Não guardar distância de segurança;Colisão traseira;Sem Vítimas;Pleno dia;Decrescente;Nublado;Dupla;Reta;Urbano;2;2
83175704;2014-04-13;Domingo;22:46:00;SP;116;216.0;GUARULHOS;Outras;Atropelamento de pessoa;Com Vítimas Feridas;Plena noite;Crescente;Nublado;Múltipla;Reta;Urbano;3;1
83175716;2014-04-11;Sexta;18:20:00;SP;116;136.3;SAO JOSE DOS CAMPOS;Falta de atenção;Colisão lateral;Com Vítimas Feridas;Plena noite;Crescente;Nublado;Dupla;Reta;Urbano;6;2
83175749;2014-03-27;Quinta;18:00:00;SP;116;114.0;TAUBATE;Falta de atenção;Colisão traseira;Sem Vítimas;Anoitecer;Decrescente;Ceu Claro;Dupla;Reta;Urbano;2;2
83175779;2014-04-10;Quinta;19:40:00;SP;116;146.0;SAO JOSE DOS CAMPOS;Outras;Colisão lateral;Sem Vítimas;Plena noite;Decrescente;Nublado;Dupla;Reta;Urbano;2;2
83175786;2014-04-16;Quarta;12:40:00;SP;116;210.0;GUARULHOS;Falta de atenção;Colisão lateral;Sem Vítimas;Pleno dia;Decrescente;Ceu Claro;Múltipla;Reta;Urbano;2;2
83175804;2014-04-14;Segunda;18:10:00;SP;116;148.0;SAO JOSE DOS CAMPOS;Outras;Colisão traseira;Sem Vítimas;Plena noite;Decrescente;Chuva;Dupla;Reta;Urbano;3;3
83175806;2014-04-14;Segunda;18:30:00;SP;116;210.0;GUARULHOS;Falta de atenção;Colisão lateral;Sem Vítimas;Plena noite;Decrescente;Ceu Claro;Múltipla;Reta;Urbano;2;2
83175872;2014-04-16;Quarta;19:00:00;SP;116;212.0;GUARULHOS;Não guardar distância de segurança;Colisão traseira;Sem Vítimas;Plena noite;Crescente;Nublado;Múltipla;Reta;Urbano;2;2
83175884;2014-04-16;Quarta;19:00:00;SP;116;142.3;SAO JOSE DOS CAMPOS;Outras;Colisão traseira;Sem Vítimas;Plena noite;Decrescente;Nublado;Dupla;Reta;Urbano;5;5
83176141;2014-04-10;Quinta;11:00:00;SP;116;227.0;GUARULHOS;Falta de atenção;Colisão lateral;Sem Vítimas;Pleno dia;Crescente;Ceu Claro;Múltipla;Reta;Urbano;2;2
83176241;2014-04-17;Quinta;12:00:00;SP;116;220.0;GUARULHOS;Não guardar distância de segurança;Colisão lateral;Com Vítimas Feridas;Pleno dia;Crescente;Ceu Claro;Múltipla;Reta;Urbano;3;2
83176280;2014-04-17;Quinta;11:50:00;SP;116;116.3;TAUBATE;Não guardar distância de segurança;Colisão traseira;Com Vítimas Feridas;Pleno dia;Decrescente;Sol;Dupla;Reta;Urbano;2;2
83176306;2014-04-17;Quinta;08:20:00;SP;116;217.1;GUARULHOS;Desobediência à sinalização;Colisão com objeto fixo;Sem Vítimas;Pleno dia;Crescente;Ceu Claro;Múltipla;Reta;Urbano;2;2
83176324;2014-04-14;Segunda;06:52:00;SP;116;109.3;TAUBATE;Não guardar distância de segurança;Colisão traseira;Sem Vítimas;Pleno dia;Crescente;Chuva;Dupla;Reta;Urbano;2;2
83176355;2014-04-16;Quarta;16:30:00;SP;116;219.0;GUARULHOS;Outras;Colisão traseira;Sem Vítimas;Pleno dia;Decrescente;Nublado;Múltipla;Reta;Urbano;4;4
83176536;2014-04-17;Quinta;16:30:00;SP;116;213.0;GUARULHOS;Falta de atenção;Colisão traseira;Sem Vítimas;Pleno dia;Crescente;Nublado;Múltipla;Reta;Urbano;2;2
83176557;2014-03-28;Sexta;18:10:00;SP;116;216.0;GUARULHOS;Outras;Colisão lateral;Sem Vítimas;Anoitecer;Crescente;Nublado;Múltipla;Curva;Urbano;2;2
83176577;2014-04-11;Sexta;08:00:00;SP;116;146.0;SAO JOSE DOS CAMPOS;Não guardar distância de segurança;Colisão traseira;Com Vítimas Feridas;Pleno dia;Crescente;Ceu Claro;Dupla;Reta;Urbano;2;2
83176787;2014-04-17;Quinta;19:30:00;SP;116;160.4;JACAREI;Outras;Colisão traseira;Sem Vítimas;Plena noite;Decrescente;Ceu Claro;Dupla;Reta;Urbano;3;3
83176788;2014-04-16;Quarta;07:15:00;SP;116;182.0;SANTA ISABEL;Outras;Colisão com objeto fixo;Sem Vítimas;Pleno dia;Decrescente;Ceu Claro;Dupla;Reta;Urbano;2;2
83176894;2014-04-12;Sábado;04:45:00;SP;116;141.8;SAO JOSE DOS CAMPOS;Outras;Colisão com objeto fixo;Com Vítimas Feridas;Plena noite;Crescente;Nublado;Dupla;Reta;Urbano;4;1
83176942;2014-04-18;Sexta;11:00:00;SP;116;162.0;JACAREI;Falta de atenção;Colisão traseira;Sem Vítimas;Pleno dia;Decrescente;Ceu Claro;Dupla;Reta;Urbano;2;2
83176971;2014-04-18;Sexta;11:00:00;SP;116;164.0;JACAREI;Falta de atenção;Colisão traseira;Sem Vítimas;Pleno dia;Decrescente;Sol;Dupla;Reta;Urbano;3;3
83176974;2014-04-14;Segunda;23:40:00;SP;116;174.5;JACAREI;Outras;Saída de Pista;Com Vítimas Fatais;Plena noite;Crescente;Nublado;Dupla;Reta;Rural;1;1
83177019;2014-04-17;Quinta;19:00:00;SP;116;159.0;JACAREI;Não guardar distância de segurança;Atropelamento de pessoa;Com Vítimas Feridas;Plena noite;Decrescente;Ceu Claro;Simples;Reta;Urbano;2;1
83177027;2014-04-18;Sexta;13:00:00;SP;116;128.1;CACAPAVA;Outras;Colisão com objeto fixo;Com Vítimas Feridas;Pleno dia;Crescente;Sol;Dupla;Reta;Urbano;1;1
83177093;2014-04-18;Sexta;07:30:00;SP;116;131.0;CACAPAVA;Outras;Colisão traseira;Sem Vítimas;Pleno dia;Decrescente;Ceu Claro;Dupla;Reta;Urbano;3;3
83177119;2014-04-18;Sexta;02:20:00;SP;116;212.0;GUARULHOS;Falta de atenção;Colisão lateral;Sem Vítimas;Plena noite;Crescente;Nublado;Múltipla;Reta;Urbano;2;2
83177125;2014-04-15;Terça;18:20:00;SP;116;112.5;TAUBATE;Não guardar distância de segurança;Colisão traseira;Com Vítimas Feridas;Anoitecer;Decrescente;Nublado;Dupla;Reta;Urbano;9;2
83177139;2014-04-17;Quinta;16:35:00;SP;116;204.0;ARUJA;Outras;Colisão com objeto fixo;Sem Vítimas;Pleno dia;Decrescente;Ceu Claro;Dupla;Reta;Urbano;1;1
83177186;2014-04-17;Quinta;17:30:00;SP;116;203.0;ARUJA;Não guardar distância de segurança;Colisão traseira;Sem Vítimas;Pleno dia;Decrescente;Ceu Claro;Simples;Reta;Rural;2;2
83177235;2014-04-18;Sexta;09:00:00;SP;116;210.0;GUARULHOS;Falta de atenção;Colisão traseira;Sem Vítimas;Pleno dia;Crescente;Ceu Claro;Múltipla;Reta;Urbano;2;2
83177352;2014-04-18;Sexta;21:45:00;SP;116;120.8;CACAPAVA;Outras;Colisão lateral;Com Vítimas Feridas;Plena noite;Crescente;Ceu Claro;Dupla;Reta;Urbano;3;2
83177493;2014-04-17;Quinta;20:00:00;SP;116;120.7;CACAPAVA;Não guardar distância de segurança;Colisão traseira;Sem Vítimas;Plena noite;Decrescente;Ceu Claro;Dupla;Reta;Rural;3;3
83177498;2014-04-16;Quarta;18:00:00;SP;116;118.0;TAUBATE;Falta de atenção;Colisão traseira;Sem Vítimas;Plena noite;Decrescente;Chuva;Dupla;Reta;Urbano;2;2
83177546;2014-04-17;Quinta;17:10:00;SP;116;204.0;ARUJA;Falta de atenção;Colisão traseira;Sem Vítimas;Pleno dia;Crescente;Sol;Dupla;Reta;Urbano;2;2
83177572;2014-04-15;Terça;20:00:00;SP;116;222.0;GUARULHOS;Falta de atenção;Colisão lateral;Sem Vítimas;Plena noite;Crescente;Ceu Claro;Simples;Reta;Urbano;2;2
83177576;2014-04-11;Sexta;18:20:00;SP;116;133.4;CACAPAVA;Não guardar distância de segurança;Colisão traseira;Sem Vítimas;Plena noite;Crescente;Ceu Claro;Múltipla;Reta;Rural;2;2
83177617;2014-04-15;Terça;08:10:00;SP;116;226.0;GUARULHOS;Não guardar distância de segurança;Colisão lateral;Com Vítimas Feridas;Pleno dia;Decrescente;Ceu Claro;Múltipla;Reta;Urbano;2;2
83177631;2014-04-15;Terça;18:40:00;SP;116;224.0;GUARULHOS;Defeito mecânico em veículo;Queda de motocicleta / bicicleta / veículo;Com Vítimas Feridas;Plena noite;Decrescente;Chuva;Múltipla;Reta;Urbano;2;1
83177640;2014-04-15;Terça;13:00:00;SP;116;215.4;GUARULHOS;Outras;Colisão traseira;Com Vítimas Feridas;Pleno dia;Crescente;Nublado;Múltipla;Reta;Urbano;3;3
83177671;2014-04-19;Sábado;10:18:00;SP;116;180.9;GUARAREMA;Outras;Atropelamento de animal;Sem Vítimas;Pleno dia;Decrescente;Ceu Claro;Dupla;Reta;Rural;1;1
83177685;2014-04-19;Sábado;11:00:00;SP;116;123.0;CACAPAVA;Não guardar distância de segurança;Colisão traseira;Sem Vítimas;Pleno dia;Decrescente;Ceu Claro;Dupla;Reta;Rural;3;3
83177747;2014-04-13;Domingo;02:40:00;SP;116;154.0;SAO JOSE DOS CAMPOS;Outras;Colisão traseira;Sem Vítimas;Plena noite;Crescente;Ceu Claro;Dupla;Reta;Urbano;2;2
83177777;2014-04-16;Quarta;07:20:00;SP;116;214.6;GUARULHOS;Não guardar distância de segurança;Colisão traseira;Com Vítimas Feridas;Pleno dia;Crescente;Nublado;Múltipla;Reta;Urbano;2;2
83177800;2014-04-12;Sábado;23:10:00;SP;116;146.9;SAO JOSE DOS CAMPOS;Outras;Capotamento;Ignorado;Plena noite;Decrescente;Ceu Claro;Dupla;Reta;Urbano;1;1
83177965;2014-04-16;Quarta;18:10:00;SP;116;131.2;CACAPAVA;Falta de atenção;Colisão traseira;Sem Vítimas;Plena noite;Crescente;Ceu Claro;Dupla;Reta;Rural;2;2
83177984;2014-04-17;Quinta;14:30:00;SP;116;213.0;GUARULHOS;Não guardar distância de segurança;Colisão traseira;Sem Vítimas;Plena noite;Crescente;Ceu Claro;Múltipla;Reta;Urbano;3;3
83178026;2014-04-16;Quarta;15:00:00;SP;116;212.0;GUARULHOS;Defeito mecânico em veículo;Colisão traseira;Sem Vítimas;Pleno dia;Crescente;Ceu Claro;Múltipla;Reta;Urbano;2;2
83178045;2014-04-18;Sexta;06:50:00;SP;116;108.5;TAUBATE;Ingestão de álcool;Colisão traseira;Com Vítimas Fatais;Pleno dia;Crescente;Ceu Claro;Dupla;Reta;Urbano;5;3
83178051;2014-04-16;Quarta;09:10:00;SP;116;227.0;SAO PAULO;Não guardar distância de segurança;Colisão traseira;Sem Vítimas;Pleno dia;Crescente;Ceu Claro;Múltipla;Reta;Urbano;3;3
83178055;2014-04-16;Quarta;20:45:00;SP;116;211.1;GUARULHOS;Outras;Atropelamento de pessoa;Com Vítimas Feridas;Plena noite;Crescente;Nublado;Múltipla;Reta;Urbano;2;1
83178092;2014-04-17;Quinta;21:10:00;SP;116;219.0;GUARULHOS;Falta de atenção;Colisão com objeto móvel;Sem Vítimas;Plena noite;Decrescente;Nublado;Múltipla;Reta;Urbano;1;1
83178126;2014-04-15;Terça;18:50:00;SP;116;225.0;GUARULHOS;Falta de atenção;Colisão lateral;Sem Vítimas;Plena noite;Decrescente;Chuva;Múltipla;Cruzamento;Urbano;2;2
83178131;2014-04-08;Terça;11:30:00;SP;116;225.0;GUARULHOS;Outras;Colisão traseira;Sem Vítimas;Pleno dia;Decrescente;Ceu Claro;Múltipla;Reta;Urbano;3;3
83178138;2014-04-09;Quarta;06:50:00;SP;116;223.0;GUARULHOS;Outras;Colisão lateral;Com Vítimas Feridas;Pleno dia;Crescente;Ceu Claro;Múltipla;Reta;Urbano;3;2
83178150;2014-04-13;Domingo;00:30:00;SP;116;212.0;GUARULHOS;Outras;Colisão traseira;Sem Vítimas;Plena noite;Decrescente;Chuva;Múltipla;Reta;Urbano;3;3
83178161;2014-04-16;Quarta;17:00:00;SP;116;228.0;SAO PAULO;Falta de atenção;Colisão traseira;Sem Vítimas;Pleno dia;Crescente;Sol;Múltipla;Reta;Urbano;2;2
83178164;2014-04-18;Sexta;14:50:00;SP;116;110.9;TAUBATE;Velocidade incompatível;Colisão lateral;Sem Vítimas;Pleno dia;Decrescente;Ceu Claro;Dupla;Reta;Urbano;2;2
83178267;2014-04-16;Quarta;21:45:00;SP;116;149.2;SAO JOSE DOS CAMPOS;Outras;Atropelamento de pessoa;Com Vítimas Fatais;Plena noite;Decrescente;Ceu Claro;Múltipla;Reta;Urbano;2;1
83178448;2014-04-17;Quinta;00:30:00;SP;116;174.2;JACAREI;Ingestão de álcool;Colisão com objeto fixo;Sem Vítimas;Plena noite;Decrescente;Nublado;Dupla;Reta;Rural;1;1
83178483;2014-04-13;Domingo;01:17:00;SP;116;154.5;SAO JOSE DOS CAMPOS;Falta de atenção;Colisão com objeto fixo;Sem Vítimas;Plena noite;Decrescente;Chuva;Dupla;Reta;Urbano;1;1
83178491;2014-04-15;Terça;12:00:00;SP;116;222.0;GUARULHOS;Falta de atenção;Colisão lateral;Sem Vítimas;Pleno dia;Crescente;Ceu Claro;Simples;Reta;Urbano;2;2
83178591;2014-04-21;Segunda;11:00:00;SP;116;160.0;JACAREI;Falta de atenção;Colisão traseira;Sem Vítimas;Pleno dia;Crescente;Ceu Claro;Dupla;Reta;Urbano;4;4
83178636;2014-04-17;Quinta;17:20:00;SP;116;115.7;TAUBATE;Falta de atenção;Colisão lateral;Com Vítimas Feridas;Pleno dia;Decrescente;Ceu Claro;Dupla;Reta;Urbano;2;2
83178638;2014-04-17;Quinta;17:15:00;SP;116;180.8;GUARAREMA;Outras;Colisão com objeto móvel;Sem Vítimas;Pleno dia;Crescente;Ceu Claro;Simples;Reta;Rural;1;1
83178671;2014-04-17;Quinta;22:50:00;SP;116;111.2;TAUBATE;Outras;Colisão lateral;Sem Vítimas;Plena noite;Crescente;Ceu Claro;Dupla;Reta;Urbano;2;2
83178709;2014-04-14;Segunda;07:40:00;SP;116;221.0;GUARULHOS;Falta de atenção;Colisão lateral;Com Vítimas Feridas;Pleno dia;Decrescente;Ceu Claro;Múltipla;Reta;Urbano;2;2
83178718;2014-04-17;Quinta;20:00:00;SP;116;117.7;TAUBATE;Falta de atenção;Colisão traseira;Com Vítimas Feridas;Plena noite;Decrescente;Nublado;Dupla;Reta;Urbano;5;4
83178792;2014-04-03;Quinta;00:45:00;SP;116;227.6;SAO PAULO;Outras;Capotamento;Sem Vítimas;Plena noite;Decrescente;Ceu Claro;Múltipla;Reta;Urbano;1;1
83178828;2014-04-18;Sexta;07:20:00;SP;116;124.3;CACAPAVA;Falta de atenção;Colisão traseira;Sem Vítimas;Pleno dia;Decrescente;Sol;Dupla;Reta;Urbano;4;4
83178979;2014-04-14;Segunda;06:50:00;SP;116;140.0;SAO JOSE DOS CAMPOS;Outras;Queda de motocicleta / bicicleta / veículo;Com Vítimas Feridas;Amanhecer;Crescente;Ceu Claro;Simples;Reta;Rural;1;1
83179112;2014-04-22;Terça;08:30:00;SP;116;219.0;GUARULHOS;Falta de atenção;Colisão Transversal;Com Vítimas Feridas;Pleno dia;Crescente;Nublado;Simples;Reta;Urbano;2;2
83179175;2014-04-20;Domingo;18:00:00;SP;116;112.5;TAUBATE;Outras;Colisão traseira;Sem Vítimas;Plena noite;Crescente;Nublado;Dupla;Reta;Urbano;3;3
83179186;2014-04-17;Quinta;19:10:00;SP;116;148.0;SAO JOSE DOS CAMPOS;Outras;Queda de motocicleta / bicicleta / veículo;Com Vítimas Feridas;Plena noite;Decrescente;Ceu Claro;Simples;Reta;Urbano;1;1
83179187;2014-04-22;Terça;08:00:00;SP;116;143.5;SAO JOSE DOS CAMPOS;Não guardar distância de segurança;Colisão traseira;Sem Vítimas;Pleno dia;Crescente;Nublado;Dupla;Reta;Urbano;2;2
83179268;2014-04-14;Segunda;09:45:00;SP;116;229.0;SAO PAULO;Falta de atenção;Colisão lateral;Sem Vítimas;Pleno dia;Crescente;Chuva;Múltipla;Reta;Urbano;2;2
83179406;2014-04-22;Terça;18:20:00;SP;116;224.0;GUARULHOS;Não guardar distância de segurança;Colisão traseira;Sem Vítimas;Anoitecer;Decrescente;Ceu Claro;Múltipla;Reta;Urbano;2;2
83179426;2014-04-21;Segunda;13:30:00;SP;116;211.5;GUARULHOS;Não guardar distância de segurança;Colisão traseira;Sem Vítimas;Pleno dia;Crescente;Sol;Múltipla;Reta;Urbano;2;2
83179486;2014-04-18;Sexta;02:00:00;SP;116;214.0;GUARULHOS;Falta de atenção;Colisão com objeto fixo;Sem Vítimas;Plena noite;Decrescente;Ceu Claro;Múltipla;Reta;Urbano;2;2
83179516;2014-04-22;Terça;09:35:00;SP;116;142.0;SAO JOSE DOS CAMPOS;Não guardar distância de segurança;Colisão traseira;Sem Vítimas;Pleno dia;Crescente;Nublado;Dupla;Reta;Urbano;2;2
83179556;2014-03-31;Segunda;08:40:00;SP;116;217.0;GUARULHOS;Falta de atenção;Colisão traseira;Sem Vítimas;Pleno dia;Crescente;Sol;Múltipla;Reta;Urbano;2;2
83179565;2014-04-10;Quinta;12:00:00;SP;116;219.0;GUARULHOS;Defeito mecânico em veículo;Colisão lateral;Com Vítimas Feridas;Pleno dia;Decrescente;Sol;Múltipla;Reta;Urbano;2;2
83179571;2014-03-27;Quinta;18:30:00;SP;116;225.0;GUARULHOS;Falta de atenção;Queda de motocicleta / bicicleta / veículo;Com Vítimas Feridas;Anoitecer;Crescente;Ceu Claro;Múltipla;Reta;Urbano;2;2
83179619;2014-04-13;Domingo;06:52:00;SP;116;99.0;PINDAMONHANGABA;Outras;Queda de motocicleta / bicicleta / veículo;Com Vítimas Feridas;Amanhecer;Crescente;Ceu Claro;Simples;Curva;Urbano;1;1
83179799;2014-04-23;Quarta;07:50:00;SP;116;229.0;SAO PAULO;Falta de atenção;Colisão traseira;Sem Vítimas;Pleno dia;Crescente;Nublado;Múltipla;Reta;Urbano;2;2
83179859;2014-04-23;Quarta;12:30:00;SP;116;211.0;GUARULHOS;Não guardar distância de segurança;Colisão traseira;Sem Vítimas;Pleno dia;Decrescente;Nublado;Múltipla;Reta;Urbano;2;2
83179899;2014-04-17;Quinta;22:50:00;SP;116;204.0;ARUJA;Falta de atenção;Colisão lateral;Sem Vítimas;Plena noite;Decrescente;Nublado;Simples;Reta;Urbano;2;2
83179926;2014-04-22;Terça;06:50:00;SP;116;223.0;GUARULHOS;Não guardar distância de segurança;Colisão traseira;Sem Vítimas;Pleno dia;Crescente;Nublado;Simples;Reta;Urbano;2;2
83179983;2014-04-06;Domingo;21:00:00;SP;116;227.6;GUARULHOS;Outras;Colisão traseira;Sem Vítimas;Plena noite;Decrescente;Ceu Claro;Múltipla;Reta;Urbano;2;2
83179992;2014-04-14;Segunda;09:40:00;SP;116;210.9;GUARULHOS;Outras;Colisão lateral;Com Vítimas Fatais;Pleno dia;Crescente;Ceu Claro;Múltipla;Reta;Urbano;3;2
83180003;2014-04-15;Terça;06:00:00;SP;116;227.9;SAO PAULO;Falta de atenção;Colisão traseira;Sem Vítimas;Amanhecer;Crescente;Ceu Claro;Múltipla;Reta;Urbano;2;2
83180011;2014-04-20;Domingo;03:00:00;SP;116;102.5;PINDAMONHANGABA;Outras;Colisão lateral;Ignorado;Plena noite;Crescente;Nublado;Dupla;Reta;Rural;2;2
83180135;2014-04-24;Quinta;05:45:00;SP;116;204.0;ARUJA;Falta de atenção;Colisão lateral;Sem Vítimas;Amanhecer;Decrescente;Nublado;Simples;Reta;Urbano;2;2
83180182;2014-04-17;Quinta;12:10:00;SP;116;117.0;TAUBATE;Falta de atenção;Colisão traseira;Sem Vítimas;Pleno dia;Decrescente;Sol;Dupla;Reta;Rural;2;2
83180242;2014-04-17;Quinta;15:45:00;SP;116;116.2;TAUBATE;Outras;Colisão traseira;Sem Vítimas;Pleno dia;Decrescente;Ceu Claro;Simples;Reta;Rural;3;3
83180257;2014-04-21;Segunda;11:45:00;SP;116;102.6;PINDAMONHANGABA;Falta de atenção;Colisão traseira;Sem Vítimas;Pleno dia;Crescente;Sol;Dupla;Reta;Rural;5;5
83180311;2014-04-21;Segunda;12:20:00;SP;116;100.8;PINDAMONHANGABA;Falta de atenção;Colisão traseira;Sem Vítimas;Pleno dia;Crescente;Sol;Dupla;Reta;Rural;2;2
83180335;2014-04-21;Segunda;12:55:00;SP;116;100.8;PINDAMONHANGABA;Falta de atenção;Colisão traseira;Sem Vítimas;Pleno dia;Crescente;Sol;Dupla;Reta;Rural;2;2
83180338;2014-04-16;Quarta;19:00:00;SP;116;155.1;SAO JOSE DOS CAMPOS;Não guardar distância de segurança;Colisão traseira;Sem Vítimas;Plena noite;Crescente;Ceu Claro;Múltipla;Reta;Urbano;3;3
83180375;2014-04-17;Quinta;05:10:00;SP;116;165.0;JACAREI;Falta de atenção;Colisão lateral;Sem Vítimas;Amanhecer;Crescente;Ceu Claro;Dupla;Reta;Urbano;2;2
83180409;2014-04-22;Terça;16:30:00;SP;116;186.0;SANTA ISABEL;Outras;Colisão traseira;Sem Vítimas;Pleno dia;Decrescente;Ceu Claro;Dupla;Reta;Rural;3;3
83180480;2014-04-16;Quarta;12:15:00;SP;116;160.0;JACAREI;Não guardar distância de segurança;Colisão traseira;Sem Vítimas;Pleno dia;Crescente;Ceu Claro;Dupla;Reta;Urbano;2;2
83180586;2014-04-24;Quinta;17:00:00;SP;116;226.5;GUARULHOS;Defeito mecânico em veículo;Colisão traseira;Com Vítimas Feridas;Anoitecer;Crescente;Nublado;Múltipla;Reta;Urbano;2;2
83180599;2014-04-20;Domingo;20:00:00;SP;116;203.0;ARUJA;Falta de atenção;Colisão traseira;Sem Vítimas;Plena noite;Crescente;Chuva;Dupla;Reta;Urbano;4;4
83180715;2014-04-21;Segunda;19:20:00;SP;116;221.0;GUARULHOS;Outras;Colisão com objeto fixo;Sem Vítimas;Plena noite;Decrescente;Ceu Claro;Múltipla;Reta;Urbano;1;1
83180716;2014-04-10;Quinta;17:00:00;SP;116;216.0;GUARULHOS;Outras;Colisão traseira;Sem Vítimas;Pleno dia;Decrescente;Ceu Claro;Múltipla;Reta;Urbano;2;2
83180753;2014-04-24;Quinta;08:25:00;SP;116;219.0;GUARULHOS;Não guardar distância de segurança;Colisão traseira;Sem Vítimas;Pleno dia;Decrescente;Chuva;Múltipla;Reta;Urbano;3;3
83180767;2014-04-17;Quinta;19:20:00;SP;116;124.0;CACAPAVA;Falta de atenção;Colisão traseira;Sem Vítimas;Plena noite;Decrescente;Ceu Claro;Simples;Reta;Rural;2;2
83180799;2014-04-25;Sexta;09:20:00;SP;116;220.0;GUARULHOS;Outras;Colisão lateral;Sem Vítimas;Pleno dia;Crescente;Nublado;Múltipla;Reta;Urbano;2;2
83180876;2014-04-17;Quinta;12:30:00;SP;116;217.0;GUARULHOS;Falta de atenção;Colisão lateral;Sem Vítimas;Pleno dia;Decrescente;Nublado;Simples;Reta;Urbano;2;2
83180896;2014-03-28;Sexta;17:30:00;SP;116;218.0;GUARULHOS;Falta de atenção;Colisão traseira;Com Vítimas Feridas;Pleno dia;Crescente;Nublado;Simples;Reta;Urbano;3;3
83180979;2014-04-25;Sexta;13:25:00;SP;116;214.0;GUARULHOS;Não guardar distância de segurança;Colisão traseira;Com Vítimas Feridas;Pleno dia;Crescente;Sol;Múltipla;Reta;Urbano;2;2
83180999;2014-04-25;Sexta;19:10:00;SP;116;155.0;SAO JOSE DOS CAMPOS;Não guardar distância de segurança;Colisão traseira;Sem Vítimas;Plena noite;Crescente;Nublado;Dupla;Reta;Urbano;3;3
83181016;2014-04-25;Sexta;17:30:00;SP;116;155.0;SAO JOSE DOS CAMPOS;Falta de atenção;Colisão traseira;Sem Vítimas;Anoitecer;Crescente;Ceu Claro;Múltipla;Reta;Urbano;2;2
83181034;2014-04-25;Sexta;18:15:00;SP;116;219.0;GUARULHOS;Não guardar distância de segurança;Colisão traseira;Sem Vítimas;Anoitecer;Crescente;Ceu Claro;Múltipla;Reta;Urbano;2;2
83181050;2014-04-22;Terça;10:00:00;SP;116;218.0;GUARULHOS;Falta de atenção;Colisão traseira;Sem Vítimas;Pleno dia;Decrescente;Ceu Claro;Múltipla;Reta;Urbano;2;2