id;data_inversa;dia_semana;horario;uf;br;km;municipio;causa_acidente;tipo_acidente;classificacao_acidente;fase_dia;sentido_via;condicao_metereologica;tipo_pista;tracado_via;uso_solo;pessoas;veiculos
83186617;2014-05-06;Terça;18:20:00;SP;116;148.5;SAO JOSE DOS CAMPOS;Outras;Colisão traseira;Com Vítimas Feridas;Plena noite;Decrescente;Nublado;Dupla;Reta;Urbano;2;2
83186722;2014-05-08;Quinta;07:15:00;SP;116;146.1;SAO JOSE DOS CAMPOS;Não guardar distância de segurança;Colisão traseira;Com Vítimas Feridas;Pleno dia;Decrescente;Ceu Claro;Dupla;Reta;Urbano;2;2
83186743;2014-05-08;Quinta;07:45:00;SP;116;145.2;SAO JOSE DOS CAMPOS;Desobediência à sinalização;Colisão lateral;Sem Vítimas;Pleno dia;Crescente;Ceu Claro;Dupla;Reta;Urbano;2;2
83186768;2014-05-08;Quinta;01:00:00;SP;116;154.1;SAO JOSE DOS CAMPOS;Velocidade incompatível;Capotamento;Sem Vítimas;Plena noite;Decrescente;Ceu Claro;Dupla;Reta;Urbano;1;1
83186800;2014-05-04;Domingo;14:30:00;SP;116;216.0;GUARULHOS;Falta de atenção;Colisão lateral;Sem Vítimas;Pleno dia;Crescente;Ceu Claro;Múltipla;Reta;Urbano;2;2
83186817;2014-05-08;Quinta;09:00:00;SP;116;132.8;CACAPAVA;Não guardar distância de segurança;Colisão traseira;Com Vítimas Feridas;Pleno dia;Crescente;Sol;Dupla;Reta;Urbano;8;7
83186827;2014-05-08;Quinta;07:10:00;SP;116;225.0;GUARULHOS;Não guardar distância de segurança;Colisão traseira;Sem Vítimas;Pleno dia;Decrescente;Ceu Claro;Múltipla;Reta;Urbano;3;3
83186839;2014-05-05;Segunda;06:45:00;SP;116;157.0;SAO JOSE DOS CAMPOS;Não guardar distância de segurança;Colisão traseira;Sem Vítimas;Amanhecer;Decrescente;Ceu Claro;Dupla;Reta;Urbano;2;2
83186856;2014-05-08;Quinta;09:05:00;SP;116;132.9;CACAPAVA;Outras;Colisão lateral;Sem Vítimas;Pleno dia;Crescente;Ceu Claro;Dupla;Reta;Urbano;2;2
83186870;2014-05-08;Quinta;09:15:00;SP;116;132.0;CACAPAVA;Não guardar distância de segurança;Colisão traseira;Sem Vítimas;Pleno dia;Crescente;Ceu Claro;Dupla;Reta;Urbano;2;2
83186874;2014-05-08;Quinta;09:45:00;SP;116;128.4;CACAPAVA;Outras;Colisão traseira;Sem Vítimas;Pleno dia;Crescente;Ceu Claro;Dupla;Reta;Urbano;2;2
83186979;2014-05-04;Domingo;17:50:00;SP;116;109.8;TAUBATE;Não guardar distância de segurança;Colisão traseira;Sem Vítimas;Anoitecer;Crescente;Ceu Claro;Dupla;Reta;Urbano;2;2
83186980;2014-05-08;Quinta;16:50:00;SP;116;121.6;CACAPAVA;Velocidade incompatível;Colisão com objeto fixo;Sem Vítimas;Pleno dia;Crescente;Sol;Dupla;Reta;Urbano;1;1
83186984;2014-05-02;Sexta;18:20:00;SP;116;155.5;SAO JOSE DOS CAMPOS;Falta de atenção;Colisão traseira;Sem Vítimas;Plena noite;Crescente;Ceu Claro;Dupla;Reta;Urbano;3;3
83187060;2014-05-08;Quinta;20:15:00;SP;116;112.7;TAUBATE;Outras;Colisão lateral;Sem Vítimas;Plena noite;Decrescente;Ceu Claro;Dupla;Reta;Urbano;2;2
83187183;2014-05-09;Sexta;03:55:00;SP;116;165.0;JACAREI;Velocidade incompatível;Colisão traseira;Sem Vítimas;Plena noite;Crescente;Ceu Claro;Dupla;Reta;Urbano;2;2
83187200;2014-05-06;Terça;02:15:00;SP;116;102.9;PINDAMONHANGABA;Outras;Capotamento;Com Vítimas Feridas;Plena noite;Decrescente;Ceu Claro;Dupla;Reta;Rural;2;1
83187237;2014-04-23;Quarta;13:55:00;SP;116;146.0;SAO JOSE DOS CAMPOS;Falta de atenção;Colisão traseira;Sem Vítimas;Pleno dia;Crescente;Ceu Claro;Dupla;Reta;Urbano;2;2
83187273;2014-04-27;Domingo;18:00:00;SP;116;212.0;GUARULHOS;Falta de atenção;Atropelamento de pessoa;Com Vítimas Feridas;Anoitecer;Crescente;Ceu Claro;Múltipla;Reta;Urbano;2;1
83187285;2014-05-08;Quinta;08:15:00;SP;116;215.8;GUARULHOS;Falta de atenção;Colisão traseira;Com Vítimas Feridas;Pleno dia;Crescente;Sol;Múltipla;Reta;Urbano;3;3
83187318;2014-05-06;Terça;03:15:00;SP;116;100.8;PINDAMONHANGABA;Outras;Atropelamento de pessoa;Com Vítimas Fatais;Plena noite;Crescente;Nublado;Dupla;Reta;Rural;7;2
83187331;2014-05-09;Sexta;09:30:00;SP;116;222.0;GUARULHOS;Falta de atenção;Colisão traseira;Sem Vítimas;Pleno dia;Decrescente;Nublado;Dupla;Reta;Urbano;2;2
83187402;2014-05-05;Segunda;07:30:00;SP;116;214.0;GUARULHOS;Não guardar distância de segurança;Colisão traseira;Com Vítimas Feridas;Amanhecer;Crescente;Sol;Múltipla;Reta;Urbano;2;2
83187414;2014-05-05;Segunda;08:20:00;SP;116;212.8;GUARULHOS;Não guardar distância de segurança;Colisão traseira;Com Vítimas Feridas;Pleno dia;Crescente;Sol;Múltipla;Reta;Urbano;2;2
83187468;2014-05-05;Segunda;08:40:00;SP;116;133.0;SAO JOSE DOS CAMPOS;Não guardar distância de segurança;Colisão traseira;Sem Vítimas;Pleno dia;Crescente;Ceu Claro;Múltipla;Reta;Urbano;2;2
83187634;2014-05-05;Segunda;12:30:00;SP;116;224.0;GUARULHOS;Defeito mecânico em veículo;Colisão traseira;Sem Vítimas;Pleno dia;Crescente;Sol;Múltipla;Reta;Urbano;3;3
83187650;2014-05-06;Terça;10:15:00;SP;116;128.5;CACAPAVA;Outras;Colisão lateral;Sem Vítimas;Plena noite;Crescente;Ceu Claro;Dupla;Reta;Urbano;2;2
83187680;2014-05-04;Domingo;16:00:00;SP;116;103.9;TAUBATE;Não guardar distância de segurança;Colisão traseira;Sem Vítimas;Pleno dia;Crescente;Ceu Claro;Dupla;Reta;Urbano;2;2
83187743;2014-05-10;Sábado;05:00:00;SP;116;216.0;GUARULHOS;Ingestão de álcool;Colisão traseira;Sem Vítimas;Amanhecer;Decrescente;Nevoeiro/neblina;Múltipla;Reta;Urbano;2;2
83187755;2014-05-07;Quarta;06:00:00;SP;116;157.0;SAO JOSE DOS CAMPOS;Ingestão de álcool;Colisão lateral;Sem Vítimas;Amanhecer;Crescente;Ceu Claro;Dupla;Reta;Urbano;2;2
83187761;2014-05-09;Sexta;00:45:00;SP;116;124.5;CACAPAVA;Outras;Colisão lateral;Sem Vítimas;Amanhecer;Crescente;Ceu Claro;Dupla;Reta;Urbano;2;2
83187788;2014-05-10;Sábado;11:26:00;SP;116;122.4;CACAPAVA;Falta de atenção;Colisão traseira;Sem Vítimas;Pleno dia;Decrescente;Ceu Claro;Dupla;Reta;Rural;2;2
83187789;2014-05-06;Terça;17:10:00;SP;116;206.0;GUARULHOS;Falta de atenção;Colisão traseira;Sem Vítimas;Pleno dia;Decrescente;Ceu Claro;Dupla;Reta;Urbano;2;2
83187791;2014-05-07;Quarta;20:06:00;SP;116;228.0;SAO PAULO;Não guardar distância de segurança;Queda de motocicleta / bicicleta / veículo;Com Vítimas Feridas;Plena noite;Decrescente;Ceu Claro;Múltipla;Reta;Urbano;2;1
83187855;2014-05-10;Sábado;08:45:00;SP;116;135.3;SAO JOSE DOS CAMPOS;Não guardar distância de segurança;Colisão traseira;Sem Vítimas;Pleno dia;Decrescente;Ceu Claro;Simples;Reta;Rural;2;2
83187861;2014-05-10;Sábado;06:50:00;SP;116;135.2;SAO JOSE DOS CAMPOS;Não guardar distância de segurança;Colisão traseira;Sem Vítimas;Pleno dia;Crescente;Ceu Claro;Dupla;Reta;Urbano;3;3
83187882;2014-05-06;Terça;23:40:00;SP;116;140.0;SAO JOSE DOS CAMPOS;Outras;Colisão com objeto móvel;Sem Vítimas;Plena noite;Decrescente;Ceu Claro;Dupla;Reta;Rural;1;1
83187885;2014-05-09;Sexta;06:40:00;SP;116;219.0;GUARULHOS;Ingestão de álcool;Colisão lateral;Sem Vítimas;Pleno dia;Crescente;Ceu Claro;Múltipla;Reta;Urbano;2;2
83187899;2014-05-07;Quarta;06:10:00;SP;116;164.2;JACAREI;Outras;Colisão com objeto fixo;Sem Vítimas;Amanhecer;Decrescente;Ceu Claro;Dupla;Reta;Rural;1;1
83188105;2014-05-07;Quarta;01:05:00;SP;116;192.2;SANTA ISABEL;Dormindo;Saída de Pista;Sem Vítimas;Plena noite;Crescente;Ceu Claro;Dupla;Reta;Rural;1;1
83188127;2014-05-10;Sábado;17:50:00;SP;116;161.2;JACAREI;Outras;Saída de Pista;Sem Vítimas;Anoitecer;Crescente;Ceu Claro;Simples;Reta;Urbano;1;1
83188161;2014-05-08;Quinta;01:00:00;SP;116;185.0;SANTA ISABEL;Outras;Saída de Pista;Sem Vítimas;Plena noite;Crescente;Nevoeiro/neblina;Dupla;Reta;Rural;2;2
83188208;2014-05-06;Terça;07:50:00;SP;116;109.6;TAUBATE;Falta de atenção;Colisão traseira;Sem Vítimas;Amanhecer;Decrescente;Sol;Dupla;Reta;Urbano;2;2
83188289;2014-05-11;Domingo;14:20:00;SP;116;145.5;SAO JOSE DOS CAMPOS;Falta de atenção;Colisão traseira;Sem Vítimas;Pleno dia;Decrescente;Ceu Claro;Dupla;Reta;Urbano;2;2
83188352;2014-05-07;Quarta;10:00:00;SP;116;214.7;GUARULHOS;Outras;Colisão com objeto fixo;Sem Vítimas;Pleno dia;Decrescente;Nublado;Múltipla;Reta;Urbano;1;1
83188358;2014-05-11;Domingo;16:40:00;SP;116;161.0;JACAREI;Falta de atenção;Colisão traseira;Sem Vítimas;Pleno dia;Crescente;Sol;Dupla;Reta;Urbano;4;4
83188360;2014-04-18;Sexta;06:50:00;SP;116;214.0;GUARULHOS;Falta de atenção;Colisão lateral;Com Vítimas Feridas;Amanhecer;Decrescente;Nublado;Múltipla;Reta;Urbano;2;2
83188397;2014-04-29;Terça;08:30:00;SP;116;211.0;GUARULHOS;Não guardar distância de segurança;Colisão traseira;Sem Vítimas;Pleno dia;Decrescente;Sol;Múltipla;Reta;Urbano;3;3
83188409;2014-05-08;Quinta;19:15:00;SP;116;213.0;GUARULHOS;Falta de atenção;Colisão lateral;Sem Vítimas;Plena noite;Crescente;Ceu Claro;Múltipla;Reta;Urbano;2;2
83188419;2014-05-02;Sexta;19:30:00;SP;116;148.3;SAO JOSE DOS CAMPOS;Outras;Colisão traseira;Com Vítimas Feridas;Plena noite;Decrescente;Ceu Claro;Dupla;Reta;Urbano;8;4
83188420;2014-05-11;Domingo;18:00:00;SP;116;129.0;CACAPAVA;Dormindo;Colisão traseira;Sem Vítimas;Pleno dia;Decrescente;Ceu Claro;Dupla;Reta;Urbano;2;2
83188449;2014-04-25;Sexta;08:00:00;SP;116;225.0;GUARULHOS;Outras;Colisão lateral;Com Vítimas Feridas;Pleno dia;Crescente;Nublado;Múltipla;Reta;Urbano;5;5
83188476;2014-04-09;Quarta;19:30:00;SP;116;219.0;GUARULHOS;Outras;Colisão lateral;Sem Vítimas;Plena noite;Decrescente;Nublado;Múltipla;Reta;Urbano;2;2
83188489;2014-04-30;Quarta;06:00:00;SP;116;212.6;GUARULHOS;Desobediência à sinalização;Colisão traseira;Com Vítimas Feridas;Amanhecer;Decrescente;Nublado;Múltipla;Reta;Urbano;3;2
83188646;2014-05-09;Sexta;19:25:00;SP;116;147.8;SAO JOSE DOS CAMPOS;Falta de atenção;Colisão traseira;Sem Vítimas;Plena noite;Decrescente;Ceu Claro;Simples;Reta;Urbano;3;3
83188661;2014-05-10;Sábado;06:58:00;SP;116;148.0;SAO JOSE DOS CAMPOS;Falta de atenção;Colisão com objeto fixo;Com Vítimas Feridas;Amanhecer;Crescente;Ceu Claro;Simples;Reta;Urbano;1;1
83188668;2014-04-29;Terça;18:40:00;SP;116;211.0;GUARULHOS;Falta de atenção;Colisão lateral;Sem Vítimas;Anoitecer;Crescente;Nublado;Simples;Reta;Urbano;2;2
83188681;2014-05-11;Domingo;09:20:00;SP;116;222.0;GUARULHOS;Falta de atenção;Colisão lateral;Sem Vítimas;Pleno dia;Decrescente;Nublado;Simples;Reta;Urbano;2;2
83188689;2014-05-03;Sábado;19:45:00;SP;116;227.0;SAO PAULO;Falta de atenção;Colisão traseira;Sem Vítimas;Plena noite;Decrescente;Nublado;Simples;Reta;Urbano;2;2
83188703;2014-05-08;Quinta;00:10:00;SP;116;203.0;ARUJA;Falta de atenção;Capotamento;Com Vítimas Feridas;Plena noite;Decrescente;Nublado;Simples;Reta;Urbano;1;1
83188719;2014-05-12;Segunda;12:30:00;SP;116;161.0;JACAREI;Outras;Colisão com objeto móvel;Sem Vítimas;Pleno dia;Crescente;Ceu Claro;Dupla;Reta;Urbano;1;1
83188786;2014-05-12;Segunda;11:40:00;SP;116;106.3;TAUBATE;Outras;Colisão traseira;Com Vítimas Feridas;Pleno dia;Decrescente;Sol;Dupla;Reta;Urbano;2;2
83188817;2014-05-12;Segunda;09:20:00;SP;116;221.5;GUARULHOS;Falta de atenção;Colisão traseira;Sem Vítimas;Pleno dia;Decrescente;Sol;Múltipla;Reta;Urbano;2;2
83188988;2014-05-12;Segunda;08:00:00;SP;116;121.6;CACAPAVA;Outras;Colisão lateral;Sem Vítimas;Pleno dia;Crescente;Ceu Claro;Dupla;Reta;Urbano;2;2
83189037;2014-05-12;Segunda;23:05:00;SP;116;204.2;ARUJA;Outras;Colisão traseira;Sem Vítimas;Plena noite;Decrescente;Ceu Claro;Múltipla;Reta;Urbano;2;2
83189087;2014-05-09;Sexta;22:08:00;SP;116;142.2;SAO JOSE DOS CAMPOS;Outras;Atropelamento de pessoa;Com Vítimas Fatais;Plena noite;Crescente;Nublado;Dupla;Reta;Urbano;2;1
83189126;2014-05-07;Quarta;22:30:00;SP;116;222.0;GUARULHOS;Não guardar distância de segurança;Colisão traseira;Sem Vítimas;Pleno dia;Decrescente;Ceu Claro;Múltipla;Reta;Urbano;4;4
83189133;2014-05-08;Quinta;07:45:00;SP;116;165.0;JACAREI;Falta de atenção;Colisão lateral;Sem Vítimas;Pleno dia;Crescente;Ceu Claro;Simples;Reta;Rural;2;2
83189146;2014-05-05;Segunda;13:00:00;SP;116;222.0;GUARULHOS;Falta de atenção;Queda de motocicleta / bicicleta / veículo;Sem Vítimas;Pleno dia;Crescente;Ceu Claro;Simples;Reta;Urbano;2;2
83189170;2014-05-08;Quinta;12:01:00;SP;116;228.0;SAO PAULO;Falta de atenção;Colisão traseira;Sem Vítimas;Pleno dia;Crescente;Ceu Claro;Múltipla;Reta;Urbano;2;2
83189230;2014-05-09;Sexta;19:29:00;SP;116;148.1;SAO JOSE DOS CAMPOS;Não guardar distância de segurança;Colisão traseira;Sem Vítimas;Anoitecer;Decrescente;Ceu Claro;Dupla;Reta;Rural;2;2
83189235;2014-05-10;Sábado;06:45:00;SP;116;135.2;SAO JOSE DOS CAMPOS;Ingestão de álcool;Colisão traseira;Sem Vítimas;Pleno dia;Decrescente;Ceu Claro;Dupla;Reta;Urbano;2;2
83189250;2014-05-10;Sábado;01:30:00;SP;116;148.0;SAO JOSE DOS CAMPOS;Falta de atenção;Capotamento;Com Vítimas Feridas;Plena noite;Decrescente;Ceu Claro;Dupla;Reta;Rural;2;1
83189254;2014-05-09;Sexta;18:00:00;SP;116;225.4;GUARULHOS;Não guardar distância de segurança;Colisão traseira;Sem Vítimas;Plena noite;Decrescente;Nublado;Múltipla;Reta;Urbano;2;2
83189263;2014-05-13;Terça;06:20:00;SP;116;210.0;GUARULHOS;Falta de atenção;Colisão lateral;Com Vítimas Feridas;Amanhecer;Crescente;Nublado;Múltipla;Reta;Urbano;2;2
83189286;2014-05-13;Terça;10:00:00;SP;116;228.0;SAO PAULO;Não guardar distância de segurança;Colisão traseira;Sem Vítimas;Pleno dia;Crescente;Sol;Múltipla;Reta;Urbano;3;3
83189306;2014-05-09;Sexta;19:00:00;SP;116;138.0;SAO JOSE DOS CAMPOS;Não guardar distância de segurança;Colisão traseira;Sem Vítimas;Plena noite;Crescente;Ceu Claro;Múltipla;Reta;Urbano;3;3
83189370;2014-05-09;Sexta;10:00:00;SP;116;109.8;TAUBATE;Não guardar distância de segurança;Colisão traseira;Com Vítimas Feridas;Pleno dia;Decrescente;Nublado;Dupla;Reta;Urbano;8;4
83189382;2014-05-09;Sexta;22:00:00;SP;116;216.0;GUARULHOS;Outras;Atropelamento de pessoa;Com Vítimas Fatais;Plena noite;Decrescente;Nublado;Múltipla;Reta;Urbano;2;1
83189405;2014-05-10;Sábado;06:30:00;SP;116;139.3;SAO JOSE DOS CAMPOS;Não guardar distância de segurança;Colisão traseira;Com Vítimas Feridas;Amanhecer;Crescente;Ceu Claro;Múltipla;Reta;Urbano;4;3
83189440;2014-05-13;Terça;20:00:00;SP;116;147.0;SAO JOSE DOS CAMPOS;Falta de atenção;Colisão lateral;Sem Vítimas;Plena noite;Crescente;Ceu Claro;Dupla;Reta;Rural;2;2
83189445;2014-04-28;Segunda;07:00:00;SP;116;215.0;GUARULHOS;Falta de atenção;Colisão traseira;Sem Vítimas;Pleno dia;Crescente;Ceu Claro;Múltipla;Reta;Urbano;2;2
83189475;2014-04-28;Segunda;19:00:00;SP;116;217.0;GUARULHOS;Falta de atenção;Colisão traseira;Sem Vítimas;Plena noite;Crescente;Ceu Claro;Múltipla;Reta;Urbano;4;4
83189492;2014-05-13;Terça;15:20:00;SP;116;227.0;SAO PAULO;Outras;Saída de Pista;Sem Vítimas;Pleno dia;Decrescente;Sol;Múltipla;Reta;Urbano;1;1
83189518;2014-05-02;Sexta;12:20:00;SP;116;227.0;GUARULHOS;Outras;Colisão traseira;Sem Vítimas;Pleno dia;Crescente;Ceu Claro;Múltipla;Reta;Urbano;2;2
83189524;2014-04-30;Quarta;10:33:00;SP;116;224.0;GUARULHOS;Falta de atenção;Colisão traseira;Sem Vítimas;Pleno dia;Crescente;Ceu Claro;Múltipla;Reta;Urbano;3;3
83189530;2014-04-30;Quarta;15:40:00;SP;116;219.2;GUARULHOS;Falta de atenção;Colisão traseira;Sem Vítimas;Plena noite;Crescente;Ceu Claro;Múltipla;Reta;Urbano;3;3
83189544;2014-05-10;Sábado;19:00:00;SP;116;225.0;GUARULHOS;Falta de atenção;Colisão lateral;Com Vítimas Feridas;Plena noite;Decrescente;Ceu Claro;Múltipla;Reta;Urbano;2;2
83189546;2014-05-11;Domingo;03:40:00;SP;116;206.0;GUARULHOS;Ingestão de álcool;Colisão com objeto fixo;Sem Vítimas;Plena noite;Crescente;Chuva;Dupla;Reta;Urbano;1;1
83189823;2014-05-10;Sábado;21:50:00;SP;116;155.4;SAO JOSE DOS CAMPOS;Ingestão de álcool;Colisão com objeto fixo;Sem Vítimas;Pleno dia;Decrescente;Ceu Claro;Dupla;Reta;Urbano;1;1
83189889;2014-05-14;Quarta;16:00:00;SP;116;227.0;SAO PAULO;Falta de atenção;Colisão lateral;Sem Vítimas;Pleno dia;Decrescente;Nublado;Múltipla;Reta;Urbano;2;2
83189896;2014-05-10;Sábado;11:00:00;SP;116;213.5;GUARULHOS;Falta de atenção;Colisão traseira;Sem Vítimas;Pleno dia;Crescente;Sol;Múltipla;Reta;Urbano;2;2
83189908;2014-05-13;Terça;08:40:00;SP;116;149.5;SAO JOSE DOS CAMPOS;Não guardar distância de segurança;Colisão traseira;Sem Vítimas;Pleno dia;Decrescente;Ceu Claro;Simples;Reta;Urbano;3;3
83189919;2014-05-11;Domingo;05:40:00;SP;116;212.0;GUARULHOS;Falta de atenção;Colisão lateral;Sem Vítimas;Plena noite;Crescente;Chuva;Múltipla;Reta;Urbano;3;3
83189930;2014-05-11;Domingo;22:30:00;SP;116;204.0;GUARULHOS;Falta de atenção;Colisão com objeto fixo;Sem Vítimas;Plena noite;Crescente;Ceu Claro;Dupla;Reta;Urbano;1;1
83189932;2014-05-14;Quarta;09:30:00;SP;116;225.0;GUARULHOS;Falta de atenção;Colisão traseira;Sem Vítimas;Pleno dia;Decrescente;Ceu Claro;Múltipla;Reta;Urbano;2;2
83189980;2014-05-12;Segunda;20:45:00;SP;116;198.0;ARUJA;Ultrapassagem indevida;Colisão lateral;Sem Vítimas;Plena noite;Decrescente;Ceu Claro;Dupla;Reta;Urbano;3;3
83189983;2014-05-12;Segunda;20:10:00;SP;116;212.0;GUARULHOS;Outras;Colisão traseira;Sem Vítimas;Plena noite;Crescente;Ceu Claro;Múltipla;Reta;Urbano;2;2
83189986;2014-05-14;Quarta;20:50:00;SP;116;154.5;SAO JOSE DOS CAMPOS;Outras;Capotamento;Sem Vítimas;Plena noite;Decrescente;Nublado;Múltipla;Reta;Urbano;2;2
83190006;2014-05-12;Segunda;12:15:00;SP;116;153.0;SAO JOSE DOS CAMPOS;Não guardar distância de segurança;Colisão traseira;Sem Vítimas;Pleno dia;Decrescente;Ceu Claro;Dupla;Reta;Urbano;3;3
83190087;2014-05-14;Quarta;20:30:00;SP;116;143.4;SAO JOSE DOS CAMPOS;Outras;Incêndio;Sem Vítimas;Plena noite;Decrescente;Ceu Claro;Dupla;Reta;Urbano;1;1
83190156;2014-05-07;Quarta;22:50:00;SP;116;221.0;GUARULHOS;Falta de atenção;Colisão traseira;Sem Vítimas;Plena noite;Decrescente;Nublado;Simples;Reta;Urbano;3;3
83190215;2014-05-15;Quinta;10:40:00;SP;116;145.5;SAO JOSE DOS CAMPOS;Falta de atenção;Colisão lateral;Sem Vítimas;Pleno dia;Decrescente;Sol;Dupla;Reta;Urbano;2;2
83190235;2014-05-12;Segunda;08:00:00;SP;116;188.9;SANTA ISABEL;Outras;Colisão Transversal;Sem Vítimas;Pleno dia;Crescente;Ceu Claro;Dupla;Reta;Rural;2;2
83190237;2014-05-15;Quinta;09:45:00;SP;116;212.0;GUARULHOS;Falta de atenção;Colisão com objeto móvel;Sem Vítimas;Pleno dia;Crescente;Ceu Claro;Múltipla;Reta;Urbano;1;1
83190311;2014-05-15;Quinta;00:30:00;SP;116;227.0;SAO PAULO;Falta de atenção;Colisão lateral;Sem Vítimas;Plena noite;Decrescente;Nublado;Múltipla;Reta;Urbano;2;2
83190456;2014-05-15;Quinta;12:10:00;SP;116;223.5;GUARULHOS;Outras;Colisão lateral;Sem Vítimas;Pleno dia;Crescente;Sol;Múltipla;Reta;Urbano;2;2
83190473;2014-05-08;Quinta;19:30:00;SP;116;148.0;SAO JOSE DOS CAMPOS;Não guardar distância de segurança;Colisão traseira;Sem Vítimas;Plena noite;Decrescente;Nublado;Dupla;Reta;Urbano;2;2
83190494;2014-05-12;Segunda;17:30:00;SP;116;157.0;SAO JOSE DOS CAMPOS;Não guardar distância de segurança;Colisão traseira;Sem Vítimas;Plena noite;Crescente;Nublado;Dupla;Reta;Urbano;4;4
83190556;2014-05-12;Segunda;13:00:00;SP;116;229.0;SAO PAULO;Defeito mecânico em veículo;Queda de motocicleta / bicicleta / veículo;Com Vítimas Fatais;Pleno dia;Crescente;Ceu Claro;Múltipla;Reta;Urbano;3;2
83190603;2014-05-12;Segunda;17:45:00;SP;116;125.8;CACAPAVA;Falta de atenção;Colisão traseira;Com Vítimas Feridas;Anoitecer;Decrescente;Ceu Claro;Dupla;Reta;Urbano;4;2
83190723;2014-05-04;Domingo;21:00:00;SP;116;218.0;GUARULHOS;Defeito mecânico em veículo;Queda de motocicleta / bicicleta / veículo;Com Vítimas Feridas;Plena noite;Decrescente;Ceu Claro;Múltipla;Curva;Urbano;2;1
83190731;2014-05-16;Sexta;12:30:00;SP;116;226.0;GUARULHOS;Ultrapassagem indevida;Colisão traseira;Sem Vítimas;Pleno dia;Crescente;Ceu Claro;Múltipla;Reta;Urbano;2;2
83190845;2014-05-16;Sexta;16:00:00;SP;116;108.0;TAUBATE;Outras;Colisão lateral;Sem Vítimas;Pleno dia;Crescente;Sol;Dupla;Reta;Urbano;2;2
83190878;2014-05-10;Sábado;16:50:00;SP;116;229.0;SAO PAULO;Falta de atenção;Colisão lateral;Sem Vítimas;Pleno dia;Crescente;Ceu Claro;Múltipla;Reta;Urbano;2;2
83190905;2014-05-13;Terça;00:45:00;SP;116;117.5;TAUBATE;Outras;Tombamento;Sem Vítimas;Plena noite;Decrescente;Ceu Claro;Dupla;Reta;Urbano;2;2
83190935;2014-05-14;Quarta;22:45:00;SP;116;224.0;GUARULHOS;Outras;Colisão traseira;Sem Vítimas;Plena noite;Decrescente;Ceu Claro;Múltipla;Reta;Urbano;2;2
83190946;2014-05-16;Sexta;15:45:00;SP;116;132.5;CACAPAVA;Outras;Colisão traseira;Com Vítimas Feridas;Pleno dia;Crescente;Sol;Dupla;Reta;Urbano;4;2
83191067;2014-05-16;Sexta;12:30:00;SP;116;124.2;CACAPAVA;Falta de atenção;Colisão lateral;Sem Vítimas;Pleno dia;Decrescente;Sol;Dupla;Reta;Urbano;2;2
83191082;2014-05-02;Sexta;04:15:00;SP;116;198.0;ARUJA;Falta de atenção;Colisão traseira;Sem Vítimas;Plena noite;Crescente;Ceu Claro;Múltipla;Reta;Urbano;2;2
83191100;2014-05-06;Terça;23:00:00;SP;116;220.0;GUARULHOS;Falta de atenção;Colisão lateral;Sem Vítimas;Plena noite;Decrescente;Ceu Claro;Múltipla;Reta;Urbano;2;2
83191110;2014-05-05;Segunda;12:00:00;SP;116;212.0;GUARULHOS;Falta de atenção;Colisão traseira;Sem Vítimas;Pleno dia;Crescente;Ceu Claro;Múltipla;Reta;Urbano;2;2
83191186;2014-05-17;Sábado;10:18:00;SP;116;107.2;TAUBATE;Defeito mecânico em veículo;Colisão traseira;Com Vítimas Feridas;Pleno dia;Decrescente;Ceu Claro;Dupla;Reta;Rural;3;2
83191194;2014-05-05;Segunda;09:00:00;SP;116;165.0;JACAREI;Defeito mecânico em veículo;Danos Eventuais;Sem Vítimas;Pleno dia;Decrescente;Ceu Claro;Múltipla;Reta;Rural;1;1
83191219;2014-05-13;Terça;08:00:00;SP;116;148.0;SAO JOSE DOS CAMPOS;Não guardar distância de segurança;Colisão traseira;Sem Vítimas;Amanhecer;Decrescente;Ceu Claro;Dupla;Reta;Rural;2;2
83191277;2014-05-15;Quinta;20:50:00;SP;116;215.0;GUARULHOS;Ingestão de álcool;Colisão lateral;Sem Vítimas;Plena noite;Crescente;Ceu Claro;Múltipla;Reta;Urbano;2;2
83191314;2014-05-17;Sábado;15:30:00;SP;116;124.0;CACAPAVA;Defeito mecânico em veículo;Incêndio;Sem Vítimas;Pleno dia;Decrescente;Ceu Claro;Dupla;Reta;Urbano;1;1
83191350;2014-05-16;Sexta;11:50:00;SP;116;229.2;SAO PAULO;Falta de atenção;Colisão lateral;Sem Vítimas;Pleno dia;Crescente;Sol;Múltipla;Reta;Urbano;2;2
83191428;2014-05-16;Sexta;05:45:00;SP;116;217.0;GUARULHOS;Falta de atenção;Colisão lateral;Sem Vítimas;Amanhecer;Decrescente;Ceu Claro;Múltipla;Reta;Urbano;2;2
83191535;2014-05-14;Quarta;22:45:00;SP;116;224.1;GUARULHOS;Outras;Colisão traseira;Sem Vítimas;Plena noite;Decrescente;Ceu Claro;Múltipla;Reta;Urbano;4;4
83191588;2014-05-16;Sexta;02:27:00;SP;116;227.5;SAO PAULO;Falta de atenção;Colisão traseira;Com Vítimas Feridas;Plena noite;Decrescente;Ceu Claro;Múltipla;Reta;Urbano;2;2