id;data_inversa;dia_semana;horario;uf;br;km;municipio;causa_acidente;tipo_acidente;classificacao_acidente;fase_dia;sentido_via;condicao_metereologica;tipo_pista;tracado_via;uso_solo;pessoas;veiculos
83196678;2014-05-26;Segunda;10:58:00;SP;116;119.6;CACAPAVA;Defeito mecânico em veículo;Colisão com objeto fixo;Sem Vítimas;Pleno dia;Decrescente;Nublado;Dupla;Reta;Rural;1;1
83196709;2014-05-28;Quarta;22:26:00;SP;116;225.0;GUARULHOS;Não guardar distância de segurança;Colisão traseira;Sem Vítimas;Plena noite;Decrescente;Ceu Claro;Múltipla;Reta;Urbano;2;2
83196775;2014-05-28;Quarta;22:20:00;SP;116;219.0;GUARULHOS;Não guardar distância de segurança;Colisão lateral;Sem Vítimas;Plena noite;Decrescente;Ceu Claro;Múltipla;Reta;Urbano;2;2
83196910;2014-05-26;Segunda;12:00:00;SP;116;209.0;GUARULHOS;Outras;Queda de motocicleta / bicicleta / veículo;Sem Vítimas;Pleno dia;Decrescente;Sol;Múltipla;Reta;Urbano;1;1
83196969;2014-05-25;Domingo;08:50:00;SP;116;182.0;GUARAREMA;Defeito mecânico em veículo;Colisão com objeto fixo;Sem Vítimas;Pleno dia;Decrescente;Ceu Claro;Dupla;Reta;Urbano;1;1
83196984;2014-05-29;Quinta;09:30:00;SP;116;182.0;SANTA ISABEL;Falta de atenção;Colisão com objeto fixo;Sem Vítimas;Pleno dia;Decrescente;Ceu Claro;Dupla;Reta;Urbano;1;1
83197025;2014-05-23;Sexta;15:10:00;SP;116;111.0;TAUBATE;Outras;Colisão traseira;Sem Vítimas;Pleno dia;Crescente;Chuva;Dupla;Reta;Urbano;2;2
83197032;2014-05-22;Quinta;15:00:00;SP;116;123.5;CACAPAVA;Outras;Colisão com objeto fixo;Sem Vítimas;Pleno dia;Decrescente;Sol;Dupla;Reta;Rural;1;1
83197056;2014-05-30;Sexta;08:55:00;SP;116;142.5;SAO JOSE DOS CAMPOS;Outras;Colisão traseira;Sem Vítimas;Pleno dia;Crescente;Ceu Claro;Dupla;Reta;Urbano;3;3
83197086;2014-05-26;Segunda;12:30:00;SP;116;165.0;JACAREI;Outras;Colisão traseira;Sem Vítimas;Pleno dia;Decrescente;Ceu Claro;Múltipla;Reta;Rural;3;3
83197091;2014-02-06;Quinta;07:40:00;SP;116;222.0;GUARULHOS;Falta de atenção;Colisão traseira;Sem Vítimas;Pleno dia;Crescente;Ceu Claro;Múltipla;Reta;Urbano;2;2
83197169;2014-05-27;Terça;05:00:00;SP;116;202.0;ARUJA;Outras;Colisão traseira;Com Vítimas Feridas;Amanhecer;Decrescente;Nublado;Dupla;Reta;Urbano;3;2
83197194;2014-05-30;Sexta;09:30:00;SP;116;138.2;SAO JOSE DOS CAMPOS;Não guardar distância de segurança;Capotamento;Sem Vítimas;Pleno dia;Crescente;Ceu Claro;Dupla;Reta;Urbano;1;1
83197244;2014-05-23;Sexta;17:40:00;SP;116;226.0;GUARULHOS;Falta de atenção;Colisão traseira;Sem Vítimas;Pleno dia;Decrescente;Nublado;Simples;Reta;Urbano;2;2
83197261;2014-05-25;Domingo;17:40:00;SP;116;201.0;ARUJA;Falta de atenção;Atropelamento de pessoa;Com Vítimas Fatais;Anoitecer;Crescente;Chuva;Dupla;Reta;Rural;2;1
83197346;2014-05-30;Sexta;09:30:00;SP;116;218.6;GUARULHOS;Falta de atenção;Colisão traseira;Com Vítimas Feridas;Pleno dia;Crescente;Ceu Claro;Múltipla;Reta;Urbano;2;2
83197550;2014-05-30;Sexta;07:40:00;SP;116;153.3;SAO JOSE DOS CAMPOS;Falta de atenção;Colisão lateral;Com Vítimas Feridas;Pleno dia;Decrescente;Ceu Claro;Dupla;Reta;Urbano;2;2
83197566;2014-05-25;Domingo;04:20:00;SP;116;219.0;GUARULHOS;Outras;Colisão com objeto fixo;Sem Vítimas;Plena noite;Crescente;Nublado;Dupla;Reta;Urbano;1;1
83197590;2014-05-24;Sábado;19:00:00;SP;116;152.0;SAO JOSE DOS CAMPOS;Não guardar distância de segurança;Colisão traseira;Sem Vítimas;Plena noite;Decrescente;Ceu Claro;Dupla;Reta;Urbano;2;2
83197622;2014-05-27;Terça;07:54:00;SP;116;207.0;GUARULHOS;Falta de atenção;Colisão traseira;Sem Vítimas;Pleno dia;Crescente;Ceu Claro;Dupla;Reta;Urbano;2;2
83197635;2014-05-31;Sábado;08:10:00;SP;116;227.0;SAO PAULO;Outras;Colisão lateral;Sem Vítimas;Pleno dia;Decrescente;Nublado;Múltipla;Reta;Urbano;2;2
83197712;2014-05-31;Sábado;12:20:00;SP;116;150.0;SAO JOSE DOS CAMPOS;Falta de atenção;Colisão lateral;Sem Vítimas;Pleno dia;Crescente;Ceu Claro;Múltipla;Reta;Urbano;2;2
83197739;2014-05-31;Sábado;11:35:00;SP;116;204.0;ARUJA;Dormindo;Colisão com objeto fixo;Sem Vítimas;Pleno dia;Crescente;Ceu Claro;Dupla;Reta;Urbano;1;1
83197829;2014-05-31;Sábado;07:50:00;SP;116;101.5;PINDAMONHANGABA;Defeito mecânico em veículo;Colisão traseira;Com Vítimas Feridas;Pleno dia;Decrescente;Ceu Claro;Dupla;Reta;Rural;2;2
83197878;2014-05-27;Terça;23:15:00;SP;116;105.9;TAUBATE;Outras;Colisão traseira;Ignorado;Plena noite;Crescente;Nublado;Dupla;Reta;Urbano;2;2
83197886;2014-05-31;Sábado;09:09:00;SP;116;182.5;SANTA ISABEL;Falta de atenção;Colisão traseira;Com Vítimas Feridas;Pleno dia;Decrescente;Nublado;Dupla;Reta;Rural;2;2
83198015;2014-05-31;Sábado;12:00:00;SP;116;223.0;GUARULHOS;Falta de atenção;Colisão traseira;Sem Vítimas;Pleno dia;Crescente;Ceu Claro;Múltipla;Reta;Urbano;2;2
83198192;2014-05-21;Quarta;04:45:00;SP;116;203.0;ARUJA;Falta de atenção;Colisão Transversal;Sem Vítimas;Plena noite;Decrescente;Nublado;Simples;Reta;Urbano;2;2
83198214;2014-05-28;Quarta;13:00:00;SP;116;116.1;TAUBATE;Outras;Colisão com bicicleta;Com Vítimas Feridas;Pleno dia;Crescente;Nublado;Dupla;Reta;Urbano;2;2
83198268;2014-05-29;Quinta;07:30:00;SP;116;150.0;SAO JOSE DOS CAMPOS;Outras;Colisão lateral;Com Vítimas Feridas;Amanhecer;Crescente;Ceu Claro;Múltipla;Reta;Urbano;2;2
83198287;2014-06-01;Domingo;14:10:00;SP;116;216.0;GUARULHOS;Ultrapassagem indevida;Colisão traseira;Com Vítimas Feridas;Pleno dia;Crescente;Nublado;Múltipla;Reta;Urbano;5;2
83198301;2014-05-28;Quarta;19:30:00;SP;116;138.4;SAO JOSE DOS CAMPOS;Não guardar distância de segurança;Colisão traseira;Sem Vítimas;Plena noite;Decrescente;Nublado;Dupla;Reta;Urbano;2;2
83198364;2014-05-26;Segunda;14:50:00;SP;116;214.0;GUARULHOS;Outras;Colisão lateral;Sem Vítimas;Pleno dia;Decrescente;Nublado;Múltipla;Reta;Urbano;2;2
83198389;2014-05-22;Quinta;17:40:00;SP;116;219.0;GUARULHOS;Outras;Colisão com objeto fixo;Sem Vítimas;Anoitecer;Crescente;Chuva;Múltipla;Reta;Urbano;1;1
83198390;2014-05-28;Quarta;10:00:00;SP;116;130.6;CACAPAVA;Outras;Colisão com objeto fixo;Sem Vítimas;Pleno dia;Crescente;Nublado;Dupla;Reta;Urbano;1;1
83198420;2014-05-28;Quarta;19:00:00;SP;116;123.8;CACAPAVA;Não guardar distância de segurança;Colisão traseira;Sem Vítimas;Plena noite;Decrescente;Nublado;Dupla;Reta;Urbano;2;2
83198456;2014-05-31;Sábado;19:00:00;SP;116;228.0;SAO PAULO;Outras;Atropelamento de pessoa;Com Vítimas Fatais;Plena noite;Decrescente;Ceu Claro;Múltipla;Reta;Urbano;2;1
83198512;2014-05-30;Sexta;18:00:00;SP;116;117.0;TAUBATE;Não guardar distância de segurança;Colisão traseira;Sem Vítimas;Anoitecer;Decrescente;Ceu Claro;Dupla;Reta;Rural;3;3
83198718;2014-06-01;Domingo;04:40:00;SP;116;154.9;SAO JOSE DOS CAMPOS;Animais na Pista;Atropelamento de animal;Com Vítimas Fatais;Plena noite;Crescente;Nublado;Dupla;Reta;Urbano;9;7
83198742;2014-06-01;Domingo;19:00:00;SP;116;211.0;GUARULHOS;Falta de atenção;Colisão traseira;Sem Vítimas;Plena noite;Crescente;Ceu Claro;Múltipla;Reta;Urbano;2;2
83198754;2014-05-25;Domingo;22:05:00;SP;116;224.0;GUARULHOS;Outras;Colisão traseira;Sem Vítimas;Plena noite;Decrescente;Chuva;Múltipla;Reta;Urbano;4;4
83198773;2014-05-28;Quarta;16:00:00;SP;116;103.5;TAUBATE;Não guardar distância de segurança;Colisão traseira;Sem Vítimas;Pleno dia;Decrescente;Nublado;Dupla;Reta;Urbano;3;3
83198795;2014-05-25;Domingo;19:10:00;SP;116;105.0;TAUBATE;Não guardar distância de segurança;Colisão traseira;Sem Vítimas;Plena noite;Crescente;Ceu Claro;Dupla;Reta;Rural;3;3
83198804;2014-05-29;Quinta;18:00:00;SP;116;219.0;GUARULHOS;Outras;Colisão lateral;Sem Vítimas;Plena noite;Crescente;Nublado;Múltipla;Curva;Urbano;2;2
83198836;2014-05-30;Sexta;00:20:00;SP;116;228.9;GUARULHOS;Dormindo;Colisão com objeto fixo;Com Vítimas Feridas;Plena noite;Crescente;Nublado;Múltipla;Reta;Urbano;1;1
83198870;2014-05-29;Quinta;17:02:00;SP;116;103.9;TAUBATE;Falta de atenção;Colisão lateral;Sem Vítimas;Anoitecer;Crescente;Ceu Claro;Múltipla;Reta;Rural;2;2
83198925;2014-06-02;Segunda;12:30:00;SP;116;125.1;CACAPAVA;Velocidade incompatível;Tombamento;Sem Vítimas;Pleno dia;Crescente;Chuva;Múltipla;Reta;Rural;1;1
83198927;2014-05-21;Quarta;12:45:00;SP;116;201.0;ARUJA;Falta de atenção;Colisão traseira;Sem Vítimas;Pleno dia;Crescente;Ceu Claro;Dupla;Reta;Rural;2;2
83198938;2014-05-16;Sexta;15:00:00;SP;116;214.0;GUARULHOS;Outras;Colisão com objeto fixo;Sem Vítimas;Pleno dia;Decrescente;Sol;Múltipla;Reta;Urbano;2;2
83198942;2014-05-29;Quinta;20:30:00;SP;116;217.0;GUARULHOS;Defeito mecânico em veículo;Colisão traseira;Com Vítimas Feridas;Plena noite;Crescente;Nublado;Múltipla;Reta;Urbano;2;2
83198969;2014-05-29;Quinta;07:15:00;SP;116;226.0;GUARULHOS;Outras;Colisão lateral;Sem Vítimas;Pleno dia;Crescente;Ceu Claro;Múltipla;Reta;Urbano;2;2
83199005;2014-05-30;Sexta;05:30:00;SP;116;222.0;GUARULHOS;Outras;Colisão traseira;Sem Vítimas;Amanhecer;Crescente;Nublado;Múltipla;Reta;Urbano;2;2
83199019;2014-05-31;Sábado;18:50:00;SP;116;222.9;GUARULHOS;Defeito mecânico em veículo;Colisão traseira;Sem Vítimas;Anoitecer;Decrescente;Ceu Claro;Múltipla;Reta;Urbano;2;2
83199165;2014-05-27;Terça;08:05:00;SP;116;146.5;SAO JOSE DOS CAMPOS;Outras;Colisão traseira;Sem Vítimas;Pleno dia;Decrescente;Ceu Claro;Dupla;Reta;Urbano;3;3
83199204;2014-05-25;Domingo;06:20:00;SP;116;209.0;GUARULHOS;Falta de atenção;Colisão Transversal;Com Vítimas Feridas;Pleno dia;Decrescente;Chuva;Dupla;Reta;Urbano;2;2
83199206;2014-05-30;Sexta;18:15:00;SP;116;119.5;CACAPAVA;Falta de atenção;Colisão traseira;Com Vítimas Feridas;Plena noite;Decrescente;Ceu Claro;Dupla;Reta;Rural;6;5
83199217;2014-05-30;Sexta;15:04:00;SP;116;112.4;TAUBATE;Não guardar distância de segurança;Colisão traseira;Com Vítimas Feridas;Pleno dia;Decrescente;Sol;Dupla;Reta;Urbano;4;4
83199244;2014-06-01;Domingo;05:30:00;SP;116;153.0;SAO JOSE DOS CAMPOS;Outras;Colisão lateral;Sem Vítimas;Amanhecer;Crescente;Nublado;Dupla;Reta;Urbano;2;2
83199284;2014-05-30;Sexta;14:30:00;SP;116;128.4;CACAPAVA;Outras;Colisão traseira;Sem Vítimas;Pleno dia;Crescente;Ceu Claro;Dupla;Reta;Urbano;3;3
83199341;2014-05-31;Sábado;08:30:00;SP;116;217.0;GUARULHOS;Falta de atenção;Colisão traseira;Sem Vítimas;Pleno dia;Decrescente;Nublado;Simples;Reta;Urbano;2;2
83199360;2014-06-03;Terça;10:40:00;SP;116;221.0;GUARULHOS;Outras;Colisão traseira;Com Vítimas Feridas;Pleno dia;Crescente;Ceu Claro;Múltipla;Reta;Urbano;2;2
83199365;2014-05-28;Quarta;18:30:00;SP;116;156.5;SAO JOSE DOS CAMPOS;Não guardar distância de segurança;Colisão traseira;Sem Vítimas;Plena noite;Decrescente;Chuva;Dupla;Reta;Urbano;2;2
83199366;2014-06-01;Domingo;03:30:00;SP;116;217.0;GUARULHOS;Outras;Colisão traseira;Sem Vítimas;Plena noite;Decrescente;Nublado;Simples;Reta;Urbano;2;2
83199397;2014-06-01;Domingo;18:00:00;SP;116;209.0;ARUJA;Falta de atenção;Colisão traseira;Sem Vítimas;Anoitecer;Crescente;Nublado;Dupla;Reta;Urbano;2;2
83199406;2014-05-30;Sexta;18:06:00;SP;116;180.0;JACAREI;Falta de atenção;Colisão lateral;Sem Vítimas;Plena noite;Crescente;Ceu Claro;Múltipla;Reta;Urbano;2;2
83199446;2014-05-29;Quinta;22:20:00;SP;116;212.0;GUARULHOS;Outras;Atropelamento de animal;Com Vítimas Feridas;Plena noite;Decrescente;Nublado;Simples;Reta;Urbano;3;3
83199514;2014-05-29;Quinta;06:05:00;SP;116;145.0;SAO JOSE DOS CAMPOS;Não guardar distância de segurança;Colisão traseira;Com Vítimas Feridas;Amanhecer;Decrescente;Nublado;Dupla;Reta;Urbano;2;2
83199622;2014-05-26;Segunda;06:10:00;SP;116;227.0;GUARULHOS;Velocidade incompatível;Colisão lateral;Com Vítimas Feridas;Amanhecer;Crescente;Nublado;Múltipla;Reta;Urbano;2;2
83199676;2014-05-24;Sábado;02:30:00;SP;116;106.9;TAUBATE;Animais na Pista;Atropelamento de animal;Sem Vítimas;Plena noite;Crescente;Chuva;Dupla;Reta;Urbano;3;3
83199818;2014-05-11;Domingo;19:40:00;SP;116;212.0;GUARULHOS;Defeito mecânico em veículo;Colisão com objeto móvel;Com Vítimas Feridas;Plena noite;Decrescente;Nublado;Múltipla;Reta;Urbano;4;3
83199837;2014-05-15;Quinta;11:15:00;SP;116;213.0;GUARULHOS;Não guardar distância de segurança;Colisão traseira;Com Vítimas Fatais;Pleno dia;Decrescente;Nublado;Múltipla;Reta;Urbano;2;2
83199852;2014-06-03;Terça;08:45:00;SP;116;101.0;PINDAMONHANGABA;Falta de atenção;Colisão traseira;Sem Vítimas;Pleno dia;Decrescente;Ceu Claro;Simples;Reta;Urbano;2;2
83199887;2014-06-04;Quarta;16:00:00;SP;116;182.0;SANTA ISABEL;Outras;Colisão traseira;Sem Vítimas;Pleno dia;Decrescente;Ceu Claro;Simples;Reta;Rural;2;2
83199904;2014-06-04;Quarta;17:00:00;SP;116;164.0;JACAREI;Falta de atenção;Colisão lateral;Sem Vítimas;Anoitecer;Crescente;Ceu Claro;Dupla;Reta;Rural;2;2
83199913;2014-06-03;Terça;10:55:00;SP;116;144.8;SAO JOSE DOS CAMPOS;Outras;Colisão traseira;Sem Vítimas;Pleno dia;Decrescente;Ceu Claro;Dupla;Reta;Urbano;2;2
83199927;2014-06-04;Quarta;18:00:00;SP;116;132.7;CACAPAVA;Falta de atenção;Colisão Transversal;Sem Vítimas;Pleno dia;Decrescente;Ceu Claro;Dupla;Reta;Urbano;2;2
83199931;2014-06-04;Quarta;18:30:00;SP;116;162.5;JACAREI;Outras;Colisão lateral;Sem Vítimas;Plena noite;Decrescente;Ceu Claro;Dupla;Reta;Urbano;2;2
83199960;2014-05-15;Quinta;22:30:00;SP;116;211.0;GUARULHOS;Não guardar distância de segurança;Colisão lateral;Sem Vítimas;Plena noite;Crescente;Nublado;Múltipla;Reta;Urbano;2;2
83199993;2014-05-23;Sexta;14:15:00;SP;116;220.0;GUARULHOS;Falta de atenção;Colisão traseira;Sem Vítimas;Pleno dia;Decrescente;Nublado;Múltipla;Reta;Urbano;2;2
83200000;2014-06-04;Quarta;22:50:00;SP;116;113.0;TAUBATE;Outras;Colisão lateral;Sem Vítimas;Pleno dia;Decrescente;Ceu Claro;Dupla;Reta;Urbano;2;2
83200003;2014-06-05;Quinta;00:00:00;SP;116;227.0;GUARULHOS;Outras;Colisão traseira;Sem Vítimas;Pleno dia;Decrescente;Nublado;Múltipla;Reta;Urbano;3;3
83200008;2014-06-04;Quarta;19:30:00;SP;116;208.0;GUARULHOS;Outras;Colisão com objeto fixo;Com Vítimas Feridas;Plena noite;Crescente;Ceu Claro;Dupla;Reta;Urbano;1;1
83200010;2014-05-31;Sábado;16:35:00;SP;116;217.0;GUARULHOS;Falta de atenção;Colisão lateral;Sem Vítimas;Pleno dia;Decrescente;Nublado;Múltipla;Reta;Urbano;2;2
83200115;2014-06-02;Segunda;11:30:00;SP;116;154.0;SAO JOSE DOS CAMPOS;Não guardar distância de segurança;Colisão lateral;Sem Vítimas;Pleno dia;Decrescente;Ceu Claro;Simples;Reta;Urbano;2;2
83200229;2014-06-01;Domingo;16:10:00;SP;116;209.0;GUARULHOS;Falta de atenção;Colisão traseira;Com Vítimas Feridas;Pleno dia;Crescente;Nublado;Simples;Reta;Urbano;4;3
83200231;2014-06-02;Segunda;07:10:00;SP;116;156.0;SAO JOSE DOS CAMPOS;Outras;Colisão traseira;Sem Vítimas;Amanhecer;Decrescente;Nublado;Dupla;Reta;Urbano;2;2
83200376;2014-05-29;Quinta;07:55:00;SP;116;226.0;GUARULHOS;Não guardar distância de segurança;Colisão traseira;Com Vítimas Feridas;Pleno dia;Crescente;Nublado;Múltipla;Reta;Urbano;2;2
83200378;2014-06-03;Terça;05:00:00;SP;116;128.7;CACAPAVA;Falta de atenção;Colisão lateral;Sem Vítimas;Amanhecer;Crescente;Ceu Claro;Dupla;Reta;Urbano;2;2
83200384;2014-06-01;Domingo;06:30:00;SP;116;112.5;TAUBATE;Ingestão de álcool;Colisão frontal;Com Vítimas Feridas;Amanhecer;Decrescente;Ceu Claro;Dupla;Reta;Urbano;7;4
83200419;2014-06-01;Domingo;16:00:00;SP;116;214.0;GUARULHOS;Falta de atenção;Colisão traseira;Sem Vítimas;Pleno dia;Crescente;Ceu Claro;Múltipla;Reta;Urbano;2;2
83200441;2014-06-02;Segunda;06:00:00;SP;116;214.3;GUARULHOS;Falta de atenção;Colisão traseira;Sem Vítimas;Amanhecer;Crescente;Ceu Claro;Múltipla;Reta;Urbano;2;2
83200455;2014-06-05;Quinta;18:15:00;SP;116;148.0;SAO JOSE DOS CAMPOS;Falta de atenção;Colisão traseira;Sem Vítimas;Anoitecer;Decrescente;Ceu Claro;Múltipla;Reta;Urbano;2;2
83200610;2014-05-30;Sexta;01:30:00;SP;116;102.3;PINDAMONHANGABA;Dormindo;Colisão com objeto fixo;Sem Vítimas;Plena noite;Decrescente;Nublado;Dupla;Reta;Rural;1;1
83200667;2014-05-18;Domingo;18:30:00;SP;116;106.9;TAUBATE;Não guardar distância de segurança;Colisão traseira;Sem Vítimas;Anoitecer;Crescente;Ceu Claro;Dupla;Reta;Urbano;2;2
83200691;2014-06-05;Quinta;18:00:00;SP;116;228.0;SAO PAULO;Outras;Colisão traseira;Com Vítimas Feridas;Anoitecer;Decrescente;Ceu Claro;Múltipla;Reta;Urbano;5;5
83200717;2014-06-03;Terça;21:30:00;SP;116;220.0;GUARULHOS;Outras;Colisão lateral;Sem Vítimas;Plena noite;Decrescente;Nublado;Múltipla;Reta;Urbano;2;2
83200798;2014-06-02;Segunda;09:30:00;SP;116;219.0;GUARULHOS;Não guardar distância de segurança;Colisão lateral;Com Vítimas Feridas;Pleno dia;Crescente;Nublado;Múltipla;Reta;Urbano;2;2
83200806;2014-05-30;Sexta;07:55:00;SP;116;143.8;SAO JOSE DOS CAMPOS;Não guardar distância de segurança;Colisão traseira;Sem Vítimas;Pleno dia;Crescente;Ceu Claro;Simples;Reta;Urbano;3;3
83200830;2014-06-06;Sexta;08:30:00;SP;116;138.0;SAO JOSE DOS CAMPOS;Não guardar distância de segurança;Colisão traseira;Sem Vítimas;Pleno dia;Decrescente;Nublado;Dupla;Reta;Rural;2;2
83200833;2014-05-29;Quinta;16:30:00;SP;116;144.0;SAO JOSE DOS CAMPOS;Outras;Capotamento;Sem Vítimas;Pleno dia;Crescente;Ceu Claro;Simples;Reta;Urbano;1;1
83200838;2014-06-03;Terça;06:40:00;SP;116;145.6;SAO JOSE DOS CAMPOS;Não guardar distância de segurança;Tombamento;Com Vítimas Feridas;Amanhecer;Crescente;Ceu Claro;Simples;Reta;Urbano;1;1
83200866;2014-05-29;Quinta;17:30:00;SP;116;222.0;GUARULHOS;Outras;Colisão lateral;Com Vítimas Feridas;Pleno dia;Crescente;Ceu Claro;Múltipla;Reta;Urbano;2;2
83200869;2014-05-25;Domingo;21:20:00;SP;116;225.0;GUARULHOS;Outras;Colisão lateral;Com Vítimas Feridas;Plena noite;Decrescente;Chuva;Simples;Reta;Urbano;6;2
83200911;2014-05-24;Sábado;22:50:00;SP;116;147.0;SAO JOSE DOS CAMPOS;Outras;Colisão lateral;Sem Vítimas;Plena noite;Crescente;Nublado;Dupla;Reta;Urbano;2;2
83200931;2014-05-28;Quarta;18:35:00;SP;116;158.0;JACAREI;Outras;Colisão lateral;Sem Vítimas;Plena noite;Crescente;Nublado;Dupla;Reta;Urbano;2;2
83200943;2014-06-06;Sexta;11:30:00;SP;116;229.0;GUARULHOS;Defeito mecânico em veículo;Colisão traseira;Sem Vítimas;Pleno dia;Crescente;Chuva;Múltipla;Reta;Urbano;2;2
83200950;2014-06-05;Quinta;14:00:00;SP;116;145.0;SAO JOSE DOS CAMPOS;Outras;Colisão traseira;Com Vítimas Feridas;Pleno dia;Decrescente;Nublado;Dupla;Reta;Urbano;2;2
83200952;2014-06-05;Quinta;17:40:00;SP;116;148.0;SAO JOSE DOS CAMPOS;Não guardar distância de segurança;Colisão traseira;Sem Vítimas;Anoitecer;Crescente;Ceu Claro;Dupla;Reta;Urbano;2;2
83200960;2014-06-06;Sexta;14:15:00;SP;116;217.0;GUARULHOS;Outras;Colisão traseira;Sem Vítimas;Pleno dia;Decrescente;Chuva;Múltipla;Reta;Urbano;2;2
83200966;2014-06-05;Quinta;21:30:00;SP;116;145.0;SAO JOSE DOS CAMPOS;Outras;Colisão traseira;Com Vítimas Feridas;Plena noite;Crescente;Nublado;Dupla;Reta;Urbano;2;2
83200995;2014-06-06;Sexta;18:30:00;SP;116;148.0;SAO JOSE DOS CAMPOS;Não guardar distância de segurança;Colisão traseira;Sem Vítimas;Anoitecer;Decrescente;Ceu Claro;Dupla;Reta;Rural;3;3
83201022;2014-05-30;Sexta;07:00:00;SP;116;220.0;GUARULHOS;Outras;Colisão lateral;Com Vítimas Feridas;Amanhecer;Crescente;Nublado;Múltipla;Reta;Urbano;2;2
83201167;2014-06-03;Terça;10:40:00;SP;116;212.0;GUARULHOS;Falta de atenção;Colisão traseira;Sem Vítimas;Pleno dia;Decrescente;Ceu Claro;Múltipla;Reta;Urbano;4;4
83201175;2014-06-03;Terça;07:40:00;SP;116;138.0;SAO JOSE DOS CAMPOS;Falta de atenção;Colisão lateral;Com Vítimas Feridas;Pleno dia;Crescente;Ceu Claro;Dupla;Reta;Rural;2;2
83201220;2014-05-31;Sábado;05:45:00;SP;116;108.5;TAUBATE;Outras;Queda de motocicleta / bicicleta / veículo;Sem Vítimas;Amanhecer;Crescente;Ceu Claro;Dupla;Reta;Urbano;1;1
83201244;2014-06-03;Terça;09:20:00;SP;116;213.0;GUARULHOS;Outras;Queda de motocicleta / bicicleta / veículo;Com Vítimas Feridas;Pleno dia;Crescente;Ceu Claro;Múltipla;Reta;Urbano;1;1
83201328;2014-06-04;Quarta;06:50:00;SP;116;122.7;CACAPAVA;Outras;Queda de motocicleta / bicicleta / veículo;Com Vítimas Feridas;Pleno dia;Crescente;Ceu Claro;Dupla;Reta;Rural;1;1
83201349;2014-06-03;Terça;07:30:00;SP;116;214.2;GUARULHOS;Defeito mecânico em veículo;Colisão traseira;Sem Vítimas;Pleno dia;Decrescente;Ceu Claro;Múltipla;Reta;Urbano;2;2
83201362;2014-06-07;Sábado;09:10:00;SP;116;211.0;GUARULHOS;Não guardar distância de segurança;Colisão lateral;Com Vítimas Feridas;Pleno dia;Crescente;Ceu Claro;Múltipla;Reta;Urbano;3;2
83201384;2014-06-04;Quarta;18:30:00;SP;116;215.0;GUARULHOS;Falta de atenção;Colisão com objeto móvel;Com Vítimas Feridas;Plena noite;Decrescente;Ceu Claro;Múltipla;Reta;Urbano;2;1
83201438;2014-06-07;Sábado;08:50:00;SP;116;147.3;SAO JOSE DOS CAMPOS;Outras;Colisão traseira;Sem Vítimas;Pleno dia;Crescente;Ceu Claro;Dupla;Reta;Urbano;2;2
83201531;2014-06-07;Sábado;13:50:00;SP;116;165.0;JACAREI;Falta de atenção;Colisão traseira;Sem Vítimas;Pleno dia;Decrescente;Ceu Claro;Dupla;Reta;Urbano;2;2
83201649;2014-06-07;Sábado;18:50:00;SP;116;216.0;GUARULHOS;Outras;Colisão traseira;Sem Vítimas;Plena noite;Crescente;Ceu Claro;Múltipla;Reta;Urbano;4;4
83201660;2014-06-07;Sábado;21:23:00;SP;116;211.5;GUARULHOS;Falta de atenção;Colisão com objeto fixo;Com Vítimas Feridas;Plena noite;Crescente;Ceu Claro;Múltipla;Reta;Urbano;2;2
83201671;2014-06-08;Domingo;02:45:00;SP;116;155.9;SAO JOSE DOS CAMPOS;Outras;Colisão traseira;Com Vítimas Feridas;Amanhecer;Decrescente;Ceu Claro;Múltipla;Reta;Urbano;3;2
83201698;2014-06-05;Quinta;06:30:00;SP;116;226.0;GUARULHOS;Outras;Queda de motocicleta / bicicleta / veículo;Com Vítimas Feridas;Amanhecer;Crescente;Ceu Claro;Múltipla;Reta;Urbano;1;1
83201747;2014-06-08;Domingo;08:50:00;SP;116;167.0;JACAREI;Falta de atenção;Colisão frontal;Com Vítimas Feridas;Pleno dia;Crescente;Ceu Claro;Dupla;Reta;Rural;2;2
83201759;2014-05-27;Terça;19:30:00;SP;116;148.0;SAO JOSE DOS CAMPOS;Ingestão de álcool;Queda de motocicleta / bicicleta / veículo;Com Vítimas Feridas;Plena noite;Crescente;Ceu Claro;Dupla;Reta;Urbano;1;1
83201774;2014-06-04;Quarta;14:45:00;SP;116;146.0;SAO JOSE DOS CAMPOS;Ingestão de álcool;Saída de Pista;Sem Vítimas;Pleno dia;Decrescente;Ceu Claro;Dupla;Curva;Urbano;1;1
83201945;2014-05-16;Sexta;16:00:00;SP;116;216.0;GUARULHOS;Outras;Colisão com objeto móvel;Sem Vítimas;Pleno dia;Crescente;Ceu Claro;Múltipla;Reta;Urbano;1;1
83201997;2014-06-08;Domingo;20:45:00;SP;116;203.0;ARUJA;Falta de atenção;Colisão lateral;Sem Vítimas;Plena noite;Decrescente;Ceu Claro;Dupla;Reta;Urbano;2;2
83201998;2014-06-08;Domingo;18:00:00;SP;116;128.0;CACAPAVA;Outras;Colisão traseira;Com Vítimas Feridas;Pleno dia;Crescente;Ceu Claro;Dupla;Reta;Urbano;5;4