id;data_inversa;dia_semana;horario;uf;br;km;municipio;causa_acidente;tipo_acidente;classificacao_acidente;fase_dia;sentido_via;condicao_metereologica;tipo_pista;tracado_via;uso_solo;pessoas;veiculos
83208224;2014-06-18;Quarta;18:30:00;SP;116;150.0;SAO JOSE DOS CAMPOS;Não guardar distância de segurança;Colisão traseira;Sem Vítimas;Anoitecer;Decrescente;Ceu Claro;Dupla;Reta;Rural;2;2
83208267;2014-06-19;Quinta;05:45:00;SP;116;123.0;CACAPAVA;Ingestão de álcool;Saída de Pista;Sem Vítimas;Plena noite;Decrescente;Nublado;Dupla;Reta;Rural;1;1
83208299;2014-06-14;Sábado;14:30:00;SP;116;224.0;GUARULHOS;Outras;Colisão lateral;Sem Vítimas;Pleno dia;Decrescente;Ceu Claro;Múltipla;Reta;Urbano;3;3
83208307;2014-06-22;Domingo;16:10:00;SP;116;213.0;GUARULHOS;Outras;Colisão com objeto fixo;Sem Vítimas;Pleno dia;Crescente;Ceu Claro;Múltipla;Reta;Urbano;1;1
83208310;2014-06-22;Domingo;14:45:00;SP;116;101.0;PINDAMONHANGABA;Não guardar distância de segurança;Colisão traseira;Sem Vítimas;Pleno dia;Crescente;Ceu Claro;Dupla;Reta;Rural;2;2
83208329;2014-06-18;Quarta;16:05:00;SP;116;161.0;JACAREI;Falta de atenção;Colisão traseira;Sem Vítimas;Pleno dia;Decrescente;Chuva;Dupla;Reta;Urbano;2;2
83208339;2014-06-19;Quinta;00:01:00;SP;116;112.2;TAUBATE;Ingestão de álcool;Saída de Pista;Com Vítimas Feridas;Plena noite;Crescente;Nublado;Dupla;Reta;Urbano;1;1
83208368;2014-06-19;Quinta;03:30:00;SP;116;182.0;SANTA ISABEL;Defeito mecânico em veículo;Colisão com objeto fixo;Sem Vítimas;Plena noite;Decrescente;Chuva;Dupla;Reta;Urbano;1;1
83208417;2014-06-18;Quarta;09:45:00;SP;116;227.0;GUARULHOS;Outras;Colisão traseira;Sem Vítimas;Pleno dia;Crescente;Sol;Múltipla;Reta;Urbano;2;2
83208485;2014-05-26;Segunda;16:00:00;SP;116;113.0;TAUBATE;Outras;Colisão traseira;Sem Vítimas;Pleno dia;Crescente;Sol;Dupla;Reta;Urbano;2;2
83208517;2014-06-20;Sexta;13:10:00;SP;116;222.2;GUARULHOS;Falta de atenção;Colisão traseira;Sem Vítimas;Pleno dia;Crescente;Sol;Múltipla;Reta;Urbano;3;3
83208527;2014-06-19;Quinta;17:57:00;SP;116;150.0;SAO JOSE DOS CAMPOS;Outras;Colisão com objeto móvel;Com Vítimas Fatais;Plena noite;Decrescente;Ceu Claro;Dupla;Reta;Urbano;2;1
83208552;2014-06-01;Domingo;19:00:00;SP;116;211.0;GUARULHOS;Outras;Colisão com objeto móvel;Sem Vítimas;Plena noite;Crescente;Ceu Claro;Múltipla;Reta;Urbano;1;1
83208567;2014-06-20;Sexta;21:30:00;SP;116;220.0;GUARULHOS;Não guardar distância de segurança;Colisão lateral;Sem Vítimas;Plena noite;Decrescente;Ceu Claro;Múltipla;Reta;Urbano;2;2
83208636;2014-06-17;Terça;08:45:00;SP;116;219.0;GUARULHOS;Outras;Colisão traseira;Com Vítimas Feridas;Pleno dia;Crescente;Ceu Claro;Múltipla;Reta;Urbano;2;2
83208669;2014-06-23;Segunda;14:55:00;SP;116;216.0;GUARULHOS;Não guardar distância de segurança;Colisão traseira;Com Vítimas Feridas;Pleno dia;Decrescente;Ceu Claro;Múltipla;Reta;Urbano;2;2
83208676;2014-06-23;Segunda;15:43:00;SP;116;148.0;SAO JOSE DOS CAMPOS;Falta de atenção;Colisão traseira;Sem Vítimas;Pleno dia;Decrescente;Ceu Claro;Dupla;Reta;Urbano;2;2
83208693;2014-06-21;Sábado;16:45:00;SP;116;212.6;GUARULHOS;Falta de atenção;Colisão traseira;Com Vítimas Feridas;Pleno dia;Crescente;Nublado;Múltipla;Reta;Urbano;2;2
83208727;2014-06-21;Sábado;19:30:00;SP;116;221.8;GUARULHOS;Falta de atenção;Colisão traseira;Sem Vítimas;Plena noite;Crescente;Ceu Claro;Múltipla;Reta;Urbano;3;3
83208809;2014-06-21;Sábado;07:20:00;SP;116;140.6;CACAPAVA;Falta de atenção;Colisão traseira;Sem Vítimas;Pleno dia;Crescente;Ceu Claro;Dupla;Reta;Urbano;2;2
83208880;2014-02-25;Terça;07:50:00;SP;116;188.0;SANTA ISABEL;Defeito mecânico em veículo;Tombamento;Sem Vítimas;Pleno dia;Decrescente;Sol;Dupla;Curva;Rural;1;1
83208906;2014-03-13;Quinta;10:40:00;SP;116;184.0;GUARAREMA;Outras;Queda de motocicleta / bicicleta / veículo;Com Vítimas Feridas;Pleno dia;Crescente;Ceu Claro;Dupla;Reta;Rural;1;1
83208923;2014-06-24;Terça;16:30:00;SP;116;212.9;GUARULHOS;Outras;Colisão com objeto fixo;Sem Vítimas;Pleno dia;Decrescente;Ceu Claro;Múltipla;Reta;Urbano;1;1
83208946;2014-06-23;Segunda;15:55:00;SP;116;147.9;SAO JOSE DOS CAMPOS;Falta de atenção;Colisão traseira;Sem Vítimas;Pleno dia;Decrescente;Ceu Claro;Simples;Reta;Urbano;7;7
83208986;2014-06-23;Segunda;09:00:00;SP;116;156.0;SAO JOSE DOS CAMPOS;Outras;Saída de Pista;Sem Vítimas;Pleno dia;Decrescente;Ceu Claro;Simples;Reta;Urbano;1;1
83209002;2014-06-24;Terça;02:40:00;SP;116;145.0;SAO JOSE DOS CAMPOS;Falta de atenção;Colisão com objeto fixo;Sem Vítimas;Plena noite;Crescente;Nublado;Simples;Reta;Urbano;1;1
83209006;2014-06-19;Quinta;15:50:00;SP;116;179.0;GUARAREMA;Ingestão de álcool;Colisão lateral;Sem Vítimas;Pleno dia;Crescente;Ceu Claro;Dupla;Reta;Rural;2;2
83209021;2014-06-20;Sexta;22:30:00;SP;116;166.0;JACAREI;Falta de atenção;Colisão lateral;Sem Vítimas;Plena noite;Decrescente;Ceu Claro;Simples;Reta;Urbano;2;2
83209051;2014-06-21;Sábado;18:00:00;SP;116;224.0;GUARULHOS;Defeito mecânico em veículo;Incêndio;Sem Vítimas;Anoitecer;Crescente;Ceu Claro;Múltipla;Reta;Urbano;1;1
83209074;2014-06-22;Domingo;04:30:00;SP;116;212.6;GUARULHOS;Não guardar distância de segurança;Colisão lateral;Com Vítimas Feridas;Plena noite;Decrescente;Ceu Claro;Múltipla;Reta;Urbano;2;2
83209081;2014-06-21;Sábado;17:30:00;SP;116;209.2;GUARULHOS;Não guardar distância de segurança;Colisão lateral;Sem Vítimas;Anoitecer;Crescente;Ceu Claro;Múltipla;Reta;Urbano;2;2
83209095;2014-06-24;Terça;20:50:00;SP;116;126.6;CACAPAVA;Falta de atenção;Colisão traseira;Com Vítimas Feridas;Plena noite;Decrescente;Ceu Claro;Dupla;Reta;Urbano;3;2
83209102;2014-06-21;Sábado;20:30:00;SP;116;219.0;GUARULHOS;Não guardar distância de segurança;Colisão traseira;Sem Vítimas;Plena noite;Crescente;Ceu Claro;Múltipla;Reta;Urbano;5;5
83209105;2014-06-24;Terça;19:40:00;SP;116;228.0;SAO PAULO;Outras;Colisão lateral;Sem Vítimas;Plena noite;Decrescente;Nublado;Simples;Reta;Urbano;2;2
83209123;2014-06-24;Terça;15:15:00;SP;116;199.6;ARUJA;Outras;Colisão traseira;Sem Vítimas;Pleno dia;Crescente;Sol;Dupla;Reta;Urbano;4;4
83209187;2014-06-25;Quarta;00:15:00;SP;116;165.0;JACAREI;Não guardar distância de segurança;Colisão traseira;Sem Vítimas;Plena noite;Decrescente;Ceu Claro;Dupla;Reta;Urbano;2;2
83209228;2014-06-22;Domingo;06:00:00;SP;116;120.0;CACAPAVA;Outras;Colisão traseira;Com Vítimas Feridas;Amanhecer;Crescente;Nublado;Dupla;Reta;Urbano;2;2
83209258;2014-06-17;Terça;14:40:00;SP;116;155.0;SAO JOSE DOS CAMPOS;Falta de atenção;Colisão traseira;Sem Vítimas;Pleno dia;Crescente;Ceu Claro;Dupla;Reta;Urbano;2;2
83209399;2014-06-18;Quarta;01:30:00;SP;116;229.0;SAO PAULO;Outras;Colisão lateral;Sem Vítimas;Plena noite;Crescente;Nublado;Múltipla;Reta;Urbano;2;2
83209488;2014-06-16;Segunda;18:10:00;SP;116;225.0;GUARULHOS;Falta de atenção;Colisão traseira;Sem Vítimas;Pleno dia;Decrescente;Ceu Claro;Múltipla;Reta;Urbano;2;2
83209548;2014-06-17;Terça;15:45:00;SP;116;156.2;SAO JOSE DOS CAMPOS;Não guardar distância de segurança;Colisão traseira;Sem Vítimas;Pleno dia;Crescente;Ceu Claro;Dupla;Reta;Urbano;4;4
83209551;2014-06-21;Sábado;19:10:00;SP;116;211.0;GUARULHOS;Falta de atenção;Colisão traseira;Sem Vítimas;Anoitecer;Decrescente;Nublado;Múltipla;Reta;Urbano;2;2
83209559;2014-06-21;Sábado;21:25:00;SP;116;220.0;GUARULHOS;Outras;Colisão com objeto móvel;Sem Vítimas;Anoitecer;Crescente;Ceu Claro;Múltipla;Reta;Urbano;3;3
83209606;2014-06-25;Quarta;18:45:00;SP;116;202.0;ARUJA;Defeito mecânico em veículo;Colisão traseira;Sem Vítimas;Pleno dia;Decrescente;Ceu Claro;Múltipla;Reta;Urbano;2;2
83209611;2014-06-11;Quarta;18:10:00;SP;116;123.5;CACAPAVA;Outras;Queda de motocicleta / bicicleta / veículo;Com Vítimas Feridas;Plena noite;Decrescente;Nublado;Dupla;Reta;Urbano;1;1
83209711;2014-06-23;Segunda;11:30:00;SP;116;204.0;ARUJA;Outras;Colisão traseira;Sem Vítimas;Pleno dia;Decrescente;Sol;Múltipla;Reta;Urbano;2;2
83209761;2014-06-18;Quarta;13:50:00;SP;116;219.0;GUARULHOS;Falta de atenção;Colisão traseira;Com Vítimas Feridas;Pleno dia;Decrescente;Ceu Claro;Múltipla;Reta;Urbano;3;3
83209769;2014-06-22;Domingo;15:30:00;SP;116;177.0;GUARAREMA;Defeito mecânico em veículo;Queda de motocicleta / bicicleta / veículo;Com Vítimas Feridas;Pleno dia;Crescente;Ceu Claro;Dupla;Reta;Urbano;2;1
83209791;2014-06-22;Domingo;19:45:00;SP;116;197.0;ARUJA;Outras;Colisão traseira;Sem Vítimas;Plena noite;Crescente;Nublado;Dupla;Reta;Rural;2;2
83209899;2014-06-23;Segunda;06:00:00;SP;116;125.0;CACAPAVA;Falta de atenção;Colisão Transversal;Sem Vítimas;Amanhecer;Crescente;Nublado;Simples;Cruzamento;Urbano;2;2
83209974;2014-06-22;Domingo;18:00:00;SP;116;104.0;TAUBATE;Outras;Queda de motocicleta / bicicleta / veículo;Com Vítimas Feridas;Anoitecer;Crescente;Ceu Claro;Dupla;Reta;Urbano;3;2
83210066;2014-06-25;Quarta;22:10:00;SP;116;117.9;TAUBATE;Animais na Pista;Colisão com bicicleta;Com Vítimas Feridas;Plena noite;Decrescente;Nublado;Dupla;Reta;Urbano;4;3
83210084;2014-06-17;Terça;19:00:00;SP;116;220.0;GUARULHOS;Outras;Colisão com objeto fixo;Sem Vítimas;Plena noite;Crescente;Ceu Claro;Múltipla;Reta;Urbano;1;1
83210116;2014-06-13;Sexta;10:00:00;SP;116;215.9;GUARULHOS;Outras;Colisão traseira;Sem Vítimas;Pleno dia;Crescente;Ceu Claro;Múltipla;Reta;Urbano;2;2
83210118;2014-06-26;Quinta;20:20:00;SP;116;206.0;ARUJA;Falta de atenção;Colisão traseira;Com Vítimas Feridas;Plena noite;Crescente;Nublado;Múltipla;Reta;Urbano;2;2
83210124;2014-06-26;Quinta;09:45:00;SP;116;127.1;CACAPAVA;Não guardar distância de segurança;Colisão traseira;Com Vítimas Feridas;Pleno dia;Crescente;Nublado;Dupla;Reta;Urbano;4;2
83210129;2014-06-09;Segunda;09:40:00;SP;116;214.0;GUARULHOS;Falta de atenção;Colisão lateral;Sem Vítimas;Pleno dia;Decrescente;Ceu Claro;Múltipla;Reta;Urbano;2;2
83210296;2014-06-27;Sexta;07:00:00;SP;116;212.0;GUARULHOS;Falta de atenção;Colisão lateral;Sem Vítimas;Pleno dia;Decrescente;Sol;Múltipla;Reta;Urbano;2;2
83210304;2014-06-23;Segunda;10:20:00;SP;116;187.0;SANTA ISABEL;Outras;Colisão com objeto móvel;Sem Vítimas;Pleno dia;Decrescente;Ceu Claro;Dupla;Reta;Rural;2;2
83210331;2014-06-27;Sexta;07:30:00;SP;116;102.0;PINDAMONHANGABA;Outras;Colisão com objeto móvel;Sem Vítimas;Pleno dia;Decrescente;Sol;Dupla;Reta;Rural;3;3
83210340;2014-06-23;Segunda;15:46:00;SP;116;148.0;SAO JOSE DOS CAMPOS;Outras;Colisão traseira;Sem Vítimas;Pleno dia;Decrescente;Ceu Claro;Dupla;Reta;Urbano;3;3
83210396;2014-06-27;Sexta;09:00:00;SP;116;115.0;TAUBATE;Outras;Capotamento;Com Vítimas Feridas;Pleno dia;Crescente;Ceu Claro;Dupla;Reta;Urbano;3;2
83210475;2014-06-27;Sexta;10:45:00;SP;116;228.0;SAO PAULO;Outras;Colisão lateral;Sem Vítimas;Pleno dia;Decrescente;Sol;Múltipla;Reta;Urbano;2;2
83210479;2014-06-24;Terça;22:30:00;SP;116;213.0;GUARULHOS;Outras;Capotamento;Sem Vítimas;Plena noite;Crescente;Ceu Claro;Múltipla;Reta;Urbano;1;1
83210492;2014-06-27;Sexta;15:10:00;SP;116;112.7;TAUBATE;Não guardar distância de segurança;Colisão traseira;Sem Vítimas;Pleno dia;Crescente;Ceu Claro;Dupla;Reta;Urbano;2;2
83210584;2014-06-27;Sexta;13:40:00;SP;116;229.0;SAO PAULO;Defeito mecânico em veículo;Queda de motocicleta / bicicleta / veículo;Com Vítimas Feridas;Pleno dia;Crescente;Ceu Claro;Múltipla;Reta;Urbano;1;1
83210645;2014-06-28;Sábado;12:54:00;SP;116;220.0;GUARULHOS;Outras;Colisão traseira;Com Vítimas Feridas;Pleno dia;Decrescente;Ceu Claro;Múltipla;Reta;Urbano;2;2
83210670;2014-06-27;Sexta;17:50:00;SP;116;120.0;CACAPAVA;Não guardar distância de segurança;Colisão traseira;Sem Vítimas;Anoitecer;Decrescente;Ceu Claro;Dupla;Reta;Urbano;2;2
83210678;2014-06-28;Sábado;12:10:00;SP;116;226.0;GUARULHOS;Falta de atenção;Queda de motocicleta / bicicleta / veículo;Com Vítimas Feridas;Pleno dia;Decrescente;Sol;Múltipla;Reta;Urbano;1;1
83210721;2014-06-25;Quarta;08:00:00;SP;116;157.0;SAO JOSE DOS CAMPOS;Não guardar distância de segurança;Colisão traseira;Sem Vítimas;Pleno dia;Decrescente;Ceu Claro;Múltipla;Reta;Urbano;4;4
83210763;2014-06-28;Sábado;12:40:00;SP;116;226.0;GUARULHOS;Falta de atenção;Colisão lateral;Sem Vítimas;Pleno dia;Decrescente;Sol;Simples;Reta;Urbano;2;2
83210771;2014-06-24;Terça;18:40:00;SP;116;166.9;JACAREI;Outras;Colisão lateral;Sem Vítimas;Plena noite;Crescente;Ceu Claro;Múltipla;Reta;Rural;2;2
83210774;2014-06-28;Sábado;11:55:00;SP;116;158.0;JACAREI;Outras;Colisão com objeto móvel;Sem Vítimas;Pleno dia;Crescente;Ceu Claro;Dupla;Reta;Urbano;3;3
83210780;2014-06-28;Sábado;12:15:00;SP;116;211.0;GUARULHOS;Outras;Capotamento;Com Vítimas Feridas;Pleno dia;Decrescente;Ceu Claro;Múltipla;Reta;Urbano;3;1
83210929;2014-06-29;Domingo;05:35:00;SP;116;225.1;GUARULHOS;Dormindo;Colisão lateral;Sem Vítimas;Amanhecer;Decrescente;Ceu Claro;Múltipla;Reta;Urbano;2;2
83210934;2014-06-28;Sábado;21:15:00;SP;116;145.0;SAO JOSE DOS CAMPOS;Não guardar distância de segurança;Colisão lateral;Sem Vítimas;Plena noite;Decrescente;Ceu Claro;Dupla;Reta;Urbano;3;3
83210966;2014-06-21;Sábado;22:45:00;SP;116;221.0;GUARULHOS;Outras;Danos Eventuais;Sem Vítimas;Pleno dia;Decrescente;Ceu Claro;Múltipla;Reta;Urbano;1;1
83210988;2014-06-26;Quinta;07:00:00;SP;116;165.0;JACAREI;Falta de atenção;Colisão traseira;Sem Vítimas;Pleno dia;Decrescente;Ceu Claro;Dupla;Reta;Rural;3;3
83211077;2014-06-21;Sábado;16:30:00;SP;116;217.0;GUARULHOS;Outras;Colisão lateral;Com Vítimas Feridas;Pleno dia;Decrescente;Ceu Claro;Múltipla;Reta;Urbano;2;2
83211096;2014-06-26;Quinta;07:00:00;SP;116;201.0;ARUJA;Falta de atenção;Atropelamento de pessoa;Com Vítimas Feridas;Amanhecer;Decrescente;Ceu Claro;Múltipla;Reta;Urbano;2;1
83211139;2014-06-29;Domingo;12:00:00;SP;116;229.0;SAO PAULO;Não guardar distância de segurança;Colisão traseira;Sem Vítimas;Pleno dia;Decrescente;Nublado;Múltipla;Reta;Urbano;2;2
83211360;2014-06-27;Sexta;12:45:00;SP;116;182.5;SANTA ISABEL;Defeito mecânico em veículo;Colisão traseira;Sem Vítimas;Pleno dia;Decrescente;Ceu Claro;Múltipla;Reta;Rural;2;2
83211382;2014-06-26;Quinta;09:40:00;SP;116;127.4;CACAPAVA;Não guardar distância de segurança;Colisão traseira;Sem Vítimas;Pleno dia;Crescente;Ceu Claro;Dupla;Reta;Rural;4;4
83211400;2014-06-26;Quinta;18:30:00;SP;116;218.8;GUARULHOS;Falta de atenção;Colisão lateral;Com Vítimas Feridas;Plena noite;Crescente;Ceu Claro;Múltipla;Reta;Urbano;2;2
83211417;2014-06-25;Quarta;20:21:00;SP;116;150.0;SAO JOSE DOS CAMPOS;Ingestão de álcool;Colisão com bicicleta;Com Vítimas Fatais;Plena noite;Crescente;Nublado;Dupla;Reta;Urbano;2;2
83211437;2014-06-26;Quinta;06:50:00;SP;116;226.0;GUARULHOS;Falta de atenção;Colisão traseira;Com Vítimas Feridas;Pleno dia;Crescente;Ceu Claro;Múltipla;Reta;Urbano;2;2
83211465;2014-06-30;Segunda;11:15:00;SP;116;218.0;GUARULHOS;Falta de atenção;Colisão lateral;Sem Vítimas;Pleno dia;Decrescente;Ceu Claro;Múltipla;Reta;Urbano;2;2
83211489;2014-05-27;Terça;03:50:00;SP;116;203.0;ARUJA;Falta de atenção;Colisão lateral;Sem Vítimas;Plena noite;Crescente;Ceu Claro;Múltipla;Reta;Urbano;2;2
83211507;2014-06-26;Quinta;08:30:00;SP;116;128.0;CACAPAVA;Outras;Colisão traseira;Sem Vítimas;Pleno dia;Crescente;Ceu Claro;Dupla;Reta;Urbano;2;2
83211569;2014-06-28;Sábado;10:40:00;SP;116;201.3;ARUJA;Outras;Colisão com objeto fixo;Sem Vítimas;Pleno dia;Crescente;Sol;Dupla;Reta;Urbano;1;1
83211653;2014-06-26;Quinta;08:57:00;SP;116;156.6;SAO JOSE DOS CAMPOS;Não guardar distância de segurança;Colisão traseira;Sem Vítimas;Pleno dia;Crescente;Ceu Claro;Dupla;Reta;Urbano;2;2
83211656;2014-06-26;Quinta;23:50:00;SP;116;198.0;ARUJA;Falta de atenção;Colisão traseira;Sem Vítimas;Plena noite;Crescente;Nublado;Dupla;Reta;Rural;2;2
83211752;2014-06-27;Sexta;06:40:00;SP;116;220.0;GUARULHOS;Outras;Colisão lateral;Com Vítimas Feridas;Amanhecer;Crescente;Ceu Claro;Múltipla;Reta;Urbano;3;2
83211755;2014-06-27;Sexta;11:00:00;SP;116;122.2;CACAPAVA;Defeito mecânico em veículo;Colisão traseira;Sem Vítimas;Pleno dia;Crescente;Sol;Dupla;Reta;Urbano;2;2
83211757;2014-06-24;Terça;18:30:00;SP;116;225.0;GUARULHOS;Outras;Colisão lateral;Sem Vítimas;Plena noite;Decrescente;Ceu Claro;Múltipla;Reta;Urbano;2;2
83211761;2014-06-29;Domingo;18:00:00;SP;116;201.0;ARUJA;Defeito mecânico em veículo;Incêndio;Sem Vítimas;Anoitecer;Decrescente;Ceu Claro;Dupla;Reta;Urbano;1;1
83211883;2014-06-27;Sexta;08:00:00;SP;116;146.0;SAO JOSE DOS CAMPOS;Não guardar distância de segurança;Colisão traseira;Sem Vítimas;Amanhecer;Crescente;Ceu Claro;Dupla;Reta;Urbano;2;2
83211931;2014-06-27;Sexta;18:00:00;SP;116;212.0;GUARULHOS;Falta de atenção;Colisão traseira;Sem Vítimas;Plena noite;Decrescente;Nublado;Múltipla;Reta;Urbano;2;2
83211994;2014-06-27;Sexta;09:50:00;SP;116;219.0;GUARULHOS;Outras;Colisão traseira;Sem Vítimas;Pleno dia;Crescente;Sol;Múltipla;Reta;Urbano;2;2
83212009;2014-06-27;Sexta;18:50:00;SP;116;147.0;SAO JOSE DOS CAMPOS;Falta de atenção;Colisão traseira;Sem Vítimas;Anoitecer;Decrescente;Ceu Claro;Dupla;Reta;Urbano;4;4
83212059;2014-06-05;Quinta;18:30:00;SP;116;229.0;GUARULHOS;Outras;Colisão traseira;Sem Vítimas;Plena noite;Decrescente;Ceu Claro;Múltipla;Reta;Urbano;2;2
83212067;2014-06-13;Sexta;20:00:00;SP;116;219.0;GUARULHOS;Outras;Colisão com objeto fixo;Ignorado;Plena noite;Crescente;Ceu Claro;Múltipla;Reta;Urbano;1;1
83212074;2014-06-17;Terça;18:15:00;SP;116;221.0;GUARULHOS;Outras;Colisão com objeto fixo;Sem Vítimas;Plena noite;Decrescente;Ceu Claro;Múltipla;Reta;Urbano;1;1
83212086;2014-06-21;Sábado;18:45:00;SP;116;227.6;SAO PAULO;Não guardar distância de segurança;Colisão traseira;Com Vítimas Feridas;Anoitecer;Decrescente;Ceu Claro;Múltipla;Reta;Urbano;3;2
83212100;2014-06-29;Domingo;21:40:00;SP;116;201.0;ARUJA;Outras;Atropelamento de pessoa;Com Vítimas Feridas;Plena noite;Crescente;Ceu Claro;Dupla;Reta;Urbano;2;1
83212108;2014-06-25;Quarta;08:45:00;SP;116;221.0;GUARULHOS;Outras;Colisão lateral;Sem Vítimas;Plena noite;Crescente;Ceu Claro;Múltipla;Reta;Urbano;2;2
83212187;2014-06-27;Sexta;07:50:00;SP;116;104.0;TAUBATE;Falta de atenção;Colisão traseira;Com Vítimas Feridas;Pleno dia;Decrescente;Ceu Claro;Dupla;Reta;Rural;6;4
83212256;2014-06-27;Sexta;10:40:00;SP;116;165.0;JACAREI;Outras;Colisão traseira;Sem Vítimas;Pleno dia;Decrescente;Ceu Claro;Múltipla;Reta;Urbano;2;2
83212295;2014-06-29;Domingo;14:00:00;SP;116;185.5;SANTA ISABEL;Defeito mecânico em veículo;Capotamento;Sem Vítimas;Pleno dia;Crescente;Ceu Claro;Dupla;Reta;Rural;1;1
83212334;2014-07-01;Terça;14:15:00;SP;116;149.0;SAO JOSE DOS CAMPOS;Outras;Colisão traseira;Com Vítimas Feridas;Pleno dia;Decrescente;Ceu Claro;Dupla;Reta;Urbano;2;2
83212430;2014-06-23;Segunda;12:45:00;SP;116;156.0;SAO JOSE DOS CAMPOS;Dormindo;Saída de Pista;Sem Vítimas;Pleno dia;Crescente;Ceu Claro;Dupla;Reta;Urbano;1;1
83212469;2014-06-21;Sábado;16:30:00;SP;116;210.5;GUARULHOS;Não guardar distância de segurança;Colisão traseira;Com Vítimas Feridas;Pleno dia;Crescente;Nublado;Múltipla;Reta;Urbano;2;2
83212481;2014-07-02;Quarta;09:30:00;SP;116;123.0;CACAPAVA;Falta de atenção;Colisão traseira;Sem Vítimas;Pleno dia;Crescente;Ceu Claro;Dupla;Reta;Urbano;10;10
83212489;2014-07-02;Quarta;09:20:00;SP;116;209.0;GUARULHOS;Falta de atenção;Colisão lateral;Sem Vítimas;Pleno dia;Crescente;Ceu Claro;Múltipla;Reta;Urbano;2;2
83212500;2014-06-21;Sábado;19:20:00;SP;116;211.0;GUARULHOS;Falta de atenção;Colisão lateral;Sem Vítimas;Plena noite;Crescente;Nublado;Múltipla;Reta;Urbano;2;2
83212543;2014-06-28;Sábado;21:10:00;SP;116;116.6;TAUBATE;Outras;Colisão com objeto fixo;Sem Vítimas;Plena noite;Decrescente;Nublado;Dupla;Reta;Urbano;2;1
83212623;2014-07-02;Quarta;08:58:00;SP;116;157.0;SAO JOSE DOS CAMPOS;Outras;Saída de Pista;Com Vítimas Feridas;Pleno dia;Decrescente;Ceu Claro;Dupla;Reta;Urbano;1;1
83212674;2014-07-02;Quarta;14:45:00;SP;116;224.0;GUARULHOS;Defeito mecânico em veículo;Queda de motocicleta / bicicleta / veículo;Com Vítimas Feridas;Pleno dia;Crescente;Ceu Claro;Múltipla;Reta;Urbano;2;1
83212676;2014-07-02;Quarta;17:40:00;SP;116;212.0;GUARULHOS;Não guardar distância de segurança;Colisão traseira;Sem Vítimas;Anoitecer;Crescente;Ceu Claro;Múltipla;Reta;Urbano;3;3
83212685;2014-07-02;Quarta;18:40:00;SP;116;157.0;SAO JOSE DOS CAMPOS;Falta de atenção;Colisão traseira;Sem Vítimas;Plena noite;Decrescente;Ceu Claro;Dupla;Reta;Urbano;4;4
83212691;2014-07-02;Quarta;18:40:00;SP;116;208.0;GUARULHOS;Falta de atenção;Colisão lateral;Com Vítimas Feridas;Plena noite;Crescente;Ceu Claro;Dupla;Reta;Urbano;2;2
83212701;2014-06-28;Sábado;06:00:00;SP;116;131.9;CACAPAVA;Falta de atenção;Colisão traseira;Sem Vítimas;Amanhecer;Decrescente;Sol;Dupla;Reta;Urbano;2;2
83212716;2014-07-02;Quarta;12:50:00;SP;116;167.0;JACAREI;Outras;Colisão traseira;Sem Vítimas;Pleno dia;Crescente;Ceu Claro;Dupla;Reta;Urbano;2;2
83212740;2014-07-02;Quarta;07:40:00;SP;116;225.0;GUARULHOS;Falta de atenção;Colisão lateral;Com Vítimas Feridas;Pleno dia;Crescente;Sol;Múltipla;Reta;Urbano;2;2
83212840;2014-06-10;Terça;07:30:00;SP;116;183.2;SANTA ISABEL;Outras;Colisão lateral;Com Vítimas Feridas;Pleno dia;Crescente;Chuva;Dupla;Reta;Rural;4;2
83212864;2014-06-29;Domingo;21:20:00;SP;116;227.9;SAO PAULO;Não guardar distância de segurança;Colisão lateral;Sem Vítimas;Plena noite;Decrescente;Nublado;Dupla;Reta;Urbano;2;2
83212916;2014-06-25;Quarta;14:00:00;SP;116;223.0;GUARULHOS;Defeito mecânico em veículo;Tombamento;Sem Vítimas;Pleno dia;Crescente;Ceu Claro;Dupla;Reta;Urbano;1;1
83213074;2014-07-02;Quarta;16:10:00;SP;116;228.0;SAO PAULO;Outras;Colisão lateral;Sem Vítimas;Pleno dia;Decrescente;Sol;Múltipla;Reta;Urbano;2;2
83213104;2014-06-30;Segunda;07:00:00;SP;116;222.0;GUARULHOS;Velocidade incompatível;Colisão lateral;Com Vítimas Feridas;Pleno dia;Crescente;Ceu Claro;Múltipla;Reta;Urbano;2;2
83213129;2014-06-27;Sexta;19:10:00;SP;116;147.0;SAO JOSE DOS CAMPOS;Outras;Colisão traseira;Com Vítimas Feridas;Plena noite;Decrescente;Nublado;Múltipla;Reta;Urbano;3;3
83213285;2014-07-01;Terça;02:00:00;SP;116;192.7;SANTA ISABEL;Falta de atenção;Colisão traseira;Com Vítimas Fatais;Plena noite;Decrescente;Ceu Claro;Dupla;Reta;Urbano;2;2
83213321;2014-07-01;Terça;18:20:00;SP;116;219.0;GUARULHOS;Outras;Colisão com objeto móvel;Sem Vítimas;Plena noite;Crescente;Ceu Claro;Múltipla;Reta;Urbano;2;2