id;data_inversa;dia_semana;horario;uf;br;km;municipio;causa_acidente;tipo_acidente;classificacao_acidente;fase_dia;sentido_via;condicao_metereologica;tipo_pista;tracado_via;uso_solo;pessoas;veiculos
83213374;2014-06-26;Quinta;18:55:00;SP;116;147.0;SAO JOSE DOS CAMPOS;Não guardar distância de segurança;Colisão traseira;Sem Vítimas;Anoitecer;Decrescente;Ceu Claro;Dupla;Reta;Rural;5;5
83213380;2014-07-04;Sexta;07:30:00;SP;116;131.7;CACAPAVA;Não guardar distância de segurança;Colisão traseira;Sem Vítimas;Pleno dia;Crescente;Ceu Claro;Dupla;Reta;Rural;2;2
83213388;2014-07-04;Sexta;08:15:00;SP;116;137.4;SAO JOSE DOS CAMPOS;Não guardar distância de segurança;Colisão traseira;Sem Vítimas;Pleno dia;Crescente;Ceu Claro;Dupla;Reta;Rural;4;4
83213411;2014-06-30;Segunda;18:40:00;SP;116;158.0;SAO JOSE DOS CAMPOS;Não guardar distância de segurança;Colisão traseira;Sem Vítimas;Anoitecer;Decrescente;Ceu Claro;Dupla;Reta;Rural;3;3
83213412;2014-06-27;Sexta;11:00:00;SP;116;228.9;SAO PAULO;Outras;Colisão lateral;Com Vítimas Feridas;Pleno dia;Crescente;Sol;Múltipla;Reta;Urbano;3;3
83213437;2014-07-01;Terça;15:50:00;SP;116;227.0;SAO PAULO;Outras;Colisão traseira;Sem Vítimas;Pleno dia;Crescente;Sol;Múltipla;Reta;Urbano;3;3
83213459;2014-07-04;Sexta;15:00:00;SP;116;222.0;GUARULHOS;Velocidade incompatível;Colisão traseira;Com Vítimas Feridas;Pleno dia;Decrescente;Ceu Claro;Múltipla;Reta;Urbano;2;2
83213472;2014-07-04;Sexta;15:23:00;SP;116;131.1;CACAPAVA;Defeito mecânico em veículo;Queda de motocicleta / bicicleta / veículo;Com Vítimas Feridas;Pleno dia;Crescente;Sol;Dupla;Reta;Rural;1;1
83213478;2014-06-30;Segunda;20:42:00;SP;116;148.0;SAO JOSE DOS CAMPOS;Falta de atenção;Colisão lateral;Sem Vítimas;Plena noite;Crescente;Ceu Claro;Dupla;Reta;Urbano;2;2
83213505;2014-06-30;Segunda;17:30:00;SP;116;155.5;SAO JOSE DOS CAMPOS;Não guardar distância de segurança;Colisão traseira;Sem Vítimas;Pleno dia;Decrescente;Ceu Claro;Dupla;Reta;Urbano;4;4
83213556;2014-07-04;Sexta;18:10:00;SP;116;128.6;CACAPAVA;Outras;Atropelamento de pessoa;Com Vítimas Feridas;Anoitecer;Crescente;Nublado;Dupla;Reta;Urbano;2;1
83213595;2014-06-30;Segunda;17:20:00;SP;116;228.2;SAO PAULO;Falta de atenção;Colisão lateral;Sem Vítimas;Anoitecer;Decrescente;Ceu Claro;Múltipla;Reta;Urbano;3;3
83213717;2014-07-01;Terça;07:30:00;SP;116;219.5;GUARULHOS;Falta de atenção;Colisão lateral;Com Vítimas Feridas;Pleno dia;Decrescente;Sol;Múltipla;Reta;Urbano;3;3
83213756;2014-07-05;Sábado;07:30:00;SP;116;107.8;TAUBATE;Animais na Pista;Capotamento;Com Vítimas Feridas;Pleno dia;Crescente;Ceu Claro;Dupla;Reta;Urbano;2;2
83213786;2014-07-05;Sábado;09:00:00;SP;116;219.0;GUARULHOS;Falta de atenção;Colisão lateral;Sem Vítimas;Pleno dia;Crescente;Ceu Claro;Múltipla;Reta;Urbano;2;2
83213830;2014-07-02;Quarta;07:30:00;SP;116;220.0;GUARULHOS;Outras;Colisão lateral;Com Vítimas Feridas;Amanhecer;Decrescente;Sol;Múltipla;Reta;Urbano;3;3
83213839;2014-07-05;Sábado;10:20:00;SP;116;220.0;GUARULHOS;Outras;Colisão traseira;Com Vítimas Feridas;Pleno dia;Crescente;Ceu Claro;Múltipla;Reta;Urbano;4;3
83213864;2014-07-02;Quarta;05:40:00;SP;116;223.0;GUARULHOS;Falta de atenção;Colisão com objeto fixo;Sem Vítimas;Amanhecer;Decrescente;Ceu Claro;Múltipla;Reta;Urbano;1;1
83213881;2014-07-05;Sábado;12:30:00;SP;116;107.0;TAUBATE;Falta de atenção;Colisão traseira;Sem Vítimas;Pleno dia;Decrescente;Ceu Claro;Simples;Reta;Urbano;2;2
83213887;2014-06-27;Sexta;18:00:00;SP;116;222.0;GUARULHOS;Não guardar distância de segurança;Colisão traseira;Sem Vítimas;Anoitecer;Decrescente;Ceu Claro;Múltipla;Reta;Urbano;2;2
83213899;2014-07-05;Sábado;11:45:00;SP;116;219.0;GUARULHOS;Outras;Colisão traseira;Sem Vítimas;Pleno dia;Decrescente;Sol;Múltipla;Reta;Urbano;2;2
83213950;2014-05-26;Segunda;16:45:00;SP;116;216.0;GUARULHOS;Outras;Colisão traseira;Sem Vítimas;Pleno dia;Crescente;Sol;Múltipla;Reta;Urbano;2;2
83213952;2014-07-05;Sábado;08:40:00;SP;116;221.0;GUARULHOS;Não guardar distância de segurança;Colisão traseira;Com Vítimas Feridas;Pleno dia;Crescente;Ceu Claro;Múltipla;Reta;Urbano;3;3
83213963;2014-07-01;Terça;09:45:00;SP;116;152.2;SAO JOSE DOS CAMPOS;Outras;Colisão traseira;Sem Vítimas;Pleno dia;Crescente;Ceu Claro;Múltipla;Reta;Urbano;3;3
83214037;2014-07-05;Sábado;10:00:00;SP;116;109.9;TAUBATE;Outras;Colisão traseira;Sem Vítimas;Pleno dia;Decrescente;Ceu Claro;Dupla;Reta;Urbano;3;3
83214129;2014-07-01;Terça;21:05:00;SP;116;154.2;SAO JOSE DOS CAMPOS;Outras;Queda de motocicleta / bicicleta / veículo;Com Vítimas Feridas;Plena noite;Crescente;Nublado;Múltipla;Reta;Urbano;1;1
83214140;2014-07-05;Sábado;12:15:00;SP;116;182.0;SANTA ISABEL;Ingestão de álcool;Colisão traseira;Com Vítimas Feridas;Pleno dia;Decrescente;Ceu Claro;Múltipla;Reta;Rural;3;2
83214141;2014-07-01;Terça;08:20:00;SP;116;161.0;JACAREI;Falta de atenção;Colisão lateral;Sem Vítimas;Pleno dia;Crescente;Ceu Claro;Dupla;Reta;Rural;2;2
83214157;2014-07-06;Domingo;07:40:00;SP;116;141.8;SAO JOSE DOS CAMPOS;Falta de atenção;Colisão traseira;Sem Vítimas;Pleno dia;Decrescente;Ceu Claro;Dupla;Reta;Urbano;2;2
83214179;2014-06-20;Sexta;21:20:00;SP;116;222.0;GUARULHOS;Não guardar distância de segurança;Colisão traseira;Sem Vítimas;Plena noite;Decrescente;Nublado;Simples;Reta;Urbano;2;2
83214200;2014-07-02;Quarta;21:00:00;SP;116;217.0;GUARULHOS;Defeito mecânico em veículo;Colisão com objeto fixo;Sem Vítimas;Plena noite;Crescente;Nublado;Simples;Reta;Urbano;1;1
83214226;2014-07-06;Domingo;05:40:00;SP;116;221.0;GUARULHOS;Dormindo;Colisão lateral;Sem Vítimas;Amanhecer;Crescente;Ceu Claro;Múltipla;Reta;Urbano;2;2
83214233;2014-07-06;Domingo;11:45:00;SP;116;215.0;GUARULHOS;Falta de atenção;Colisão lateral;Com Vítimas Feridas;Pleno dia;Decrescente;Ceu Claro;Múltipla;Reta;Urbano;3;2
83214273;2014-07-06;Domingo;10:50:00;SP;116;205.0;GUARULHOS;Falta de atenção;Colisão lateral;Sem Vítimas;Pleno dia;Decrescente;Sol;Múltipla;Reta;Urbano;2;2
83214295;2014-07-06;Domingo;13:35:00;SP;116;228.0;SAO PAULO;Falta de atenção;Colisão traseira;Sem Vítimas;Pleno dia;Crescente;Sol;Múltipla;Reta;Urbano;2;2
83214312;2014-07-02;Quarta;21:10:00;SP;116;154.0;SAO JOSE DOS CAMPOS;Falta de atenção;Colisão lateral;Com Vítimas Feridas;Plena noite;Crescente;Ceu Claro;Dupla;Reta;Urbano;3;2
83214321;2014-07-03;Quinta;14:30:00;SP;116;229.5;SAO PAULO;Não guardar distância de segurança;Colisão traseira;Com Vítimas Feridas;Pleno dia;Crescente;Ceu Claro;Múltipla;Reta;Urbano;2;2
83214420;2014-07-06;Domingo;19:50:00;SP;116;106.7;TAUBATE;Outras;Colisão traseira;Sem Vítimas;Plena noite;Crescente;Ceu Claro;Dupla;Reta;Urbano;2;2
83214431;2014-07-06;Domingo;23:00:00;SP;116;142.0;SAO JOSE DOS CAMPOS;Falta de atenção;Colisão lateral;Sem Vítimas;Plena noite;Decrescente;Ceu Claro;Dupla;Reta;Urbano;2;2
83214464;2014-07-07;Segunda;02:00:00;SP;116;135.6;SAO JOSE DOS CAMPOS;Dormindo;Capotamento;Com Vítimas Feridas;Pleno dia;Decrescente;Ceu Claro;Dupla;Reta;Urbano;4;2
83214508;2014-07-04;Sexta;06:05:00;SP;116;136.6;SAO JOSE DOS CAMPOS;Outras;Colisão frontal;Sem Vítimas;Amanhecer;Crescente;Nublado;Simples;Curva;Urbano;2;2
83214550;2014-07-03;Quinta;14:30:00;SP;116;133.0;CACAPAVA;Outras;Colisão lateral;Sem Vítimas;Pleno dia;Decrescente;Nublado;Dupla;Reta;Urbano;2;2
83214554;2014-07-02;Quarta;14:35:00;SP;116;219.0;GUARULHOS;Outras;Colisão traseira;Sem Vítimas;Pleno dia;Crescente;Ceu Claro;Múltipla;Reta;Urbano;2;2
83214607;2014-07-03;Quinta;11:40:00;SP;116;195.3;ARUJA;Outras;Colisão lateral;Sem Vítimas;Pleno dia;Crescente;Sol;Dupla;Reta;Rural;2;2
83214678;2014-07-03;Quinta;15:05:00;SP;116;214.5;GUARULHOS;Falta de atenção;Colisão traseira;Sem Vítimas;Pleno dia;Crescente;Ceu Claro;Múltipla;Reta;Urbano;2;2
83214790;2014-07-04;Sexta;04:00:00;SP;116;159.0;JACAREI;Outras;Queda de motocicleta / bicicleta / veículo;Com Vítimas Feridas;Plena noite;Crescente;Ceu Claro;Dupla;Reta;Urbano;1;1
83214819;2014-07-07;Segunda;18:50:00;SP;116;133.0;CACAPAVA;Falta de atenção;Colisão traseira;Sem Vítimas;Plena noite;Decrescente;Nublado;Dupla;Reta;Urbano;2;2
83214830;2014-07-07;Segunda;16:25:00;SP;116;142.0;SAO JOSE DOS CAMPOS;Falta de atenção;Colisão lateral;Sem Vítimas;Pleno dia;Crescente;Sol;Dupla;Reta;Urbano;2;2
83214972;2014-07-07;Segunda;21:30:00;SP;116;121.6;CACAPAVA;Outras;Colisão com objeto fixo;Sem Vítimas;Plena noite;Decrescente;Ceu Claro;Dupla;Reta;Urbano;3;3
83215024;2014-07-07;Segunda;08:40:00;SP;116;228.6;SAO PAULO;Outras;Queda de motocicleta / bicicleta / veículo;Com Vítimas Feridas;Pleno dia;Crescente;Nublado;Múltipla;Reta;Urbano;1;1
83215067;2014-07-04;Sexta;19:40:00;SP;116;212.0;GUARULHOS;Ingestão de álcool;Colisão traseira;Sem Vítimas;Plena noite;Decrescente;Vento;Múltipla;Reta;Urbano;2;2
83215077;2014-07-01;Terça;07:30:00;SP;116;196.0;ARUJA;Falta de atenção;Colisão com objeto fixo;Com Vítimas Feridas;Amanhecer;Crescente;Ceu Claro;Múltipla;Reta;Urbano;2;1
83215115;2014-07-04;Sexta;10:45:00;SP;116;146.8;SAO JOSE DOS CAMPOS;Outras;Colisão lateral;Sem Vítimas;Pleno dia;Crescente;Ceu Claro;Múltipla;Reta;Rural;3;3
83215122;2014-07-08;Terça;10:30:00;SP;116;182.0;SANTA ISABEL;Falta de atenção;Colisão traseira;Sem Vítimas;Pleno dia;Decrescente;Chuva;Dupla;Reta;Urbano;2;2
83215125;2014-07-08;Terça;11:00:00;SP;116;216.0;GUARULHOS;Falta de atenção;Colisão traseira;Sem Vítimas;Pleno dia;Decrescente;Chuva;Múltipla;Reta;Urbano;2;2
83215139;2014-07-04;Sexta;13:15:00;SP;116;211.5;GUARULHOS;Defeito mecânico em veículo;Colisão com objeto móvel;Sem Vítimas;Pleno dia;Decrescente;Sol;Múltipla;Reta;Urbano;1;1
83215177;2014-07-04;Sexta;20:00:00;SP;116;206.0;GUARULHOS;Ingestão de álcool;Colisão lateral;Com Vítimas Feridas;Plena noite;Decrescente;Ceu Claro;Dupla;Reta;Urbano;2;2
83215307;2014-07-05;Sábado;03:30:00;SP;116;109.4;TAUBATE;Outras;Capotamento;Com Vítimas Feridas;Plena noite;Decrescente;Ceu Claro;Dupla;Reta;Urbano;5;2
83215319;2014-04-05;Sábado;04:15:00;SP;116;142.0;SAO JOSE DOS CAMPOS;Outras;Colisão com objeto móvel;Com Vítimas Feridas;Plena noite;Decrescente;Nublado;Dupla;Reta;Urbano;6;3
83215331;2014-07-05;Sábado;02:20:00;SP;116;140.1;SAO JOSE DOS CAMPOS;Outras;Colisão com objeto fixo;Sem Vítimas;Plena noite;Decrescente;Ceu Claro;Dupla;Reta;Rural;1;1
83215513;2014-07-02;Quarta;13:30:00;SP;116;198.0;ARUJA;Falta de atenção;Colisão traseira;Sem Vítimas;Pleno dia;Crescente;Ceu Claro;Dupla;Reta;Urbano;2;2
83215523;2014-07-01;Terça;09:40:00;SP;116;158.0;SAO JOSE DOS CAMPOS;Falta de atenção;Colisão lateral;Sem Vítimas;Pleno dia;Crescente;Ceu Claro;Dupla;Reta;Urbano;2;2
83215526;2014-07-06;Domingo;03:45:00;SP;116;146.0;SAO JOSE DOS CAMPOS;Outras;Capotamento;Com Vítimas Feridas;Amanhecer;Crescente;Ceu Claro;Dupla;Reta;Urbano;2;2
83215633;2014-07-06;Domingo;18:15:00;SP;116;99.0;PINDAMONHANGABA;Outras;Colisão traseira;Sem Vítimas;Plena noite;Crescente;Ceu Claro;Dupla;Reta;Rural;2;2
83215692;2014-07-03;Quinta;10:45:00;SP;116;213.0;GUARULHOS;Outras;Colisão lateral;Sem Vítimas;Pleno dia;Decrescente;Ceu Claro;Múltipla;Reta;Urbano;3;3
83215763;2014-07-09;Quarta;18:30:00;SP;116;119.4;CACAPAVA;Outras;Colisão lateral;Sem Vítimas;Plena noite;Crescente;Chuva;Dupla;Reta;Urbano;2;2
83215766;2014-07-09;Quarta;19:00:00;SP;116;204.0;ARUJA;Outras;Colisão com objeto fixo;Sem Vítimas;Plena noite;Crescente;Chuva;Múltipla;Reta;Urbano;1;1
83215847;2014-07-09;Quarta;23:40:00;SP;116;220.0;GUARULHOS;Outras;Colisão traseira;Com Vítimas Feridas;Plena noite;Decrescente;Chuva;Múltipla;Reta;Urbano;5;2
83215891;2014-07-04;Sexta;07:50:00;SP;116;145.0;SAO JOSE DOS CAMPOS;Outras;Colisão traseira;Com Vítimas Feridas;Pleno dia;Crescente;Ceu Claro;Dupla;Reta;Urbano;2;2
83215905;2014-07-07;Segunda;07:40:00;SP;116;156.0;SAO JOSE DOS CAMPOS;Não guardar distância de segurança;Colisão traseira;Sem Vítimas;Pleno dia;Decrescente;Ceu Claro;Dupla;Reta;Urbano;2;2
83215915;2014-07-10;Quinta;00:30:00;SP;116;221.4;GUARULHOS;Outras;Colisão com objeto fixo;Sem Vítimas;Pleno dia;Decrescente;Chuva;Múltipla;Reta;Urbano;1;1
83215927;2014-07-10;Quinta;07:50:00;SP;116;211.0;GUARULHOS;Outras;Colisão lateral;Sem Vítimas;Pleno dia;Decrescente;Nublado;Múltipla;Reta;Urbano;2;2
83215937;2014-07-10;Quinta;11:20:00;SP;116;221.0;GUARULHOS;Não guardar distância de segurança;Colisão lateral;Sem Vítimas;Pleno dia;Decrescente;Chuva;Múltipla;Reta;Urbano;2;2
83215957;2014-07-04;Sexta;08:00:00;SP;116;143.8;SAO JOSE DOS CAMPOS;Não guardar distância de segurança;Colisão traseira;Sem Vítimas;Pleno dia;Crescente;Ceu Claro;Dupla;Reta;Urbano;4;4
83215973;2014-07-10;Quinta;08:40:00;SP;116;165.0;JACAREI;Falta de atenção;Colisão traseira;Sem Vítimas;Pleno dia;Decrescente;Chuva;Simples;Reta;Urbano;2;2
83215976;2014-07-08;Terça;10:00:00;SP;116;146.6;SAO JOSE DOS CAMPOS;Outras;Queda de motocicleta / bicicleta / veículo;Com Vítimas Feridas;Pleno dia;Decrescente;Chuva;Simples;Curva;Urbano;1;1
83215985;2014-07-10;Quinta;13:10:00;SP;116;218.2;GUARULHOS;Outras;Colisão com objeto fixo;Sem Vítimas;Pleno dia;Decrescente;Chuva;Múltipla;Reta;Urbano;1;1
83216001;2014-07-08;Terça;11:15:00;SP;116;170.0;JACAREI;Não guardar distância de segurança;Colisão traseira;Sem Vítimas;Pleno dia;Decrescente;Chuva;Simples;Curva;Rural;2;2
83216003;2014-07-10;Quinta;11:30:00;SP;116;223.5;GUARULHOS;Outras;Colisão com objeto móvel;Sem Vítimas;Pleno dia;Decrescente;Chuva;Múltipla;Reta;Urbano;2;2
83216041;2014-07-10;Quinta;11:40:00;SP;116;182.0;SANTA ISABEL;Falta de atenção;Colisão lateral;Sem Vítimas;Pleno dia;Decrescente;Nublado;Dupla;Reta;Rural;2;2
83216071;2014-07-10;Quinta;14:00:00;SP;116;214.0;GUARULHOS;Outras;Colisão lateral;Sem Vítimas;Pleno dia;Decrescente;Chuva;Múltipla;Reta;Urbano;2;2
83216078;2014-07-10;Quinta;13:00:00;SP;116;151.0;SAO JOSE DOS CAMPOS;Outras;Saída de Pista;Sem Vítimas;Pleno dia;Crescente;Chuva;Dupla;Reta;Urbano;1;1
83216079;2014-07-07;Segunda;05:40:00;SP;116;173.7;GUARAREMA;Não guardar distância de segurança;Colisão traseira;Sem Vítimas;Plena noite;Decrescente;Ceu Claro;Dupla;Reta;Urbano;2;2
83216124;2014-07-10;Quinta;15:30:00;SP;116;221.0;GUARULHOS;Falta de atenção;Colisão traseira;Sem Vítimas;Pleno dia;Crescente;Chuva;Múltipla;Reta;Urbano;2;2
83216168;2014-07-10;Quinta;07:20:00;SP;116;229.0;SAO PAULO;Falta de atenção;Colisão lateral;Sem Vítimas;Pleno dia;Crescente;Chuva;Múltipla;Reta;Urbano;2;2
83216185;2014-07-02;Quarta;13:10:00;SP;116;219.0;GUARULHOS;Outras;Colisão traseira;Sem Vítimas;Pleno dia;Crescente;Nublado;Dupla;Reta;Urbano;2;2
83216197;2014-07-10;Quinta;19:00:00;SP;116;218.0;GUARULHOS;Falta de atenção;Colisão lateral;Sem Vítimas;Plena noite;Crescente;Nublado;Múltipla;Reta;Urbano;2;2
83216205;2014-07-10;Quinta;14:30:00;SP;116;220.0;GUARULHOS;Falta de atenção;Colisão traseira;Sem Vítimas;Pleno dia;Crescente;Chuva;Simples;Reta;Urbano;2;2
83216206;2014-07-10;Quinta;14:40:00;SP;116;149.0;SAO JOSE DOS CAMPOS;Falta de atenção;Saída de Pista;Sem Vítimas;Pleno dia;Decrescente;Chuva;Múltipla;Reta;Urbano;1;1
83216258;2014-07-10;Quinta;14:05:00;SP;116;140.0;SAO JOSE DOS CAMPOS;Falta de atenção;Colisão traseira;Sem Vítimas;Pleno dia;Crescente;Chuva;Dupla;Reta;Urbano;3;3
83216260;2014-07-10;Quinta;09:30:00;SP;116;125.6;CACAPAVA;Falta de atenção;Colisão traseira;Com Vítimas Feridas;Pleno dia;Crescente;Chuva;Dupla;Reta;Urbano;3;3
83216261;2014-07-10;Quinta;14:10:00;SP;116;142.8;SAO JOSE DOS CAMPOS;Falta de atenção;Colisão traseira;Sem Vítimas;Pleno dia;Decrescente;Chuva;Dupla;Reta;Urbano;3;3
83216263;2014-07-10;Quinta;14:15:00;SP;116;142.9;SAO JOSE DOS CAMPOS;Falta de atenção;Colisão traseira;Sem Vítimas;Pleno dia;Decrescente;Chuva;Dupla;Reta;Urbano;3;3
83216264;2014-07-10;Quinta;22:00:00;SP;116;133.3;TAUBATE;Outras;Colisão lateral;Com Vítimas Feridas;Plena noite;Crescente;Chuva;Dupla;Reta;Urbano;2;2
83216483;2014-07-11;Sexta;08:00:00;SP;116;139.0;SAO JOSE DOS CAMPOS;Não guardar distância de segurança;Colisão traseira;Sem Vítimas;Amanhecer;Crescente;Nublado;Simples;Reta;Rural;3;3
83216521;2014-07-11;Sexta;12:30:00;SP;116;165.0;JACAREI;Não guardar distância de segurança;Colisão traseira;Sem Vítimas;Pleno dia;Crescente;Ceu Claro;Dupla;Reta;Urbano;2;2
83216542;2014-07-10;Quinta;01:00:00;SP;116;121.4;CACAPAVA;Outras;Colisão com objeto fixo;Sem Vítimas;Plena noite;Decrescente;Chuva;Dupla;Reta;Urbano;1;1
83216578;2014-07-11;Sexta;16:20:00;SP;116;173.3;JACAREI;Animais na Pista;Atropelamento de animal;Sem Vítimas;Pleno dia;Crescente;Ceu Claro;Dupla;Reta;Rural;1;1
83216629;2014-07-10;Quinta;08:30:00;SP;116;217.0;GUARULHOS;Não guardar distância de segurança;Colisão traseira;Sem Vítimas;Pleno dia;Crescente;Chuva;Múltipla;Reta;Urbano;2;2
83216670;2014-07-10;Quinta;21:00:00;SP;116;226.0;GUARULHOS;Não guardar distância de segurança;Colisão traseira;Sem Vítimas;Plena noite;Decrescente;Nublado;Múltipla;Reta;Urbano;6;6
83216677;2014-07-10;Quinta;15:00:00;SP;116;229.0;SAO PAULO;Não guardar distância de segurança;Colisão lateral;Sem Vítimas;Pleno dia;Crescente;Chuva;Múltipla;Reta;Urbano;2;2
83216718;2014-07-11;Sexta;18:45:00;SP;116;161.0;JACAREI;Outras;Colisão traseira;Com Vítimas Feridas;Plena noite;Decrescente;Nublado;Dupla;Reta;Urbano;4;2
83216787;2014-07-07;Segunda;20:00:00;SP;116;218.5;GUARULHOS;Outras;Colisão com objeto fixo;Sem Vítimas;Plena noite;Crescente;Chuva;Múltipla;Reta;Urbano;1;1
83216872;2014-07-08;Terça;23:30:00;SP;116;229.0;SAO PAULO;Outras;Atropelamento de pessoa;Com Vítimas Fatais;Plena noite;Crescente;Ceu Claro;Múltipla;Reta;Urbano;2;1
83216883;2014-07-08;Terça;14:00:00;SP;116;223.0;GUARULHOS;Desobediência à sinalização;Colisão lateral;Com Vítimas Feridas;Pleno dia;Decrescente;Nublado;Múltipla;Reta;Urbano;2;2
83216954;2014-07-10;Quinta;17:45:00;SP;116;156.0;SAO JOSE DOS CAMPOS;Não guardar distância de segurança;Colisão traseira;Sem Vítimas;Anoitecer;Decrescente;Chuva;Dupla;Reta;Urbano;2;2
83216963;2014-07-08;Terça;10:40:00;SP;116;119.4;CACAPAVA;Não guardar distância de segurança;Colisão traseira;Sem Vítimas;Pleno dia;Crescente;Ceu Claro;Dupla;Reta;Rural;4;4
83216991;2014-07-08;Terça;12:35:00;SP;116;102.6;PINDAMONHANGABA;Outras;Saída de Pista;Sem Vítimas;Pleno dia;Crescente;Chuva;Múltipla;Reta;Rural;2;2
83217016;2014-07-08;Terça;11:40:00;SP;116;110.5;TAUBATE;Outras;Colisão com objeto fixo;Sem Vítimas;Pleno dia;Decrescente;Chuva;Múltipla;Reta;Urbano;1;1
83217053;2014-07-08;Terça;13:45:00;SP;116;108.8;TAUBATE;Outras;Saída de Pista;Sem Vítimas;Pleno dia;Decrescente;Ceu Claro;Dupla;Reta;Urbano;1;1
83217055;2014-07-08;Terça;10:30:00;SP;116;145.9;SAO JOSE DOS CAMPOS;Não guardar distância de segurança;Colisão traseira;Sem Vítimas;Pleno dia;Decrescente;Ceu Claro;Simples;Curva;Rural;2;2
83217062;2014-07-08;Terça;23:45:00;SP;116;110.2;TAUBATE;Ingestão de álcool;Colisão com objeto fixo;Sem Vítimas;Plena noite;Decrescente;Chuva;Dupla;Curva;Urbano;3;1
83217203;2014-07-12;Sábado;17:30:00;SP;116;141.1;SAO JOSE DOS CAMPOS;Outras;Queda de motocicleta / bicicleta / veículo;Com Vítimas Feridas;Anoitecer;Crescente;Ceu Claro;Dupla;Reta;Rural;2;1
83217226;2014-07-12;Sábado;22:15:00;SP;116;148.0;SAO JOSE DOS CAMPOS;Outras;Colisão traseira;Com Vítimas Feridas;Plena noite;Decrescente;Ceu Claro;Dupla;Reta;Rural;3;2
83217233;2014-06-30;Segunda;18:40:00;SP;116;210.0;GUARULHOS;Outras;Colisão lateral;Sem Vítimas;Plena noite;Decrescente;Ceu Claro;Dupla;Reta;Urbano;2;2
83217257;2014-07-12;Sábado;11:10:00;SP;116;103.4;PINDAMONHANGABA;Outras;Saída de Pista;Sem Vítimas;Pleno dia;Decrescente;Sol;Dupla;Reta;Rural;2;2
83217326;2014-07-05;Sábado;00:40:00;SP;116;109.8;TAUBATE;Outras;Colisão com objeto fixo;Ignorado;Plena noite;Decrescente;Ceu Claro;Dupla;Reta;Urbano;1;1
83217338;2014-07-10;Quinta;01:20:00;SP;116;110.2;TAUBATE;Outras;Colisão com objeto fixo;Sem Vítimas;Plena noite;Crescente;Chuva;Dupla;Reta;Urbano;2;2
83217350;2014-07-09;Quarta;07:40:00;SP;116;108.6;TAUBATE;Outras;Colisão lateral;Sem Vítimas;Pleno dia;Crescente;Nublado;Dupla;Reta;Urbano;2;2
83217393;2014-07-11;Sexta;14:40:00;SP;116;121.7;CACAPAVA;Outras;Colisão lateral;Sem Vítimas;Pleno dia;Crescente;Nublado;Dupla;Reta;Urbano;3;3
83217395;2014-07-11;Sexta;18:15:00;SP;116;117.0;TAUBATE;Falta de atenção;Colisão lateral;Sem Vítimas;Anoitecer;Decrescente;Nublado;Dupla;Reta;Urbano;2;2
83217402;2014-07-01;Terça;15:10:00;SP;116;163.0;JACAREI;Falta de atenção;Colisão lateral;Sem Vítimas;Pleno dia;Crescente;Ceu Claro;Dupla;Reta;Urbano;2;2
83217480;2014-07-09;Quarta;10:00:00;SP;116;186.2;SAO JOSE DOS CAMPOS;Falta de atenção;Saída de Pista;Sem Vítimas;Pleno dia;Crescente;Nublado;Simples;Curva;Urbano;1;1
83217519;2014-07-13;Domingo;10:00:00;SP;116;206.5;GUARULHOS;Outras;Capotamento;Sem Vítimas;Pleno dia;Crescente;Ceu Claro;Dupla;Reta;Urbano;1;1
83217552;2014-07-13;Domingo;16:30:00;SP;116;210.0;GUARULHOS;Falta de atenção;Colisão traseira;Sem Vítimas;Pleno dia;Crescente;Ceu Claro;Múltipla;Reta;Urbano;2;2
83217591;2014-07-01;Terça;15:10:00;SP;116;163.0;JACAREI;Falta de atenção;Colisão lateral;Sem Vítimas;Pleno dia;Crescente;Ceu Claro;Dupla;Reta;Urbano;2;2
83217665;2014-07-13;Domingo;20:00:00;SP;116;204.0;ARUJA;Velocidade incompatível;Colisão lateral;Com Vítimas Feridas;Plena noite;Crescente;Ceu Claro;Dupla;Reta;Rural;5;4
83217741;2014-07-11;Sexta;10:00:00;SP;116;214.0;GUARULHOS;Outras;Colisão com objeto fixo;Sem Vítimas;Pleno dia;Decrescente;Nublado;Múltipla;Reta;Urbano;1;1
83217818;2014-07-07;Segunda;07:30:00;SP;116;154.0;SAO JOSE DOS CAMPOS;Velocidade incompatível;Colisão Transversal;Sem Vítimas;Pleno dia;Decrescente;Ceu Claro;Múltipla;Reta;Urbano;2;2
83217867;2014-07-14;Segunda;11:50:00;SP;116;157.0;SAO JOSE DOS CAMPOS;Outras;Capotamento;Sem Vítimas;Pleno dia;Crescente;Ceu Claro;Dupla;Reta;Urbano;1;1
83217880;2014-07-10;Quinta;19:30:00;SP;116;158.0;JACAREI;Não guardar distância de segurança;Colisão traseira;Sem Vítimas;Plena noite;Decrescente;Chuva;Dupla;Reta;Urbano;2;2
83217884;2014-07-14;Segunda;09:50:00;SP;116;228.0;SAO PAULO;Falta de atenção;Colisão traseira;Sem Vítimas;Pleno dia;Crescente;Nublado;Múltipla;Reta;Urbano;3;3
83217900;2014-07-10;Quinta;20:02:00;SP;116;99.4;PINDAMONHANGABA;Outras;Colisão traseira;Com Vítimas Feridas;Plena noite;Decrescente;Chuva;Dupla;Reta;Rural;3;3
83217931;2014-07-10;Quinta;17:55:00;SP;116;149.0;SAO JOSE DOS CAMPOS;Não guardar distância de segurança;Colisão traseira;Sem Vítimas;Anoitecer;Decrescente;Chuva;Dupla;Reta;Urbano;2;2