id;data_inversa;dia_semana;horario;uf;br;km;municipio;causa_acidente;tipo_acidente;classificacao_acidente;fase_dia;sentido_via;condicao_metereologica;tipo_pista;tracado_via;uso_solo;pessoas;veiculos
83237900;2014-08-25;Segunda;22:10:00;SP;116;212.0;GUARULHOS;Falta de atenção;Colisão traseira;Sem Vítimas;Plena noite;Decrescente;Ceu Claro;Múltipla;Reta;Urbano;2;2
83238023;2014-08-21;Quinta;16:50:00;SP;116;225.0;GUARULHOS;Velocidade incompatível;Colisão traseira;Sem Vítimas;Pleno dia;Decrescente;Ceu Claro;Múltipla;Reta;Urbano;3;3
83238025;2014-08-23;Sábado;18:15:00;SP;116;211.0;GUARULHOS;Outras;Colisão frontal;Sem Vítimas;Pleno dia;Crescente;Ceu Claro;Múltipla;Reta;Urbano;2;2
83238031;2014-08-14;Quinta;19:30:00;SP;116;154.0;SAO JOSE DOS CAMPOS;Outras;Colisão traseira;Sem Vítimas;Plena noite;Crescente;Ceu Claro;Dupla;Reta;Urbano;2;2
83238090;2014-08-23;Sábado;04:25:00;SP;116;174.0;JACAREI;Falta de atenção;Colisão traseira;Sem Vítimas;Plena noite;Decrescente;Ceu Claro;Dupla;Reta;Rural;2;2
83238094;2014-08-23;Sábado;04:25:00;SP;116;155.0;SAO JOSE DOS CAMPOS;Outras;Atropelamento de pessoa;Com Vítimas Feridas;Amanhecer;Crescente;Ceu Claro;Dupla;Reta;Urbano;2;1
83238125;2014-08-22;Sexta;07:44:00;SP;116;223.0;GUARULHOS;Falta de atenção;Colisão lateral;Com Vítimas Feridas;Pleno dia;Crescente;Ceu Claro;Múltipla;Reta;Urbano;2;2
83238134;2014-08-22;Sexta;17:50:00;SP;116;210.0;GUARULHOS;Não guardar distância de segurança;Colisão lateral;Sem Vítimas;Anoitecer;Decrescente;Ceu Claro;Múltipla;Reta;Urbano;2;2
83238173;2014-08-23;Sábado;00:30:00;SP;116;212.0;GUARULHOS;Outras;Colisão traseira;Sem Vítimas;Plena noite;Decrescente;Ceu Claro;Múltipla;Reta;Urbano;2;2
83238225;2014-08-22;Sexta;18:50:00;SP;116;144.7;SAO JOSE DOS CAMPOS;Outras;Colisão traseira;Sem Vítimas;Plena noite;Crescente;Nublado;Múltipla;Reta;Urbano;3;3
83238262;2014-08-25;Segunda;17:20:00;SP;116;153.0;SAO JOSE DOS CAMPOS;Não guardar distância de segurança;Colisão traseira;Com Vítimas Feridas;Pleno dia;Decrescente;Ceu Claro;Múltipla;Reta;Rural;2;2
83238297;2014-08-23;Sábado;07:50:00;SP;116;146.0;SAO JOSE DOS CAMPOS;Outras;Colisão com objeto fixo;Sem Vítimas;Pleno dia;Crescente;Ceu Claro;Múltipla;Reta;Urbano;2;2
83238366;2014-08-26;Terça;17:30:00;SP;116;136.1;SAO JOSE DOS CAMPOS;Não guardar distância de segurança;Colisão traseira;Com Vítimas Feridas;Pleno dia;Crescente;Ceu Claro;Dupla;Reta;Rural;2;2
83238536;2014-08-21;Quinta;07:00:00;SP;116;215.0;GUARULHOS;Não guardar distância de segurança;Colisão traseira;Sem Vítimas;Amanhecer;Crescente;Ceu Claro;Simples;Reta;Urbano;3;3
83238549;2014-08-27;Quarta;08:00:00;SP;116;147.0;SAO JOSE DOS CAMPOS;Falta de atenção;Colisão traseira;Com Vítimas Feridas;Pleno dia;Decrescente;Ceu Claro;Dupla;Reta;Urbano;2;2
83238587;2014-08-27;Quarta;11:30:00;SP;116;158.8;SAO JOSE DOS CAMPOS;Falta de atenção;Colisão traseira;Sem Vítimas;Pleno dia;Decrescente;Sol;Dupla;Reta;Urbano;2;2
83238603;2014-08-27;Quarta;08:40:00;SP;116;226.0;GUARULHOS;Falta de atenção;Colisão lateral;Sem Vítimas;Pleno dia;Decrescente;Sol;Múltipla;Reta;Urbano;2;2
83238640;2014-08-26;Terça;11:05:00;SP;116;178.3;GUARAREMA;Defeito mecânico em veículo;Queda de motocicleta / bicicleta / veículo;Com Vítimas Feridas;Pleno dia;Decrescente;Ceu Claro;Dupla;Curva;Rural;2;1
83238681;2014-08-25;Segunda;20:40:00;SP;116;157.6;SAO JOSE DOS CAMPOS;Falta de atenção;Colisão lateral;Sem Vítimas;Plena noite;Decrescente;Ceu Claro;Simples;Reta;Urbano;3;3
83238699;2014-08-26;Terça;07:50:00;SP;116;144.4;SAO JOSE DOS CAMPOS;Falta de atenção;Colisão lateral;Sem Vítimas;Pleno dia;Crescente;Ceu Claro;Simples;Reta;Urbano;2;2
83238712;2014-08-27;Quarta;08:40:00;SP;116;160.0;JACAREI;Falta de atenção;Colisão lateral;Sem Vítimas;Pleno dia;Decrescente;Ceu Claro;Dupla;Reta;Urbano;2;2
83238729;2014-08-27;Quarta;14:30:00;SP;116;222.0;GUARULHOS;Falta de atenção;Colisão traseira;Sem Vítimas;Pleno dia;Crescente;Ceu Claro;Múltipla;Reta;Urbano;3;3
83238744;2014-08-16;Sábado;18:30:00;SP;116;154.0;SAO JOSE DOS CAMPOS;Ingestão de álcool;Capotamento;Sem Vítimas;Plena noite;Decrescente;Nublado;Dupla;Reta;Urbano;1;1
83238750;2014-08-20;Quarta;17:30:00;SP;116;147.0;SAO JOSE DOS CAMPOS;Falta de atenção;Colisão lateral;Sem Vítimas;Anoitecer;Decrescente;Nublado;Dupla;Reta;Urbano;2;2
83238759;2014-08-24;Domingo;11:45:00;SP;116;155.8;SAO JOSE DOS CAMPOS;Defeito mecânico em veículo;Colisão traseira;Sem Vítimas;Pleno dia;Crescente;Sol;Dupla;Reta;Urbano;2;2
83238763;2014-08-27;Quarta;18:55:00;SP;116;112.9;TAUBATE;Falta de atenção;Capotamento;Sem Vítimas;Plena noite;Crescente;Nublado;Dupla;Reta;Urbano;2;2
83238787;2014-08-27;Quarta;14:33:00;SP;116;221.7;GUARULHOS;Outras;Colisão lateral;Sem Vítimas;Pleno dia;Crescente;Ceu Claro;Múltipla;Reta;Urbano;2;2
83238791;2014-08-13;Quarta;05:00:00;SP;116;188.9;SANTA ISABEL;Outras;Colisão traseira;Com Vítimas Feridas;Amanhecer;Crescente;Nublado;Dupla;Reta;Rural;3;2
83238807;2014-08-16;Sábado;18:00:00;SP;116;180.0;GUARAREMA;Falta de atenção;Colisão traseira;Sem Vítimas;Anoitecer;Crescente;Nublado;Múltipla;Reta;Rural;2;2
83238954;2014-08-21;Quinta;06:30:00;SP;116;212.3;GUARULHOS;Não guardar distância de segurança;Colisão traseira;Sem Vítimas;Amanhecer;Crescente;Ceu Claro;Múltipla;Reta;Urbano;3;3
83238988;2014-08-28;Quinta;07:00:00;SP;116;219.0;GUARULHOS;Falta de atenção;Colisão lateral;Sem Vítimas;Pleno dia;Crescente;Ceu Claro;Múltipla;Reta;Urbano;2;2
83239041;2014-08-20;Quarta;12:00:00;SP;116;211.0;GUARULHOS;Outras;Colisão Transversal;Sem Vítimas;Pleno dia;Crescente;Sol;Múltipla;Reta;Urbano;2;2
83239064;2014-08-25;Segunda;07:45:00;SP;116;126.4;CACAPAVA;Não guardar distância de segurança;Colisão traseira;Sem Vítimas;Pleno dia;Crescente;Nublado;Dupla;Reta;Rural;2;2
83239071;2014-08-27;Quarta;11:56:00;SP;116;160.7;JACAREI;Falta de atenção;Colisão traseira;Com Vítimas Feridas;Pleno dia;Decrescente;Ceu Claro;Dupla;Reta;Urbano;6;5
83239197;2014-03-26;Quarta;04:50:00;SP;116;103.5;TAUBATE;Dormindo;Saída de Pista;Com Vítimas Feridas;Plena noite;Crescente;Nublado;Dupla;Reta;Rural;1;1
83239242;2014-08-28;Quinta;18:40:00;SP;116;211.0;GUARULHOS;Falta de atenção;Colisão traseira;Sem Vítimas;Plena noite;Crescente;Ceu Claro;Múltipla;Reta;Urbano;2;2
83239249;2014-08-27;Quarta;08:40:00;SP;116;226.0;GUARULHOS;Falta de atenção;Colisão traseira;Sem Vítimas;Pleno dia;Crescente;Sol;Múltipla;Reta;Urbano;2;2
83239339;2014-08-21;Quinta;00:30:00;SP;116;112.0;TAUBATE;Outras;Colisão traseira;Com Vítimas Feridas;Plena noite;Decrescente;Ceu Claro;Simples;Reta;Urbano;2;2
83239402;2014-08-22;Sexta;06:40:00;SP;116;142.6;SAO JOSE DOS CAMPOS;Outras;Queda de motocicleta / bicicleta / veículo;Com Vítimas Fatais;Pleno dia;Decrescente;Sol;Dupla;Reta;Urbano;1;1
83239412;2014-08-25;Segunda;17:30:00;SP;116;107.1;TAUBATE;Outras;Queda de motocicleta / bicicleta / veículo;Com Vítimas Feridas;Anoitecer;Decrescente;Sol;Dupla;Reta;Urbano;2;1
83239423;2014-08-21;Quinta;19:00:00;SP;116;125.8;CACAPAVA;Defeito mecânico em veículo;Incêndio;Sem Vítimas;Plena noite;Crescente;Ceu Claro;Dupla;Reta;Urbano;1;1
83239467;2014-08-16;Sábado;17:20:00;SP;116;159.0;JACAREI;Falta de atenção;Colisão com objeto fixo;Com Vítimas Feridas;Pleno dia;Crescente;Ceu Claro;Dupla;Reta;Rural;2;1
83239506;2014-08-25;Segunda;22:55:00;SP;116;222.0;GUARULHOS;Falta de atenção;Colisão traseira;Sem Vítimas;Plena noite;Decrescente;Ceu Claro;Simples;Reta;Urbano;2;2
83239509;2014-08-29;Sexta;12:00:00;SP;116;219.0;GUARULHOS;Outras;Saída de Pista;Com Vítimas Feridas;Pleno dia;Crescente;Nublado;Múltipla;Reta;Urbano;1;1
83239511;2014-08-27;Quarta;08:40:00;SP;116;226.0;SAO PAULO;Falta de atenção;Colisão traseira;Sem Vítimas;Pleno dia;Crescente;Nublado;Simples;Reta;Urbano;2;2
83239542;2014-08-23;Sábado;15:15:00;SP;116;210.0;GUARULHOS;Falta de atenção;Colisão traseira;Sem Vítimas;Pleno dia;Crescente;Nublado;Simples;Reta;Urbano;3;3
83239575;2014-08-25;Segunda;11:00:00;SP;116;213.8;GUARULHOS;Não guardar distância de segurança;Colisão lateral;Com Vítimas Feridas;Pleno dia;Crescente;Sol;Múltipla;Reta;Urbano;2;2
83239659;2014-08-25;Segunda;23:00:00;SP;116;134.1;SAO JOSE DOS CAMPOS;Outras;Capotamento;Com Vítimas Feridas;Plena noite;Decrescente;Ceu Claro;Dupla;Reta;Urbano;1;1
83239677;2014-08-22;Sexta;09:00:00;SP;116;199.0;ARUJA;Outras;Colisão traseira;Sem Vítimas;Pleno dia;Crescente;Sol;Dupla;Reta;Urbano;2;2
83239705;2014-08-29;Sexta;18:40:00;SP;116;157.0;SAO JOSE DOS CAMPOS;Não guardar distância de segurança;Colisão traseira;Sem Vítimas;Plena noite;Decrescente;Ceu Claro;Dupla;Reta;Rural;5;5
83239757;2014-08-29;Sexta;18:20:00;SP;116;113.6;TAUBATE;Não guardar distância de segurança;Colisão traseira;Sem Vítimas;Plena noite;Decrescente;Ceu Claro;Dupla;Reta;Urbano;5;5
83239767;2014-08-23;Sábado;06:00:00;SP;116;203.0;ARUJA;Não guardar distância de segurança;Colisão traseira;Sem Vítimas;Amanhecer;Decrescente;Sol;Dupla;Reta;Urbano;2;2
83239846;2014-08-25;Segunda;07:45:00;SP;116;220.0;GUARULHOS;Não guardar distância de segurança;Colisão traseira;Sem Vítimas;Amanhecer;Decrescente;Ceu Claro;Simples;Reta;Urbano;2;2
83239890;2014-08-26;Terça;17:50:00;SP;116;215.0;GUARULHOS;Não guardar distância de segurança;Colisão traseira;Com Vítimas Feridas;Anoitecer;Crescente;Nublado;Múltipla;Reta;Urbano;2;2
83239935;2014-08-30;Sábado;10:50:00;SP;116;139.2;SAO JOSE DOS CAMPOS;Outras;Capotamento;Sem Vítimas;Pleno dia;Decrescente;Sol;Dupla;Reta;Rural;2;2
83240050;2014-08-30;Sábado;15:57:00;SP;116;220.0;GUARULHOS;Falta de atenção;Colisão lateral;Sem Vítimas;Pleno dia;Decrescente;Ceu Claro;Múltipla;Reta;Urbano;2;2
83240066;2014-08-27;Quarta;06:10:00;SP;116;222.0;GUARULHOS;Não guardar distância de segurança;Colisão traseira;Sem Vítimas;Amanhecer;Decrescente;Ceu Claro;Múltipla;Reta;Urbano;3;3
83240114;2014-08-28;Quinta;17:30:00;SP;116;162.0;JACAREI;Outras;Colisão lateral;Com Vítimas Feridas;Anoitecer;Crescente;Ceu Claro;Dupla;Reta;Urbano;3;3
83240137;2014-08-25;Segunda;06:10:00;SP;116;227.8;GUARULHOS;Falta de atenção;Colisão lateral;Sem Vítimas;Amanhecer;Crescente;Ceu Claro;Múltipla;Reta;Urbano;3;3
83240234;2014-08-11;Segunda;01:00:00;SP;116;212.0;GUARULHOS;Falta de atenção;Colisão traseira;Sem Vítimas;Plena noite;Decrescente;Ceu Claro;Múltipla;Reta;Urbano;2;2
83240307;2014-08-29;Sexta;07:40:00;SP;116;208.0;GUARULHOS;Falta de atenção;Colisão lateral;Sem Vítimas;Pleno dia;Crescente;Nublado;Dupla;Cruzamento;Urbano;3;3
83240326;2014-08-30;Sábado;04:40:00;SP;116;228.0;SAO PAULO;Velocidade incompatível;Colisão traseira;Com Vítimas Feridas;Plena noite;Decrescente;Ceu Claro;Múltipla;Reta;Urbano;4;4
83240385;2014-08-31;Domingo;14:10:00;SP;116;227.0;SAO PAULO;Falta de atenção;Colisão lateral;Sem Vítimas;Pleno dia;Decrescente;Ceu Claro;Múltipla;Curva;Urbano;2;2
83240437;2014-08-30;Sábado;17:15:00;SP;116;182.5;SANTA ISABEL;Defeito mecânico em veículo;Colisão traseira;Sem Vítimas;Pleno dia;Decrescente;Ceu Claro;Múltipla;Reta;Rural;2;2
83240460;2014-08-31;Domingo;04:50:00;SP;116;161.4;JACAREI;Outras;Queda de motocicleta / bicicleta / veículo;Com Vítimas Feridas;Plena noite;Crescente;Ceu Claro;Simples;Reta;Urbano;1;1
83240532;2014-08-27;Quarta;21:20:00;SP;116;210.0;GUARULHOS;Outras;Colisão traseira;Sem Vítimas;Plena noite;Decrescente;Ceu Claro;Múltipla;Reta;Urbano;2;2
83240650;2014-08-31;Domingo;18:10:00;SP;116;207.0;GUARULHOS;Falta de atenção;Colisão traseira;Sem Vítimas;Anoitecer;Crescente;Chuva;Múltipla;Reta;Urbano;2;2
83240665;2014-08-20;Quarta;23:00:00;SP;116;193.5;SANTA ISABEL;Falta de atenção;Tombamento;Sem Vítimas;Plena noite;Decrescente;Ceu Claro;Dupla;Curva;Rural;1;1
83240686;2014-09-01;Segunda;07:00:00;SP;116;155.0;SAO JOSE DOS CAMPOS;Ingestão de álcool;Colisão com objeto fixo;Sem Vítimas;Pleno dia;Decrescente;Nublado;Dupla;Reta;Urbano;1;1
83240699;2014-08-29;Sexta;19:10:00;SP;116;211.0;GUARULHOS;Não guardar distância de segurança;Colisão traseira;Sem Vítimas;Plena noite;Crescente;Nublado;Múltipla;Reta;Urbano;5;5
83240706;2014-08-31;Domingo;00:30:00;SP;116;219.0;GUARULHOS;Velocidade incompatível;Colisão lateral;Sem Vítimas;Plena noite;Crescente;Nublado;Múltipla;Reta;Urbano;3;2
83240777;2014-08-18;Segunda;19:00:00;SP;116;147.2;SAO JOSE DOS CAMPOS;Falta de atenção;Colisão lateral;Sem Vítimas;Anoitecer;Decrescente;Ceu Claro;Simples;Reta;Urbano;3;3
83240794;2014-09-01;Segunda;07:50:00;SP;116;142.2;SAO JOSE DOS CAMPOS;Falta de atenção;Atropelamento de pessoa;Com Vítimas Feridas;Pleno dia;Crescente;Nublado;Dupla;Reta;Urbano;2;1
83240802;2014-08-25;Segunda;18:35:00;SP;116;153.4;SAO JOSE DOS CAMPOS;Falta de atenção;Colisão traseira;Sem Vítimas;Plena noite;Crescente;Ceu Claro;Simples;Reta;Urbano;3;3
83240805;2014-08-25;Segunda;01:00:00;SP;116;199.3;ARUJA;Outras;Saída de Pista;Sem Vítimas;Plena noite;Decrescente;Nublado;Simples;Curva;Urbano;1;1
83240819;2014-08-28;Quinta;18:00:00;SP;116;223.8;GUARULHOS;Falta de atenção;Colisão traseira;Com Vítimas Feridas;Anoitecer;Decrescente;Ceu Claro;Múltipla;Reta;Urbano;3;2
83240953;2014-09-01;Segunda;15:30:00;SP;116;155.0;SAO JOSE DOS CAMPOS;Falta de atenção;Colisão lateral;Sem Vítimas;Pleno dia;Crescente;Ceu Claro;Múltipla;Reta;Rural;2;2
83240987;2014-08-29;Sexta;17:30:00;SP;116;165.0;JACAREI;Falta de atenção;Colisão traseira;Sem Vítimas;Pleno dia;Decrescente;Nublado;Simples;Reta;Urbano;2;2
83241152;2014-09-01;Segunda;07:06:00;SP;116;218.6;GUARULHOS;Não guardar distância de segurança;Colisão lateral;Com Vítimas Feridas;Amanhecer;Crescente;Ceu Claro;Múltipla;Reta;Urbano;2;2
83241190;2014-08-14;Quinta;18:20:00;SP;116;150.4;SAO JOSE DOS CAMPOS;Velocidade incompatível;Derramamento de Carga;Sem Vítimas;Anoitecer;Decrescente;Nublado;Dupla;Reta;Urbano;1;1
83241208;2014-08-30;Sábado;05:20:00;SP;116;133.6;CACAPAVA;Outras;Colisão com objeto fixo;Com Vítimas Feridas;Amanhecer;Crescente;Ceu Claro;Dupla;Reta;Rural;3;1
83241225;2014-08-28;Quinta;11:00:00;SP;116;205.0;ARUJA;Falta de atenção;Colisão lateral;Sem Vítimas;Pleno dia;Crescente;Ceu Claro;Múltipla;Reta;Urbano;2;2
83241252;2014-09-02;Terça;11:50:00;SP;116;149.0;SAO JOSE DOS CAMPOS;Falta de atenção;Colisão lateral;Sem Vítimas;Pleno dia;Crescente;Ceu Claro;Simples;Reta;Urbano;2;2
83241301;2014-08-30;Sábado;04:30:00;SP;116;106.1;TAUBATE;Velocidade incompatível;Capotamento;Com Vítimas Fatais;Plena noite;Crescente;Ceu Claro;Dupla;Reta;Urbano;2;1
83241307;2014-08-30;Sábado;03:30:00;SP;116;137.3;SAO JOSE DOS CAMPOS;Dormindo;Colisão traseira;Com Vítimas Feridas;Plena noite;Decrescente;Nublado;Dupla;Reta;Urbano;2;2
83241309;2014-09-02;Terça;11:20:00;SP;116;224.5;GUARULHOS;Outras;Colisão com objeto móvel;Sem Vítimas;Pleno dia;Decrescente;Ceu Claro;Múltipla;Reta;Urbano;1;1
83241325;2014-08-27;Quarta;15:40:00;SP;116;149.0;SAO JOSE DOS CAMPOS;Falta de atenção;Colisão traseira;Sem Vítimas;Pleno dia;Decrescente;Ceu Claro;Simples;Reta;Urbano;3;3
83241334;2014-08-29;Sexta;17:00:00;SP;116;135.3;SAO JOSE DOS CAMPOS;Não guardar distância de segurança;Colisão traseira;Sem Vítimas;Pleno dia;Crescente;Sol;Dupla;Reta;Rural;2;2
83241369;2014-09-01;Segunda;20:00:00;SP;116;108.0;TAUBATE;Falta de atenção;Colisão traseira;Sem Vítimas;Plena noite;Crescente;Nublado;Dupla;Reta;Urbano;2;2
83241396;2014-08-29;Sexta;17:45:00;SP;116;115.6;TAUBATE;Não guardar distância de segurança;Colisão traseira;Sem Vítimas;Anoitecer;Decrescente;Nublado;Dupla;Reta;Urbano;3;3
83241407;2014-08-30;Sábado;02:00:00;SP;116;228.0;SAO PAULO;Ingestão de álcool;Colisão traseira;Com Vítimas Feridas;Plena noite;Decrescente;Ceu Claro;Múltipla;Reta;Urbano;3;2
83241433;2014-08-29;Sexta;23:35:00;SP;116;215.0;GUARULHOS;Não guardar distância de segurança;Colisão lateral;Com Vítimas Feridas;Plena noite;Decrescente;Ceu Claro;Simples;Reta;Urbano;2;2
83241447;2014-08-28;Quinta;07:30:00;SP;116;219.0;GUARULHOS;Outras;Colisão traseira;Sem Vítimas;Pleno dia;Crescente;Nublado;Múltipla;Reta;Urbano;2;2
83241473;2014-09-02;Terça;01:40:00;SP;116;198.0;ARUJA;Outras;Colisão traseira;Sem Vítimas;Plena noite;Crescente;Ceu Claro;Dupla;Reta;Urbano;2;2
83241656;2014-09-03;Quarta;07:00:00;SP;116;155.0;SAO JOSE DOS CAMPOS;Ultrapassagem indevida;Colisão lateral;Sem Vítimas;Amanhecer;Crescente;Ceu Claro;Múltipla;Reta;Rural;3;3
83241720;2014-09-02;Terça;22:30:00;SP;116;142.0;SAO JOSE DOS CAMPOS;Falta de atenção;Atropelamento de pessoa;Com Vítimas Feridas;Plena noite;Decrescente;Vento;Dupla;Reta;Urbano;2;1
83241735;2014-09-03;Quarta;10:40:00;SP;116;138.7;SAO JOSE DOS CAMPOS;Falta de atenção;Colisão traseira;Com Vítimas Feridas;Pleno dia;Decrescente;Ceu Claro;Dupla;Reta;Urbano;3;2
83241754;2014-09-03;Quarta;10:00:00;SP;116;149.0;SAO JOSE DOS CAMPOS;Não guardar distância de segurança;Colisão traseira;Sem Vítimas;Pleno dia;Decrescente;Ceu Claro;Dupla;Reta;Urbano;2;2
83241800;2014-09-03;Quarta;10:55:00;SP;116;161.0;JACAREI;Outras;Derramamento de Carga;Sem Vítimas;Pleno dia;Crescente;Ceu Claro;Simples;Curva;Urbano;1;1
83241859;2014-09-03;Quarta;15:56:00;SP;116;225.0;GUARULHOS;Falta de atenção;Colisão lateral;Sem Vítimas;Pleno dia;Decrescente;Nublado;Múltipla;Reta;Urbano;2;2
83241861;2014-09-03;Quarta;15:45:00;SP;116;227.0;GUARULHOS;Outras;Colisão Transversal;Sem Vítimas;Pleno dia;Crescente;Ceu Claro;Múltipla;Reta;Urbano;4;4
83241863;2014-09-03;Quarta;15:30:00;SP;116;214.0;GUARULHOS;Falta de atenção;Colisão com objeto fixo;Sem Vítimas;Pleno dia;Decrescente;Nublado;Múltipla;Reta;Urbano;1;1
83241877;2014-09-02;Terça;05:30:00;SP;116;159.2;JACAREI;Outras;Capotamento;Com Vítimas Feridas;Amanhecer;Decrescente;Ceu Claro;Dupla;Reta;Urbano;1;1
83241942;2014-09-01;Segunda;21:20:00;SP;116;141.0;SAO JOSE DOS CAMPOS;Falta de atenção;Capotamento;Sem Vítimas;Plena noite;Decrescente;Ceu Claro;Simples;Reta;Urbano;1;1
83241979;2014-08-30;Sábado;20:30:00;SP;116;144.0;SAO JOSE DOS CAMPOS;Outras;Capotamento;Sem Vítimas;Plena noite;Crescente;Nublado;Múltipla;Reta;Urbano;1;1
83241990;2014-08-31;Domingo;05:30:00;SP;116;146.0;SAO JOSE DOS CAMPOS;Outras;Capotamento;Sem Vítimas;Plena noite;Decrescente;Nublado;Múltipla;Reta;Urbano;2;2
83242100;2014-08-31;Domingo;07:00:00;SP;116;222.6;GUARULHOS;Falta de atenção;Colisão com objeto fixo;Sem Vítimas;Pleno dia;Decrescente;Ceu Claro;Múltipla;Reta;Urbano;1;1
83242118;2014-09-01;Segunda;00:05:00;SP;116;139.7;SAO JOSE DOS CAMPOS;Falta de atenção;Colisão com objeto fixo;Sem Vítimas;Plena noite;Crescente;Chuva;Dupla;Reta;Rural;1;1
83242139;2014-09-04;Quinta;08:00:00;SP;116;222.0;GUARULHOS;Falta de atenção;Atropelamento de pessoa;Com Vítimas Feridas;Pleno dia;Crescente;Nublado;Múltipla;Reta;Urbano;2;1
83242162;2014-09-04;Quinta;09:00:00;SP;116;162.0;JACAREI;Outras;Tombamento;Sem Vítimas;Pleno dia;Decrescente;Ceu Claro;Dupla;Reta;Urbano;1;1
83242179;2014-09-02;Terça;20:40:00;SP;116;187.0;SANTA ISABEL;Outras;Capotamento;Com Vítimas Feridas;Plena noite;Decrescente;Nublado;Simples;Reta;Rural;1;1
83242185;2014-09-03;Quarta;01:45:00;SP;116;193.0;SANTA ISABEL;Outras;Saída de Pista;Com Vítimas Feridas;Plena noite;Decrescente;Chuva;Simples;Reta;Rural;1;1
83242193;2014-09-01;Segunda;05:45:00;SP;116;104.4;TAUBATE;Falta de atenção;Colisão traseira;Sem Vítimas;Amanhecer;Crescente;Nublado;Dupla;Reta;Urbano;3;3
83242238;2014-09-01;Segunda;05:00:00;SP;116;228.0;SAO PAULO;Outras;Saída de Pista;Sem Vítimas;Amanhecer;Decrescente;Ceu Claro;Dupla;Reta;Urbano;2;2
83242273;2014-09-04;Quinta;12:05:00;SP;116;156.0;JACAREI;Não guardar distância de segurança;Colisão traseira;Sem Vítimas;Pleno dia;Decrescente;Ceu Claro;Múltipla;Reta;Rural;2;2
83242419;2014-09-04;Quinta;18:30:00;SP;116;221.0;GUARULHOS;Falta de atenção;Colisão traseira;Sem Vítimas;Plena noite;Decrescente;Nublado;Múltipla;Reta;Urbano;2;2
83242422;2014-09-04;Quinta;09:50:00;SP;116;209.0;GUARULHOS;Outras;Tombamento;Sem Vítimas;Pleno dia;Decrescente;Nublado;Múltipla;Reta;Urbano;2;2
83242455;2014-09-01;Segunda;07:55:00;SP;116;145.1;SAO JOSE DOS CAMPOS;Desobediência à sinalização;Colisão lateral;Sem Vítimas;Pleno dia;Crescente;Ceu Claro;Múltipla;Reta;Urbano;2;2
83242548;2014-09-02;Terça;06:00:00;SP;116;216.0;GUARULHOS;Outras;Colisão traseira;Sem Vítimas;Amanhecer;Crescente;Ceu Claro;Múltipla;Reta;Urbano;4;4
83242575;2014-09-01;Segunda;08:00:00;SP;116;212.0;GUARULHOS;Falta de atenção;Colisão traseira;Sem Vítimas;Pleno dia;Crescente;Ceu Claro;Múltipla;Reta;Urbano;2;2
83242619;2014-07-30;Quarta;14:00:00;SP;116;146.0;SAO JOSE DOS CAMPOS;Falta de atenção;Colisão lateral;Sem Vítimas;Pleno dia;Decrescente;Ceu Claro;Simples;Reta;Urbano;3;3
83242632;2014-08-30;Sábado;22:00:00;SP;116;211.0;GUARULHOS;Falta de atenção;Colisão lateral;Sem Vítimas;Pleno dia;Crescente;Ceu Claro;Múltipla;Reta;Urbano;2;2
83242663;2014-08-28;Quinta;11:00:00;SP;116;226.8;GUARULHOS;Não guardar distância de segurança;Colisão lateral;Com Vítimas Feridas;Pleno dia;Decrescente;Ceu Claro;Múltipla;Reta;Urbano;2;2
83242689;2014-09-05;Sexta;07:30:00;SP;116;103.8;TAUBATE;Dormindo;Colisão com objeto fixo;Sem Vítimas;Pleno dia;Decrescente;Ceu Claro;Dupla;Reta;Rural;1;1
83242696;2014-09-05;Sexta;07:30:00;SP;116;150.9;SAO JOSE DOS CAMPOS;Defeito mecânico em veículo;Queda de motocicleta / bicicleta / veículo;Com Vítimas Feridas;Amanhecer;Crescente;Ceu Claro;Dupla;Reta;Urbano;2;1
83242832;2014-09-02;Terça;06:30:00;SP;116;220.0;GUARULHOS;Falta de atenção;Queda de motocicleta / bicicleta / veículo;Com Vítimas Feridas;Pleno dia;Decrescente;Ceu Claro;Múltipla;Reta;Urbano;1;1
83242843;2014-09-05;Sexta;17:00:00;SP;116;114.0;TAUBATE;Não guardar distância de segurança;Colisão traseira;Sem Vítimas;Pleno dia;Decrescente;Ceu Claro;Dupla;Reta;Rural;2;2
83242922;2014-09-03;Quarta;06:00:00;SP;116;198.0;ARUJA;Falta de atenção;Colisão traseira;Sem Vítimas;Amanhecer;Crescente;Chuva;Dupla;Curva;Rural;3;3
83242961;2014-09-05;Sexta;15:00:00;SP;116;140.3;SAO JOSE DOS CAMPOS;Não guardar distância de segurança;Colisão traseira;Com Vítimas Feridas;Pleno dia;Crescente;Ceu Claro;Dupla;Reta;Urbano;6;4
83243019;2014-09-05;Sexta;13:50:00;SP;116;142.2;SAO JOSE DOS CAMPOS;Não guardar distância de segurança;Colisão traseira;Sem Vítimas;Pleno dia;Decrescente;Sol;Dupla;Reta;Urbano;4;4
83243039;2014-03-05;Quarta;19:00:00;SP;116;148.0;SAO JOSE DOS CAMPOS;Outras;Colisão com objeto fixo;Sem Vítimas;Anoitecer;Crescente;Ceu Claro;Dupla;Reta;Urbano;1;1