id;data_inversa;dia_semana;horario;uf;br;km;municipio;causa_acidente;tipo_acidente;classificacao_acidente;fase_dia;sentido_via;condicao_metereologica;tipo_pista;tracado_via;uso_solo;pessoas;veiculos
83243067;2014-08-29;Sexta;07:00:00;SP;116;225.0;GUARULHOS;Falta de atenção;Capotamento;Com Vítimas Feridas;Pleno dia;Decrescente;Nublado;Múltipla;Reta;Urbano;1;1
83243106;2014-08-30;Sábado;13:35:00;SP;116;132.7;CACAPAVA;Falta de atenção;Capotamento;Sem Vítimas;Pleno dia;Crescente;Sol;Dupla;Reta;Rural;1;1
83243117;2014-08-31;Domingo;05:39:00;SP;116;120.0;TAUBATE;Não guardar distância de segurança;Colisão traseira;Sem Vítimas;Amanhecer;Decrescente;Ceu Claro;Dupla;Reta;Rural;2;2
83243144;2014-09-04;Quinta;06:30:00;SP;116;172.2;JACAREI;Outras;Colisão traseira;Sem Vítimas;Pleno dia;Decrescente;Ceu Claro;Dupla;Reta;Rural;2;2
83243211;2014-09-06;Sábado;11:30:00;SP;116;115.5;TAUBATE;Não guardar distância de segurança;Colisão traseira;Sem Vítimas;Pleno dia;Decrescente;Ceu Claro;Dupla;Reta;Urbano;4;4
83243212;2014-09-06;Sábado;10:00:00;SP;116;119.7;TAUBATE;Não guardar distância de segurança;Colisão traseira;Sem Vítimas;Pleno dia;Decrescente;Ceu Claro;Dupla;Reta;Urbano;3;3
83243213;2014-09-06;Sábado;09:50:00;SP;116;115.8;TAUBATE;Falta de atenção;Colisão traseira;Com Vítimas Feridas;Pleno dia;Decrescente;Ceu Claro;Dupla;Reta;Urbano;3;2
83243215;2014-09-06;Sábado;11:00:00;SP;116;119.7;CACAPAVA;Falta de atenção;Colisão traseira;Sem Vítimas;Pleno dia;Decrescente;Sol;Dupla;Reta;Urbano;3;3
83243231;2014-09-06;Sábado;08:45:00;SP;116;215.0;GUARULHOS;Falta de atenção;Colisão lateral;Com Vítimas Feridas;Pleno dia;Crescente;Ceu Claro;Simples;Reta;Urbano;4;2
83243237;2014-09-02;Terça;11:40:00;SP;116;227.0;SAO PAULO;Não guardar distância de segurança;Colisão traseira;Sem Vítimas;Pleno dia;Crescente;Sol;Múltipla;Reta;Urbano;2;2
83243257;2014-09-06;Sábado;08:40:00;SP;116;213.0;GUARULHOS;Não guardar distância de segurança;Colisão traseira;Sem Vítimas;Pleno dia;Crescente;Sol;Múltipla;Reta;Urbano;2;2
83243320;2014-09-05;Sexta;10:35:00;SP;116;182.0;SANTA ISABEL;Defeito na via;Colisão traseira;Sem Vítimas;Pleno dia;Decrescente;Sol;Múltipla;Reta;Rural;2;2
83243448;2014-09-07;Domingo;01:20:00;SP;116;127.4;CACAPAVA;Falta de atenção;Colisão lateral;Com Vítimas Feridas;Plena noite;Decrescente;Ceu Claro;Dupla;Reta;Urbano;3;2
83243533;2014-09-03;Quarta;15:39:00;SP;116;212.6;GUARULHOS;Outras;Colisão traseira;Com Vítimas Feridas;Pleno dia;Crescente;Nublado;Múltipla;Reta;Urbano;2;2
83243568;2014-08-31;Domingo;03:15:00;SP;116;145.6;SAO JOSE DOS CAMPOS;Outras;Capotamento;Com Vítimas Feridas;Amanhecer;Decrescente;Ceu Claro;Dupla;Reta;Urbano;1;1
83243587;2014-09-03;Quarta;15:30:00;SP;116;177.3;SAO JOSE DOS CAMPOS;Outras;Colisão traseira;Sem Vítimas;Pleno dia;Decrescente;Ceu Claro;Dupla;Reta;Urbano;2;2
83243602;2014-09-03;Quarta;18:50:00;SP;116;144.9;SAO JOSE DOS CAMPOS;Falta de atenção;Colisão traseira;Sem Vítimas;Plena noite;Crescente;Ceu Claro;Dupla;Reta;Urbano;2;2
83243665;2014-09-04;Quinta;06:40:00;SP;116;172.3;GUARAREMA;Outras;Colisão traseira;Com Vítimas Feridas;Amanhecer;Decrescente;Ceu Claro;Dupla;Reta;Urbano;9;3
83243707;2014-08-15;Sexta;20:35:00;SP;116;220.0;GUARULHOS;Falta de atenção;Colisão traseira;Sem Vítimas;Plena noite;Decrescente;Nublado;Múltipla;Reta;Urbano;2;2
83243716;2014-08-23;Sábado;08:50:00;SP;116;212.6;GUARULHOS;Falta de atenção;Colisão traseira;Sem Vítimas;Pleno dia;Crescente;Sol;Múltipla;Reta;Urbano;5;5
83243738;2014-09-04;Quinta;15:30:00;SP;116;179.0;GUARAREMA;Outras;Capotamento;Com Vítimas Feridas;Pleno dia;Crescente;Sol;Dupla;Reta;Rural;1;1
83243774;2014-09-04;Quinta;08:05:00;SP;116;165.0;JACAREI;Não guardar distância de segurança;Colisão traseira;Sem Vítimas;Pleno dia;Crescente;Sol;Dupla;Reta;Urbano;2;2
83243798;2014-09-04;Quinta;07:45:00;SP;116;152.0;SAO JOSE DOS CAMPOS;Outras;Colisão traseira;Sem Vítimas;Amanhecer;Crescente;Ceu Claro;Dupla;Reta;Urbano;3;3
83243859;2014-09-07;Domingo;19:16:00;SP;116;150.0;SAO JOSE DOS CAMPOS;Outras;Colisão traseira;Com Vítimas Feridas;Plena noite;Decrescente;Ceu Claro;Dupla;Reta;Urbano;4;3
83244002;2014-08-28;Quinta;18:30:00;SP;116;227.0;GUARULHOS;Não guardar distância de segurança;Colisão lateral;Sem Vítimas;Plena noite;Decrescente;Ceu Claro;Múltipla;Curva;Urbano;2;2
83244023;2014-09-01;Segunda;18:40:00;SP;116;222.0;GUARULHOS;Falta de atenção;Colisão lateral;Sem Vítimas;Plena noite;Decrescente;Ceu Claro;Múltipla;Reta;Urbano;2;2
83244048;2014-09-05;Sexta;17:05:00;SP;116;220.0;GUARULHOS;Falta de atenção;Colisão traseira;Sem Vítimas;Pleno dia;Crescente;Sol;Múltipla;Reta;Urbano;2;2
83244074;2014-08-28;Quinta;07:00:00;SP;116;221.0;GUARULHOS;Outras;Queda de motocicleta / bicicleta / veículo;Com Vítimas Feridas;Pleno dia;Crescente;Sol;Múltipla;Reta;Urbano;3;3
83244089;2014-09-01;Segunda;08:15:00;SP;116;209.7;GUARULHOS;Outras;Colisão traseira;Sem Vítimas;Pleno dia;Crescente;Ceu Claro;Múltipla;Reta;Urbano;2;2
83244092;2014-09-07;Domingo;18:20:00;SP;116;157.2;SAO JOSE DOS CAMPOS;Ingestão de álcool;Colisão traseira;Sem Vítimas;Anoitecer;Decrescente;Ceu Claro;Múltipla;Reta;Urbano;2;2
83244114;2014-09-06;Sábado;01:40:00;SP;116;214.0;GUARULHOS;Outras;Colisão traseira;Sem Vítimas;Plena noite;Decrescente;Ceu Claro;Múltipla;Reta;Urbano;2;2
83244125;2014-09-04;Quinta;09:15:00;SP;116;157.2;SAO JOSE DOS CAMPOS;Falta de atenção;Colisão traseira;Sem Vítimas;Pleno dia;Decrescente;Ceu Claro;Múltipla;Reta;Rural;3;3
83244129;2014-09-08;Segunda;10:15:00;SP;116;146.0;SAO JOSE DOS CAMPOS;Falta de atenção;Colisão lateral;Sem Vítimas;Pleno dia;Decrescente;Sol;Simples;Reta;Urbano;3;3
83244162;2014-09-08;Segunda;13:30:00;SP;116;140.0;SAO JOSE DOS CAMPOS;Falta de atenção;Saída de Pista;Sem Vítimas;Pleno dia;Crescente;Ceu Claro;Dupla;Reta;Urbano;1;1
83244255;2014-09-08;Segunda;15:15:00;SP;116;165.0;JACAREI;Velocidade incompatível;Derramamento de Carga;Sem Vítimas;Pleno dia;Crescente;Sol;Dupla;Reta;Rural;1;1
83244285;2014-09-08;Segunda;13:15:00;SP;116;213.0;GUARULHOS;Não guardar distância de segurança;Colisão traseira;Sem Vítimas;Pleno dia;Crescente;Ceu Claro;Múltipla;Reta;Urbano;3;3
83244300;2014-09-08;Segunda;16:00:00;SP;116;165.0;JACAREI;Falta de atenção;Colisão traseira;Sem Vítimas;Pleno dia;Crescente;Ceu Claro;Simples;Reta;Urbano;2;2
83244302;2014-09-07;Domingo;00:05:00;SP;116;215.0;GUARULHOS;Ingestão de álcool;Colisão traseira;Sem Vítimas;Plena noite;Crescente;Ceu Claro;Múltipla;Reta;Urbano;2;2
83244349;2014-09-08;Segunda;18:35:00;SP;116;108.0;TAUBATE;Falta de atenção;Colisão com objeto fixo;Sem Vítimas;Plena noite;Crescente;Ceu Claro;Dupla;Reta;Urbano;2;2
83244354;2014-09-08;Segunda;18:05:00;SP;116;165.0;JACAREI;Não guardar distância de segurança;Colisão traseira;Sem Vítimas;Anoitecer;Decrescente;Ceu Claro;Múltipla;Reta;Rural;2;2
83244361;2014-09-05;Sexta;23:20:00;SP;116;219.0;GUARULHOS;Outras;Colisão lateral;Sem Vítimas;Plena noite;Decrescente;Ceu Claro;Múltipla;Reta;Urbano;2;2
83244376;2014-09-07;Domingo;21:30:00;SP;116;211.0;GUARULHOS;Velocidade incompatível;Colisão traseira;Sem Vítimas;Plena noite;Crescente;Nublado;Múltipla;Reta;Urbano;3;3
83244378;2014-09-08;Segunda;08:30:00;SP;116;208.0;GUARULHOS;Não guardar distância de segurança;Colisão traseira;Sem Vítimas;Pleno dia;Decrescente;Ceu Claro;Dupla;Reta;Urbano;2;2
83244423;2014-09-08;Segunda;07:30:00;SP;116;215.0;GUARULHOS;Não guardar distância de segurança;Colisão lateral;Com Vítimas Feridas;Pleno dia;Crescente;Sol;Múltipla;Reta;Urbano;3;3
83244491;2014-09-08;Segunda;20:15:00;SP;116;158.0;JACAREI;Não guardar distância de segurança;Colisão traseira;Sem Vítimas;Plena noite;Crescente;Ceu Claro;Dupla;Reta;Urbano;3;2
83244498;2014-09-06;Sábado;13:00:00;SP;116;220.0;GUARULHOS;Falta de atenção;Colisão lateral;Sem Vítimas;Pleno dia;Decrescente;Sol;Múltipla;Reta;Urbano;2;2
83244508;2014-09-01;Segunda;11:00:00;SP;116;212.0;GUARULHOS;Outras;Colisão com objeto móvel;Sem Vítimas;Pleno dia;Crescente;Sol;Múltipla;Reta;Urbano;1;1
83244626;2014-09-09;Terça;06:30:00;SP;116;219.0;GUARULHOS;Não guardar distância de segurança;Colisão traseira;Sem Vítimas;Amanhecer;Crescente;Ceu Claro;Múltipla;Reta;Urbano;3;3
83244741;2014-09-05;Sexta;20:15:00;SP;116;216.0;GUARULHOS;Outras;Colisão lateral;Sem Vítimas;Plena noite;Decrescente;Ceu Claro;Múltipla;Reta;Urbano;2;2
83244879;2014-09-09;Terça;06:35:00;SP;116;221.0;GUARULHOS;Falta de atenção;Colisão traseira;Sem Vítimas;Pleno dia;Crescente;Sol;Múltipla;Reta;Urbano;2;2
83244902;2014-09-05;Sexta;09:30:00;SP;116;227.0;SAO PAULO;Não guardar distância de segurança;Colisão com objeto fixo;Sem Vítimas;Pleno dia;Crescente;Sol;Dupla;Reta;Urbano;3;3
83244905;2014-09-09;Terça;18:15:00;SP;116;145.0;SAO JOSE DOS CAMPOS;Falta de atenção;Colisão com objeto móvel;Sem Vítimas;Anoitecer;Crescente;Ceu Claro;Dupla;Reta;Urbano;1;1
83244915;2014-09-09;Terça;18:40:00;SP;116;122.1;CACAPAVA;Outras;Colisão com objeto móvel;Sem Vítimas;Plena noite;Decrescente;Ceu Claro;Dupla;Reta;Urbano;1;1
83244923;2014-09-09;Terça;09:10:00;SP;116;228.0;SAO PAULO;Outras;Colisão lateral;Sem Vítimas;Pleno dia;Crescente;Sol;Múltipla;Reta;Urbano;2;2
83244970;2014-09-09;Terça;08:30:00;SP;116;228.0;SAO PAULO;Não guardar distância de segurança;Colisão traseira;Sem Vítimas;Pleno dia;Crescente;Ceu Claro;Múltipla;Reta;Urbano;3;3
83244995;2014-09-06;Sábado;00:00:00;SP;116;107.0;TAUBATE;Defeito mecânico em veículo;Colisão traseira;Com Vítimas Feridas;Plena noite;Decrescente;Ignorada;Dupla;Reta;Urbano;2;2
83245040;2014-08-27;Quarta;05:35:00;SP;116;113.0;TAUBATE;Falta de atenção;Atropelamento de pessoa;Com Vítimas Feridas;Amanhecer;Decrescente;Ceu Claro;Dupla;Reta;Urbano;2;1
83245075;2014-08-30;Sábado;19:31:00;SP;116;174.0;JACAREI;Outras;Atropelamento de pessoa;Com Vítimas Feridas;Plena noite;Crescente;Ceu Claro;Dupla;Reta;Rural;2;1
83245109;2014-09-09;Terça;19:30:00;SP;116;197.5;ARUJA;Falta de atenção;Colisão traseira;Sem Vítimas;Plena noite;Decrescente;Ceu Claro;Múltipla;Reta;Urbano;2;2
83245123;2014-09-03;Quarta;21:30:00;SP;116;227.8;SAO PAULO;Outras;Colisão traseira;Sem Vítimas;Plena noite;Decrescente;Ceu Claro;Múltipla;Reta;Urbano;2;2
83245135;2014-09-06;Sábado;19:20:00;SP;116;208.9;GUARULHOS;Não guardar distância de segurança;Colisão traseira;Sem Vítimas;Plena noite;Crescente;Ceu Claro;Dupla;Reta;Urbano;2;2
83245141;2014-09-07;Domingo;04:55:00;SP;116;141.7;SAO JOSE DOS CAMPOS;Outras;Colisão traseira;Sem Vítimas;Plena noite;Crescente;Ceu Claro;Dupla;Reta;Urbano;2;2
83245143;2014-09-06;Sábado;22:00:00;SP;116;152.0;SAO JOSE DOS CAMPOS;Falta de atenção;Colisão traseira;Com Vítimas Feridas;Plena noite;Decrescente;Ceu Claro;Dupla;Reta;Rural;2;2
83245156;2014-09-07;Domingo;08:10:00;SP;116;184.0;SANTA ISABEL;Falta de atenção;Colisão traseira;Sem Vítimas;Pleno dia;Decrescente;Ceu Claro;Dupla;Curva;Urbano;2;2
83245157;2014-09-10;Quarta;12:20:00;SP;116;213.0;GUARULHOS;Outras;Colisão lateral;Sem Vítimas;Pleno dia;Decrescente;Sol;Múltipla;Reta;Urbano;2;2
83245168;2014-09-10;Quarta;09:10:00;SP;116;128.2;CACAPAVA;Não guardar distância de segurança;Colisão traseira;Sem Vítimas;Pleno dia;Crescente;Sol;Dupla;Reta;Urbano;3;3
83245171;2014-09-06;Sábado;10:00:00;SP;116;144.0;SAO JOSE DOS CAMPOS;Não guardar distância de segurança;Colisão traseira;Sem Vítimas;Pleno dia;Crescente;Ceu Claro;Dupla;Reta;Urbano;2;2
83245201;2014-09-06;Sábado;10:00:00;SP;116;150.0;SAO JOSE DOS CAMPOS;Não guardar distância de segurança;Colisão traseira;Sem Vítimas;Pleno dia;Decrescente;Ceu Claro;Dupla;Reta;Urbano;2;2
83245203;2014-09-07;Domingo;04:30:00;SP;116;103.1;TAUBATE;Dormindo;Colisão com objeto fixo;Com Vítimas Feridas;Plena noite;Crescente;Ceu Claro;Dupla;Reta;Rural;2;1
83245207;2014-09-05;Sexta;17:15:00;SP;116;145.5;SAO JOSE DOS CAMPOS;Falta de atenção;Colisão traseira;Sem Vítimas;Pleno dia;Decrescente;Ceu Claro;Dupla;Reta;Urbano;4;4
83245208;2014-09-07;Domingo;21:50:00;SP;116;152.0;SAO JOSE DOS CAMPOS;Outras;Saída de Pista;Com Vítimas Feridas;Plena noite;Decrescente;Ceu Claro;Dupla;Reta;Urbano;2;1
83245229;2014-09-09;Terça;22:51:00;SP;116;165.0;JACAREI;Falta de atenção;Colisão traseira;Sem Vítimas;Pleno dia;Decrescente;Sol;Múltipla;Reta;Rural;2;2
83245259;2014-09-10;Quarta;17:10:00;SP;116;146.5;SAO JOSE DOS CAMPOS;Falta de atenção;Colisão lateral;Sem Vítimas;Pleno dia;Crescente;Sol;Simples;Reta;Urbano;2;2
83245282;2014-09-10;Quarta;15:30:00;SP;116;206.0;GUARULHOS;Velocidade incompatível;Colisão traseira;Sem Vítimas;Pleno dia;Crescente;Ceu Claro;Dupla;Reta;Urbano;5;5
83245285;2014-09-06;Sábado;10:50:00;SP;116;150.0;SAO JOSE DOS CAMPOS;Não guardar distância de segurança;Colisão traseira;Sem Vítimas;Pleno dia;Decrescente;Ceu Claro;Dupla;Reta;Rural;4;4
83245341;2014-09-10;Quarta;18:40:00;SP;116;210.0;GUARULHOS;Outras;Colisão traseira;Sem Vítimas;Plena noite;Decrescente;Ceu Claro;Múltipla;Reta;Urbano;2;2
83245385;2014-09-10;Quarta;14:00:00;SP;116;165.0;JACAREI;Não guardar distância de segurança;Colisão traseira;Sem Vítimas;Pleno dia;Decrescente;Ceu Claro;Dupla;Reta;Urbano;2;2
83245499;2014-09-07;Domingo;13:40:00;SP;116;215.0;GUARULHOS;Outras;Colisão traseira;Sem Vítimas;Pleno dia;Decrescente;Ceu Claro;Múltipla;Reta;Urbano;4;4
83245502;2014-09-07;Domingo;20:15:00;SP;116;205.1;ARUJA;Não guardar distância de segurança;Colisão traseira;Sem Vítimas;Plena noite;Crescente;Ceu Claro;Múltipla;Reta;Urbano;3;3
83245528;2014-09-07;Domingo;21:50:00;SP;116;211.0;GUARULHOS;Ingestão de álcool;Colisão traseira;Sem Vítimas;Plena noite;Crescente;Ceu Claro;Múltipla;Reta;Urbano;3;3
83245548;2014-09-08;Segunda;04:30:00;SP;116;175.0;GUARAREMA;Outras;Colisão traseira;Com Vítimas Feridas;Pleno dia;Crescente;Ceu Claro;Dupla;Reta;Urbano;2;2
83245567;2014-09-11;Quinta;07:50:00;SP;116;227.0;GUARULHOS;Velocidade incompatível;Colisão traseira;Com Vítimas Feridas;Pleno dia;Crescente;Ceu Claro;Múltipla;Reta;Urbano;2;2
83245594;2014-09-04;Quinta;18:40:00;SP;116;216.0;GUARULHOS;Outras;Colisão lateral;Sem Vítimas;Plena noite;Decrescente;Nublado;Simples;Reta;Urbano;2;2
83245603;2014-09-09;Terça;17:15:00;SP;116;146.8;SAO JOSE DOS CAMPOS;Falta de atenção;Colisão lateral;Sem Vítimas;Pleno dia;Decrescente;Ceu Claro;Múltipla;Reta;Rural;2;2
83245617;2014-09-07;Domingo;17:30:00;SP;116;157.0;SAO JOSE DOS CAMPOS;Falta de atenção;Colisão lateral;Com Vítimas Feridas;Pleno dia;Decrescente;Ceu Claro;Múltipla;Reta;Urbano;3;2
83245618;2014-09-11;Quinta;07:45:00;SP;116;209.0;GUARULHOS;Velocidade incompatível;Colisão traseira;Com Vítimas Feridas;Pleno dia;Crescente;Ceu Claro;Múltipla;Reta;Urbano;2;2
83245635;2014-09-04;Quinta;09:00:00;SP;116;225.0;GUARULHOS;Não guardar distância de segurança;Colisão traseira;Sem Vítimas;Pleno dia;Crescente;Ceu Claro;Múltipla;Reta;Urbano;2;2
83245638;2014-09-04;Quinta;09:19:00;SP;116;227.0;SAO PAULO;Não guardar distância de segurança;Colisão traseira;Sem Vítimas;Pleno dia;Crescente;Nublado;Simples;Reta;Urbano;3;3
83245661;2014-09-07;Domingo;18:40:00;SP;116;159.9;SAO JOSE DOS CAMPOS;Falta de atenção;Colisão traseira;Sem Vítimas;Plena noite;Decrescente;Ceu Claro;Dupla;Reta;Urbano;2;2
83245740;2014-09-09;Terça;23:56:00;SP;116;181.9;SANTA ISABEL;Animais na Pista;Atropelamento de animal;Sem Vítimas;Plena noite;Crescente;Ceu Claro;Dupla;Reta;Rural;1;1
83245765;2014-09-07;Domingo;12:30:00;SP;116;175.0;GUARAREMA;Outras;Colisão traseira;Sem Vítimas;Pleno dia;Decrescente;Ceu Claro;Dupla;Reta;Rural;2;2
83245778;2014-09-10;Quarta;07:45:00;SP;116;156.4;SAO JOSE DOS CAMPOS;Falta de atenção;Queda de motocicleta / bicicleta / veículo;Com Vítimas Feridas;Pleno dia;Decrescente;Sol;Múltipla;Reta;Urbano;2;2
83245797;2014-09-11;Quinta;16:00:00;SP;116;211.0;GUARULHOS;Defeito mecânico em veículo;Colisão com objeto fixo;Sem Vítimas;Pleno dia;Crescente;Ceu Claro;Múltipla;Reta;Urbano;1;1
83245829;2014-09-11;Quinta;09:15:00;SP;116;217.0;GUARULHOS;Outras;Colisão lateral;Sem Vítimas;Pleno dia;Crescente;Ceu Claro;Múltipla;Reta;Urbano;3;3
83245839;2014-09-08;Segunda;06:30:00;SP;116;224.0;GUARULHOS;Não guardar distância de segurança;Colisão traseira;Sem Vítimas;Amanhecer;Crescente;Ceu Claro;Múltipla;Reta;Urbano;2;2
83245859;2014-09-11;Quinta;19:20:00;SP;116;146.2;SAO JOSE DOS CAMPOS;Não guardar distância de segurança;Colisão traseira;Sem Vítimas;Plena noite;Crescente;Ceu Claro;Múltipla;Reta;Urbano;2;2
83245942;2014-09-07;Domingo;18:30:00;SP;116;154.9;SAO JOSE DOS CAMPOS;Outras;Colisão traseira;Sem Vítimas;Plena noite;Crescente;Nublado;Múltipla;Reta;Urbano;4;4
83245956;2014-09-05;Sexta;06:10:00;SP;116;165.0;JACAREI;Outras;Colisão com objeto fixo;Sem Vítimas;Pleno dia;Decrescente;Ceu Claro;Dupla;Reta;Urbano;1;1
83246023;2014-09-12;Sexta;00:00:00;SP;116;219.0;GUARULHOS;Falta de atenção;Colisão traseira;Com Vítimas Feridas;Plena noite;Crescente;Nublado;Múltipla;Reta;Urbano;2;2
83246035;2014-09-11;Quinta;15:30:00;SP;116;223.0;GUARULHOS;Não guardar distância de segurança;Colisão traseira;Sem Vítimas;Pleno dia;Decrescente;Sol;Múltipla;Reta;Urbano;2;2
83246045;2014-09-11;Quinta;06:30:00;SP;116;185.0;SANTA ISABEL;Outras;Saída de Pista;Sem Vítimas;Pleno dia;Decrescente;Ceu Claro;Dupla;Reta;Rural;2;2
83246047;2014-09-11;Quinta;08:00:00;SP;116;145.5;SAO JOSE DOS CAMPOS;Falta de atenção;Colisão lateral;Sem Vítimas;Pleno dia;Crescente;Ceu Claro;Dupla;Reta;Rural;2;2
83246098;2014-09-12;Sexta;13:30:00;SP;116;118.5;CACAPAVA;Falta de atenção;Colisão traseira;Sem Vítimas;Pleno dia;Crescente;Ceu Claro;Dupla;Reta;Urbano;2;2
83246111;2014-09-12;Sexta;07:20:00;SP;116;210.0;GUARULHOS;Não guardar distância de segurança;Colisão traseira;Sem Vítimas;Pleno dia;Crescente;Ceu Claro;Múltipla;Reta;Urbano;3;3
83246124;2014-09-05;Sexta;18:32:00;SP;116;165.0;JACAREI;Falta de atenção;Colisão traseira;Sem Vítimas;Plena noite;Decrescente;Ceu Claro;Múltipla;Reta;Urbano;2;2
83246209;2014-09-12;Sexta;16:00:00;SP;116;135.0;CACAPAVA;Falta de atenção;Colisão traseira;Sem Vítimas;Pleno dia;Decrescente;Ceu Claro;Dupla;Reta;Urbano;2;2
83246249;2014-09-08;Segunda;15:00:00;SP;116;175.0;JACAREI;Outras;Colisão com objeto móvel;Sem Vítimas;Pleno dia;Crescente;Ceu Claro;Simples;Reta;Rural;2;2
83246252;2014-09-09;Terça;07:25:00;SP;116;145.0;SAO JOSE DOS CAMPOS;Falta de atenção;Colisão lateral;Sem Vítimas;Pleno dia;Crescente;Ceu Claro;Dupla;Reta;Urbano;2;2
83246275;2014-09-08;Segunda;20:15:00;SP;116;186.0;SANTA ISABEL;Outras;Atropelamento de pessoa;Com Vítimas Fatais;Plena noite;Decrescente;Ceu Claro;Simples;Reta;Rural;2;1
83246439;2014-09-06;Sábado;06:00:00;SP;116;118.5;TAUBATE;Dormindo;Colisão traseira;Com Vítimas Feridas;Amanhecer;Decrescente;Ceu Claro;Simples;Reta;Rural;2;2
83246496;2014-09-13;Sábado;08:30:00;SP;116;115.7;TAUBATE;Não guardar distância de segurança;Colisão traseira;Sem Vítimas;Pleno dia;Decrescente;Sol;Dupla;Reta;Urbano;2;2
83246512;2014-09-06;Sábado;02:45:00;SP;116;197.2;ARUJA;Animais na Pista;Atropelamento de animal;Sem Vítimas;Plena noite;Decrescente;Nublado;Dupla;Reta;Rural;1;1
83246528;2014-09-11;Quinta;09:40:00;SP;116;216.0;GUARULHOS;Outras;Queda de motocicleta / bicicleta / veículo;Com Vítimas Feridas;Pleno dia;Crescente;Ceu Claro;Múltipla;Reta;Urbano;1;1
83246608;2014-09-13;Sábado;12:05:00;SP;116;205.0;ARUJA;Defeito mecânico em veículo;Colisão traseira;Sem Vítimas;Pleno dia;Decrescente;Sol;Dupla;Reta;Urbano;2;2
83246672;2014-09-13;Sábado;12:30:00;SP;116;229.0;SAO PAULO;Outras;Colisão traseira;Sem Vítimas;Pleno dia;Crescente;Ceu Claro;Múltipla;Reta;Urbano;2;2
83246681;2014-09-09;Terça;23:00:00;SP;116;102.0;PINDAMONHANGABA;Outras;Colisão com objeto fixo;Sem Vítimas;Plena noite;Decrescente;Ignorada;Dupla;Reta;Rural;1;1
83246711;2014-09-13;Sábado;07:30:00;SP;116;106.9;TAUBATE;Falta de atenção;Colisão lateral;Sem Vítimas;Pleno dia;Crescente;Ceu Claro;Dupla;Reta;Rural;2;2
83246868;2014-09-14;Domingo;04:50:00;SP;116;221.0;GUARULHOS;Falta de atenção;Colisão com objeto fixo;Com Vítimas Feridas;Amanhecer;Crescente;Ceu Claro;Múltipla;Reta;Urbano;1;1
83246869;2014-09-10;Quarta;19:30:00;SP;116;204.0;ARUJA;Velocidade incompatível;Colisão com objeto fixo;Sem Vítimas;Plena noite;Crescente;Ceu Claro;Dupla;Cruzamento;Urbano;1;1
83246876;2014-09-10;Quarta;22:20:00;SP;116;204.0;ARUJA;Velocidade incompatível;Colisão traseira;Sem Vítimas;Plena noite;Crescente;Ceu Claro;Múltipla;Reta;Urbano;2;2
83246915;2014-09-04;Quinta;19:15:00;SP;116;210.0;GUARULHOS;Não guardar distância de segurança;Colisão traseira;Sem Vítimas;Pleno dia;Crescente;Ceu Claro;Múltipla;Reta;Urbano;4;4
83246919;2014-09-14;Domingo;07:00:00;SP;116;122.0;CACAPAVA;Falta de atenção;Colisão traseira;Sem Vítimas;Pleno dia;Decrescente;Ceu Claro;Dupla;Reta;Urbano;3;3
83246937;2014-09-10;Quarta;17:00:00;SP;116;128.4;CACAPAVA;Falta de atenção;Saída de Pista;Sem Vítimas;Pleno dia;Crescente;Ceu Claro;Dupla;Reta;Urbano;1;1
83246949;2014-09-10;Quarta;22:15:00;SP;116;204.0;ARUJA;Outras;Colisão traseira;Sem Vítimas;Plena noite;Decrescente;Nublado;Múltipla;Reta;Rural;2;2
83246951;2014-08-18;Segunda;07:10:00;SP;116;223.0;SAO PAULO;Outras;Colisão traseira;Sem Vítimas;Amanhecer;Decrescente;Ceu Claro;Múltipla;Reta;Urbano;3;3
83247000;2014-09-06;Sábado;17:00:00;SP;116;227.0;SAO PAULO;Não guardar distância de segurança;Colisão lateral;Com Vítimas Feridas;Pleno dia;Decrescente;Ceu Claro;Simples;Reta;Urbano;2;2
83247011;2014-09-10;Quarta;17:40:00;SP;116;227.0;SAO PAULO;Defeito mecânico em veículo;Tombamento;Com Vítimas Feridas;Anoitecer;Decrescente;Ceu Claro;Múltipla;Reta;Urbano;3;2
83247033;2014-09-12;Sexta;08:05:00;SP;116;227.0;SAO PAULO;Ultrapassagem indevida;Colisão lateral;Com Vítimas Feridas;Pleno dia;Crescente;Ceu Claro;Múltipla;Reta;Urbano;2;2
83247034;2014-09-11;Quinta;07:17:00;SP;116;155.0;SAO JOSE DOS CAMPOS;Não guardar distância de segurança;Colisão traseira;Sem Vítimas;Amanhecer;Crescente;Ceu Claro;Dupla;Reta;Rural;5;5
83247037;2014-09-10;Quarta;22:50:00;SP;116;204.0;GUARULHOS;Não guardar distância de segurança;Colisão lateral;Sem Vítimas;Plena noite;Crescente;Ceu Claro;Dupla;Reta;Urbano;2;2
83247101;2014-09-10;Quarta;14:30:00;SP;116;212.0;GUARULHOS;Não guardar distância de segurança;Colisão traseira;Com Vítimas Feridas;Pleno dia;Crescente;Sol;Múltipla;Reta;Urbano;2;2