id;data_inversa;dia_semana;horario;uf;br;km;municipio;causa_acidente;tipo_acidente;classificacao_acidente;fase_dia;sentido_via;condicao_metereologica;tipo_pista;tracado_via;uso_solo;pessoas;veiculos
83269153;2014-10-31;Sexta;11:30:00;SP;116;226.8;GUARULHOS;Não guardar distância de segurança;Colisão lateral;Com Vítimas Feridas;Pleno dia;Decrescente;Sol;Múltipla;Reta;Urbano;2;2
83269204;2014-11-01;Sábado;07:40:00;SP;116;210.0;GUARULHOS;Não guardar distância de segurança;Colisão traseira;Com Vítimas Feridas;Amanhecer;Crescente;Nublado;Múltipla;Reta;Urbano;4;3
83269230;2014-10-29;Quarta;06:30:00;SP;116;223.0;GUARULHOS;Outras;Colisão lateral;Sem Vítimas;Pleno dia;Crescente;Sol;Múltipla;Reta;Urbano;2;2
83269282;2014-11-01;Sábado;13:00:00;SP;116;205.0;ARUJA;Ingestão de álcool;Colisão traseira;Sem Vítimas;Pleno dia;Decrescente;Ceu Claro;Dupla;Reta;Urbano;2;2
83269302;2014-10-28;Terça;11:30:00;SP;116;223.2;GUARULHOS;Defeito mecânico em veículo;Incêndio;Sem Vítimas;Pleno dia;Crescente;Sol;Múltipla;Reta;Urbano;1;1
83269319;2014-10-29;Quarta;06:00:00;SP;116;212.6;GUARULHOS;Defeito mecânico em veículo;Colisão lateral;Sem Vítimas;Amanhecer;Crescente;Nublado;Múltipla;Reta;Urbano;2;2
83269374;2014-11-01;Sábado;13:00:00;SP;116;193.0;SANTA ISABEL;Dormindo;Colisão com objeto fixo;Com Vítimas Feridas;Pleno dia;Decrescente;Ceu Claro;Dupla;Reta;Urbano;2;1
83269429;2014-11-01;Sábado;10:50:00;SP;116;186.0;SANTA ISABEL;Falta de atenção;Colisão Transversal;Com Vítimas Feridas;Pleno dia;Decrescente;Nublado;Simples;Reta;Rural;2;2
83269434;2014-11-01;Sábado;16:30:00;SP;116;136.2;SAO JOSE DOS CAMPOS;Não guardar distância de segurança;Colisão traseira;Com Vítimas Feridas;Pleno dia;Crescente;Nublado;Dupla;Reta;Urbano;3;3
83269443;2014-11-01;Sábado;17:10:00;SP;116;165.0;JACAREI;Não guardar distância de segurança;Colisão traseira;Sem Vítimas;Pleno dia;Crescente;Chuva;Dupla;Reta;Urbano;2;2
83269454;2014-11-01;Sábado;19:30:00;SP;116;180.8;GUARAREMA;Não guardar distância de segurança;Colisão traseira;Sem Vítimas;Plena noite;Crescente;Chuva;Dupla;Reta;Urbano;2;2
83269459;2014-10-30;Quinta;19:10:00;SP;116;196.0;ARUJA;Ingestão de álcool;Saída de Pista;Com Vítimas Feridas;Anoitecer;Crescente;Ceu Claro;Dupla;Reta;Rural;6;1
83269536;2014-11-02;Domingo;00:30:00;SP;116;222.0;GUARULHOS;Não guardar distância de segurança;Colisão traseira;Sem Vítimas;Plena noite;Decrescente;Ceu Claro;Múltipla;Reta;Urbano;4;4
83269595;2014-10-29;Quarta;18:15:00;SP;116;135.5;SAO JOSE DOS CAMPOS;Não guardar distância de segurança;Colisão traseira;Com Vítimas Feridas;Pleno dia;Decrescente;Sol;Dupla;Reta;Rural;2;2
83269972;2014-10-30;Quinta;16:45:00;SP;116;134.5;SAO JOSE DOS CAMPOS;Falta de atenção;Colisão traseira;Sem Vítimas;Pleno dia;Decrescente;Ceu Claro;Dupla;Reta;Urbano;3;3
83269974;2014-11-01;Sábado;02:20:00;SP;116;214.0;GUARULHOS;Velocidade incompatível;Saída de Pista;Com Vítimas Feridas;Plena noite;Decrescente;Chuva;Múltipla;Reta;Urbano;1;1
83269986;2014-11-01;Sábado;06:30:00;SP;116;219.0;GUARULHOS;Falta de atenção;Saída de Pista;Sem Vítimas;Amanhecer;Crescente;Chuva;Dupla;Reta;Urbano;1;1
83269992;2014-10-30;Quinta;16:45:00;SP;116;134.5;SAO JOSE DOS CAMPOS;Não guardar distância de segurança;Colisão traseira;Sem Vítimas;Pleno dia;Decrescente;Sol;Dupla;Reta;Rural;4;4
83270001;2014-10-30;Quinta;17:46:00;SP;116;107.0;TAUBATE;Falta de atenção;Colisão traseira;Sem Vítimas;Pleno dia;Crescente;Ceu Claro;Dupla;Reta;Urbano;3;3
83270034;2014-10-30;Quinta;18:00:00;SP;116;106.0;TAUBATE;Falta de atenção;Colisão lateral;Sem Vítimas;Pleno dia;Crescente;Sol;Dupla;Reta;Rural;2;2
83270036;2014-10-30;Quinta;23:45:00;SP;116;211.0;GUARULHOS;Outras;Colisão traseira;Sem Vítimas;Plena noite;Decrescente;Ceu Claro;Múltipla;Reta;Urbano;2;2
83270050;2014-11-03;Segunda;09:40:00;SP;116;153.0;SAO JOSE DOS CAMPOS;Falta de atenção;Colisão lateral;Sem Vítimas;Pleno dia;Decrescente;Ceu Claro;Dupla;Reta;Urbano;2;2
83270060;2014-10-31;Sexta;17:30:00;SP;116;116.4;TAUBATE;Falta de atenção;Colisão traseira;Sem Vítimas;Anoitecer;Decrescente;Nublado;Dupla;Reta;Urbano;4;4
83270076;2014-10-31;Sexta;07:20:00;SP;116;127.8;CACAPAVA;Não guardar distância de segurança;Colisão traseira;Sem Vítimas;Pleno dia;Crescente;Ceu Claro;Dupla;Reta;Urbano;2;2
83270105;2014-11-01;Sábado;21:45:00;SP;116;222.0;GUARULHOS;Velocidade incompatível;Colisão traseira;Sem Vítimas;Plena noite;Decrescente;Chuva;Múltipla;Reta;Urbano;2;2
83270111;2014-11-02;Domingo;06:50:00;SP;116;219.0;GUARULHOS;Velocidade incompatível;Colisão traseira;Sem Vítimas;Pleno dia;Crescente;Ceu Claro;Dupla;Reta;Urbano;3;3
83270114;2014-11-03;Segunda;09:00:00;SP;116;145.0;SAO JOSE DOS CAMPOS;Falta de atenção;Colisão lateral;Sem Vítimas;Pleno dia;Decrescente;Ceu Claro;Simples;Reta;Urbano;2;2
83270117;2014-11-03;Segunda;10:36:00;SP;116;163.7;JACAREI;Outras;Tombamento;Com Vítimas Feridas;Pleno dia;Crescente;Sol;Dupla;Reta;Urbano;1;1
83270137;2014-10-27;Segunda;10:50:00;SP;116;159.0;JACAREI;Não guardar distância de segurança;Colisão traseira;Sem Vítimas;Pleno dia;Crescente;Ceu Claro;Dupla;Reta;Urbano;2;2
83270167;2014-10-27;Segunda;16:00:00;SP;116;149.6;SAO JOSE DOS CAMPOS;Não guardar distância de segurança;Colisão traseira;Sem Vítimas;Pleno dia;Decrescente;Ceu Claro;Múltipla;Reta;Urbano;2;2
83270219;2014-11-03;Segunda;16:40:00;SP;116;219.3;GUARULHOS;Falta de atenção;Colisão lateral;Com Vítimas Feridas;Pleno dia;Decrescente;Chuva;Múltipla;Reta;Urbano;3;2
83270263;2014-10-30;Quinta;23:40:00;SP;116;164.0;JACAREI;Velocidade incompatível;Colisão traseira;Com Vítimas Fatais;Plena noite;Decrescente;Ceu Claro;Dupla;Reta;Urbano;2;2
83270286;2014-10-20;Segunda;01:20:00;SP;116;193.0;SANTA ISABEL;Outras;Tombamento;Sem Vítimas;Plena noite;Decrescente;Nublado;Dupla;Reta;Rural;1;1
83270350;2014-11-03;Segunda;17:20:00;SP;116;222.0;GUARULHOS;Outras;Colisão traseira;Sem Vítimas;Pleno dia;Crescente;Chuva;Múltipla;Reta;Urbano;2;2
83270394;2014-11-03;Segunda;22:15:00;SP;116;212.0;GUARULHOS;Não guardar distância de segurança;Colisão traseira;Com Vítimas Feridas;Plena noite;Crescente;Nublado;Múltipla;Reta;Urbano;4;3
83270424;2014-11-03;Segunda;16:30:00;SP;116;216.0;GUARULHOS;Falta de atenção;Colisão traseira;Sem Vítimas;Pleno dia;Crescente;Chuva;Múltipla;Reta;Urbano;2;2
83270432;2014-11-03;Segunda;21:00:00;SP;116;162.0;JACAREI;Outras;Colisão lateral;Sem Vítimas;Plena noite;Crescente;Ceu Claro;Dupla;Reta;Rural;2;2
83270453;2014-11-03;Segunda;19:20:00;SP;116;193.0;SANTA ISABEL;Velocidade incompatível;Colisão traseira;Sem Vítimas;Plena noite;Decrescente;Chuva;Dupla;Reta;Rural;2;2
83270550;2014-11-01;Sábado;18:30:00;SP;116;107.7;TAUBATE;Outras;Atropelamento de pessoa;Com Vítimas Feridas;Anoitecer;Decrescente;Chuva;Dupla;Reta;Urbano;2;1
83270573;2014-01-25;Sábado;21:10:00;SP;116;143.5;SAO JOSE DOS CAMPOS;Não guardar distância de segurança;Colisão traseira;Com Vítimas Feridas;Plena noite;Decrescente;Ceu Claro;Múltipla;Reta;Urbano;8;8
83270743;2014-11-04;Terça;17:30:00;SP;116;165.0;JACAREI;Outras;Colisão com objeto móvel;Sem Vítimas;Pleno dia;Decrescente;Ceu Claro;Dupla;Reta;Rural;1;1
83270762;2014-11-03;Segunda;23:30:00;SP;116;210.5;GUARULHOS;Outras;Colisão com objeto fixo;Sem Vítimas;Plena noite;Decrescente;Nublado;Múltipla;Reta;Urbano;2;2
83270807;2014-10-31;Sexta;20:45:00;SP;116;224.0;GUARULHOS;Outras;Colisão com objeto móvel;Sem Vítimas;Plena noite;Decrescente;Nublado;Múltipla;Reta;Urbano;1;1
83270830;2014-11-01;Sábado;05:40:00;SP;116;212.0;GUARULHOS;Outras;Colisão traseira;Com Vítimas Feridas;Amanhecer;Crescente;Chuva;Múltipla;Reta;Urbano;2;2
83270836;2014-11-01;Sábado;01:00:00;SP;116;132.6;CACAPAVA;Outras;Colisão traseira;Com Vítimas Feridas;Plena noite;Decrescente;Ceu Claro;Dupla;Reta;Rural;2;2
83270867;2014-10-31;Sexta;16:40:00;SP;116;125.6;CACAPAVA;Não guardar distância de segurança;Colisão traseira;Sem Vítimas;Pleno dia;Decrescente;Chuva;Dupla;Reta;Urbano;3;3
83270904;2014-11-04;Terça;13:40:00;SP;116;218.0;GUARULHOS;Defeito mecânico em veículo;Queda de motocicleta / bicicleta / veículo;Com Vítimas Feridas;Pleno dia;Decrescente;Nublado;Múltipla;Curva;Urbano;2;1
83270906;2014-11-04;Terça;09:20:00;SP;116;212.0;GUARULHOS;Outras;Colisão traseira;Sem Vítimas;Pleno dia;Crescente;Chuva;Múltipla;Reta;Urbano;2;2
83270917;2014-11-04;Terça;08:50:00;SP;116;226.6;GUARULHOS;Não guardar distância de segurança;Colisão traseira;Sem Vítimas;Pleno dia;Crescente;Chuva;Múltipla;Reta;Urbano;2;2
83270920;2014-11-04;Terça;14:30:00;SP;116;198.2;ARUJA;Não guardar distância de segurança;Colisão traseira;Sem Vítimas;Pleno dia;Decrescente;Chuva;Dupla;Reta;Rural;2;2
83270967;2014-10-29;Quarta;06:00:00;SP;116;211.0;GUARULHOS;Não guardar distância de segurança;Colisão traseira;Sem Vítimas;Amanhecer;Crescente;Ceu Claro;Simples;Reta;Urbano;2;2
83270980;2014-10-31;Sexta;22:15:00;SP;116;198.0;ARUJA;Não guardar distância de segurança;Colisão traseira;Sem Vítimas;Plena noite;Crescente;Ceu Claro;Múltipla;Reta;Urbano;2;2
83270986;2014-07-19;Sábado;17:40:00;SP;116;140.1;SAO JOSE DOS CAMPOS;Falta de atenção;Colisão lateral;Sem Vítimas;Pleno dia;Crescente;Ceu Claro;Dupla;Reta;Urbano;2;2
83270994;2014-11-04;Terça;12:00:00;SP;116;220.0;GUARULHOS;Não guardar distância de segurança;Colisão traseira;Sem Vítimas;Pleno dia;Crescente;Nublado;Múltipla;Reta;Urbano;2;2
83271014;2014-11-01;Sábado;22:00:00;SP;116;211.9;GUARULHOS;Não guardar distância de segurança;Colisão traseira;Com Vítimas Feridas;Plena noite;Crescente;Nublado;Múltipla;Reta;Urbano;4;4
83271024;2014-10-19;Domingo;18:20:00;SP;116;204.0;ARUJA;Falta de atenção;Colisão traseira;Sem Vítimas;Pleno dia;Crescente;Ceu Claro;Dupla;Reta;Rural;3;3
83271028;2014-10-30;Quinta;18:30:00;SP;116;157.0;SAO JOSE DOS CAMPOS;Outras;Colisão traseira;Com Vítimas Feridas;Pleno dia;Decrescente;Ceu Claro;Dupla;Reta;Urbano;3;3
83271049;2014-09-03;Quarta;08:25:00;SP;116;148.0;SAO JOSE DOS CAMPOS;Falta de atenção;Colisão traseira;Sem Vítimas;Pleno dia;Decrescente;Nublado;Dupla;Reta;Rural;3;3
83271107;2014-11-03;Segunda;06:40:00;SP;116;222.0;GUARULHOS;Falta de atenção;Colisão lateral;Com Vítimas Feridas;Pleno dia;Crescente;Nublado;Múltipla;Reta;Urbano;2;2
83271116;2014-11-03;Segunda;17:50:00;SP;116;222.0;GUARULHOS;Outras;Colisão com objeto fixo;Com Vítimas Feridas;Anoitecer;Crescente;Chuva;Múltipla;Reta;Urbano;2;1
83271138;2014-11-01;Sábado;03:45:00;SP;116;223.0;GUARULHOS;Não guardar distância de segurança;Colisão traseira;Com Vítimas Feridas;Plena noite;Crescente;Nublado;Simples;Reta;Urbano;2;2
83271141;2014-10-31;Sexta;12:00:00;SP;116;204.0;ARUJA;Outras;Colisão com objeto móvel;Sem Vítimas;Pleno dia;Decrescente;Nublado;Simples;Reta;Urbano;1;1
83271143;2014-11-04;Terça;09:40:00;SP;116;226.0;GUARULHOS;Não guardar distância de segurança;Colisão traseira;Sem Vítimas;Pleno dia;Crescente;Nublado;Simples;Reta;Urbano;2;2
83271169;2014-11-01;Sábado;22:45:00;SP;116;204.0;ARUJA;Ingestão de álcool;Colisão traseira;Com Vítimas Feridas;Plena noite;Crescente;Nublado;Simples;Reta;Urbano;3;2
83271200;2014-11-05;Quarta;09:30:00;SP;116;116.3;TAUBATE;Não guardar distância de segurança;Capotamento;Com Vítimas Feridas;Pleno dia;Crescente;Nublado;Dupla;Reta;Urbano;3;2
83271237;2014-11-01;Sábado;18:00:00;SP;116;116.9;TAUBATE;Velocidade incompatível;Colisão traseira;Sem Vítimas;Anoitecer;Decrescente;Chuva;Dupla;Reta;Rural;2;2
83271300;2014-11-05;Quarta;12:00:00;SP;116;142.9;SAO JOSE DOS CAMPOS;Outras;Colisão com objeto móvel;Sem Vítimas;Pleno dia;Crescente;Chuva;Dupla;Reta;Urbano;3;3
83271517;2014-10-06;Segunda;13:00:00;SP;116;159.0;JACAREI;Falta de atenção;Colisão traseira;Sem Vítimas;Pleno dia;Decrescente;Ceu Claro;Dupla;Reta;Rural;2;2
83271586;2014-11-06;Quinta;13:50:00;SP;116;229.0;SAO PAULO;Outras;Colisão lateral;Sem Vítimas;Pleno dia;Decrescente;Ceu Claro;Múltipla;Reta;Urbano;3;3
83271611;2014-11-04;Terça;17:55:00;SP;116;148.0;SAO JOSE DOS CAMPOS;Não guardar distância de segurança;Colisão traseira;Com Vítimas Feridas;Pleno dia;Decrescente;Ceu Claro;Múltipla;Reta;Urbano;3;2
83271957;2014-04-07;Segunda;08:20:00;SP;116;151.5;SAO JOSE DOS CAMPOS;Falta de atenção;Capotamento;Sem Vítimas;Pleno dia;Crescente;Ceu Claro;Múltipla;Reta;Urbano;1;1
83271962;2014-11-07;Sexta;07:00:00;SP;116;226.0;GUARULHOS;Falta de atenção;Colisão traseira;Sem Vítimas;Pleno dia;Crescente;Nublado;Múltipla;Reta;Urbano;2;2
83271979;2014-11-07;Sexta;12:00:00;SP;116;229.0;SAO PAULO;Falta de atenção;Colisão lateral;Sem Vítimas;Pleno dia;Decrescente;Sol;Dupla;Reta;Urbano;2;2
83272022;2014-11-07;Sexta;10:25:00;SP;116;227.0;SAO PAULO;Falta de atenção;Colisão traseira;Sem Vítimas;Pleno dia;Crescente;Nublado;Múltipla;Reta;Urbano;2;2
83272047;2014-11-07;Sexta;16:00:00;SP;116;225.0;GUARULHOS;Não guardar distância de segurança;Colisão traseira;Sem Vítimas;Pleno dia;Decrescente;Ceu Claro;Múltipla;Reta;Urbano;3;3
83272064;2014-11-04;Terça;21:10:00;SP;116;169.0;SANTA ISABEL;Falta de atenção;Colisão traseira;Sem Vítimas;Plena noite;Crescente;Nublado;Dupla;Reta;Rural;2;2
83272066;2014-11-07;Sexta;16:30:00;SP;116;225.0;GUARULHOS;Outras;Colisão traseira;Com Vítimas Feridas;Anoitecer;Decrescente;Chuva;Múltipla;Reta;Urbano;2;2
83272159;2014-11-07;Sexta;20:00:00;SP;116;210.0;GUARULHOS;Outras;Colisão traseira;Sem Vítimas;Plena noite;Crescente;Chuva;Múltipla;Reta;Urbano;2;2
83272160;2014-11-07;Sexta;17:30:00;SP;116;118.0;TAUBATE;Não guardar distância de segurança;Colisão traseira;Sem Vítimas;Pleno dia;Decrescente;Ceu Claro;Simples;Reta;Rural;4;4
83272201;2014-11-07;Sexta;17:45:00;SP;116;211.0;GUARULHOS;Outras;Colisão traseira;Com Vítimas Feridas;Pleno dia;Crescente;Nublado;Múltipla;Reta;Urbano;2;2
83272216;2014-11-07;Sexta;19:10:00;SP;116;212.0;GUARULHOS;Falta de atenção;Colisão lateral;Sem Vítimas;Plena noite;Crescente;Nublado;Múltipla;Reta;Urbano;3;3
83272244;2014-11-07;Sexta;10:15:00;SP;116;226.0;GUARULHOS;Outras;Colisão traseira;Sem Vítimas;Pleno dia;Crescente;Sol;Múltipla;Reta;Urbano;3;3
83272279;2014-11-07;Sexta;19:40:00;SP;116;137.0;SAO JOSE DOS CAMPOS;Outras;Colisão com objeto fixo;Sem Vítimas;Plena noite;Decrescente;Nublado;Dupla;Reta;Rural;2;2
83272332;2014-11-07;Sexta;16:30:00;SP;116;149.9;SAO JOSE DOS CAMPOS;Não guardar distância de segurança;Colisão traseira;Sem Vítimas;Pleno dia;Decrescente;Nublado;Múltipla;Reta;Urbano;2;2
83272382;2014-11-08;Sábado;08:20:00;SP;116;169.0;JACAREI;Defeito mecânico em veículo;Colisão com objeto móvel;Sem Vítimas;Pleno dia;Crescente;Nublado;Dupla;Reta;Urbano;2;2
83272439;2014-11-05;Quarta;16:05:00;SP;116;162.0;JACAREI;Outras;Colisão com objeto fixo;Com Vítimas Feridas;Pleno dia;Crescente;Nublado;Dupla;Reta;Urbano;1;1
83272519;2014-10-31;Sexta;13:45:00;SP;116;142.4;SAO JOSE DOS CAMPOS;Não guardar distância de segurança;Colisão traseira;Sem Vítimas;Pleno dia;Decrescente;Nublado;Dupla;Reta;Urbano;6;6
83272731;2014-11-05;Quarta;02:08:00;SP;116;139.4;SAO JOSE DOS CAMPOS;Velocidade incompatível;Colisão com objeto fixo;Sem Vítimas;Plena noite;Crescente;Chuva;Dupla;Reta;Urbano;2;2
83272806;2014-11-09;Domingo;07:30:00;SP;116;227.0;SAO PAULO;Ingestão de álcool;Capotamento;Sem Vítimas;Amanhecer;Crescente;Ceu Claro;Múltipla;Curva;Urbano;1;1
83272813;2014-11-06;Quinta;09:00:00;SP;116;226.0;GUARULHOS;Falta de atenção;Colisão lateral;Sem Vítimas;Pleno dia;Crescente;Ceu Claro;Múltipla;Reta;Urbano;2;2
83272817;2014-11-07;Sexta;07:50:00;SP;116;222.0;GUARULHOS;Outras;Colisão lateral;Com Vítimas Feridas;Pleno dia;Decrescente;Ceu Claro;Múltipla;Reta;Urbano;3;3
83272832;2014-11-07;Sexta;03:50:00;SP;116;227.0;GUARULHOS;Falta de atenção;Atropelamento de pessoa;Com Vítimas Feridas;Plena noite;Decrescente;Ceu Claro;Múltipla;Reta;Urbano;5;1
83272849;2014-11-05;Quarta;19:15:00;SP;116;227.0;SAO PAULO;Não guardar distância de segurança;Colisão traseira;Sem Vítimas;Anoitecer;Decrescente;Nublado;Múltipla;Reta;Urbano;2;2
83272991;2014-11-04;Terça;21:45:00;SP;116;147.0;SAO JOSE DOS CAMPOS;Falta de atenção;Queda de motocicleta / bicicleta / veículo;Sem Vítimas;Plena noite;Decrescente;Ceu Claro;Dupla;Reta;Rural;5;5
83273152;2014-11-09;Domingo;07:48:00;SP;116;229.0;SAO PAULO;Velocidade incompatível;Colisão lateral;Sem Vítimas;Pleno dia;Decrescente;Ceu Claro;Múltipla;Reta;Urbano;2;2
83273213;2014-11-02;Domingo;20:50:00;SP;116;149.8;SAO JOSE DOS CAMPOS;Não guardar distância de segurança;Colisão traseira;Sem Vítimas;Plena noite;Crescente;Ceu Claro;Múltipla;Reta;Urbano;2;2
83273222;2014-11-06;Quinta;10:30:00;SP;116;180.0;GUARAREMA;Outras;Colisão traseira;Sem Vítimas;Pleno dia;Crescente;Ceu Claro;Múltipla;Reta;Urbano;2;2
83273259;2014-10-04;Sábado;02:01:00;SP;116;220.0;GUARULHOS;Falta de atenção;Colisão lateral;Sem Vítimas;Plena noite;Crescente;Nublado;Simples;Reta;Urbano;2;2
83273320;2014-11-10;Segunda;07:40:00;SP;116;229.0;SAO PAULO;Velocidade incompatível;Colisão traseira;Com Vítimas Feridas;Pleno dia;Crescente;Ceu Claro;Múltipla;Reta;Urbano;2;2
83273359;2014-11-07;Sexta;17:40:00;SP;116;223.0;GUARULHOS;Outras;Colisão traseira;Sem Vítimas;Anoitecer;Decrescente;Ceu Claro;Múltipla;Curva;Urbano;2;2
83273502;2014-11-08;Sábado;13:15:00;SP;116;224.4;GUARULHOS;Não guardar distância de segurança;Colisão traseira;Sem Vítimas;Pleno dia;Crescente;Nublado;Múltipla;Reta;Urbano;2;2
83273510;2014-11-10;Segunda;18:00:00;SP;116;218.0;GUARULHOS;Falta de atenção;Colisão traseira;Com Vítimas Feridas;Pleno dia;Crescente;Ceu Claro;Múltipla;Reta;Urbano;3;2
83273513;2014-11-05;Quarta;03:40:00;SP;116;216.9;GUARULHOS;Não guardar distância de segurança;Colisão lateral;Sem Vítimas;Plena noite;Crescente;Nublado;Simples;Reta;Urbano;2;2
83273519;2014-11-08;Sábado;09:15:00;SP;116;222.0;GUARULHOS;Não guardar distância de segurança;Colisão lateral;Sem Vítimas;Pleno dia;Decrescente;Nublado;Simples;Reta;Urbano;2;2
83273529;2014-11-08;Sábado;17:20:00;SP;116;219.0;GUARULHOS;Velocidade incompatível;Colisão frontal;Com Vítimas Feridas;Pleno dia;Crescente;Nublado;Simples;Curva;Urbano;3;3
83273556;2014-11-10;Segunda;14:45:00;SP;116;229.7;SAO PAULO;Outras;Colisão lateral;Sem Vítimas;Pleno dia;Crescente;Ceu Claro;Múltipla;Reta;Urbano;2;2
83273580;2014-11-10;Segunda;16:55:00;SP;116;142.3;SAO JOSE DOS CAMPOS;Outras;Colisão traseira;Sem Vítimas;Pleno dia;Decrescente;Sol;Dupla;Reta;Urbano;5;5
83273666;2014-11-07;Sexta;06:35:00;SP;116;99.0;PINDAMONHANGABA;Falta de atenção;Tombamento;Sem Vítimas;Amanhecer;Decrescente;Ceu Claro;Dupla;Reta;Urbano;1;1
83273670;2014-11-04;Terça;18:00:00;SP;116;134.8;SAO JOSE DOS CAMPOS;Não guardar distância de segurança;Colisão traseira;Sem Vítimas;Anoitecer;Crescente;Ceu Claro;Múltipla;Reta;Urbano;2;2
83273699;2014-11-11;Terça;05:50:00;SP;116;212.0;GUARULHOS;Não guardar distância de segurança;Colisão traseira;Com Vítimas Feridas;Amanhecer;Crescente;Ceu Claro;Múltipla;Reta;Urbano;4;4
83273701;2014-11-10;Segunda;17:50:00;SP;116;212.0;GUARULHOS;Não guardar distância de segurança;Colisão traseira;Com Vítimas Feridas;Pleno dia;Crescente;Ceu Claro;Múltipla;Reta;Urbano;2;2
83273727;2014-11-11;Terça;10:00:00;SP;116;207.0;GUARULHOS;Animais na Pista;Atropelamento de animal;Sem Vítimas;Pleno dia;Crescente;Ceu Claro;Dupla;Reta;Urbano;1;1
83273759;2014-11-07;Sexta;15:30:00;SP;116;147.0;SAO JOSE DOS CAMPOS;Falta de atenção;Colisão traseira;Sem Vítimas;Pleno dia;Decrescente;Nublado;Simples;Reta;Urbano;2;2
83273800;2014-11-08;Sábado;13:00:00;SP;116;153.0;SAO JOSE DOS CAMPOS;Não guardar distância de segurança;Colisão traseira;Sem Vítimas;Pleno dia;Decrescente;Sol;Dupla;Reta;Urbano;4;4
83273850;2014-11-07;Sexta;16:30:00;SP;116;150.3;SAO JOSE DOS CAMPOS;Falta de atenção;Colisão traseira;Com Vítimas Feridas;Pleno dia;Decrescente;Chuva;Múltipla;Reta;Urbano;4;2
83273920;2014-11-10;Segunda;01:45:00;SP;116;174.0;JACAREI;Animais na Pista;Atropelamento de animal;Sem Vítimas;Plena noite;Crescente;Ceu Claro;Dupla;Reta;Rural;3;3
83273996;2014-11-11;Terça;21:00:00;SP;116;149.0;SAO JOSE DOS CAMPOS;Falta de atenção;Colisão traseira;Sem Vítimas;Plena noite;Decrescente;Ceu Claro;Múltipla;Reta;Urbano;3;3
83274027;2014-11-03;Segunda;01:00:00;SP;116;217.0;GUARULHOS;Outras;Colisão com objeto fixo;Sem Vítimas;Plena noite;Decrescente;Ceu Claro;Múltipla;Reta;Urbano;1;1
83274031;2014-11-06;Quinta;22:30:00;SP;116;225.0;GUARULHOS;Outras;Colisão traseira;Sem Vítimas;Plena noite;Decrescente;Ceu Claro;Múltipla;Reta;Urbano;2;2
83274033;2014-11-11;Terça;07:00:00;SP;116;206.0;GUARULHOS;Falta de atenção;Colisão lateral;Com Vítimas Feridas;Pleno dia;Crescente;Ceu Claro;Dupla;Reta;Urbano;3;2
83274066;2014-11-12;Quarta;05:00:00;SP;116;176.0;GUARAREMA;Dormindo;Colisão lateral;Sem Vítimas;Plena noite;Crescente;Ceu Claro;Dupla;Reta;Rural;2;2
83274177;2014-11-12;Quarta;07:00:00;SP;116;102.0;PINDAMONHANGABA;Não guardar distância de segurança;Saída de Pista;Com Vítimas Feridas;Pleno dia;Decrescente;Ceu Claro;Dupla;Reta;Urbano;1;1
83274210;2014-11-08;Sábado;08:00:00;SP;116;140.6;SAO JOSE DOS CAMPOS;Dormindo;Colisão com objeto fixo;Sem Vítimas;Amanhecer;Crescente;Ceu Claro;Múltipla;Reta;Urbano;1;1
83274475;2014-11-04;Terça;10:15:00;SP;116;224.0;GUARULHOS;Não guardar distância de segurança;Colisão traseira;Sem Vítimas;Pleno dia;Crescente;Ceu Claro;Múltipla;Reta;Urbano;2;2
83274564;2014-11-06;Quinta;18:04:00;SP;116;114.0;TAUBATE;Não guardar distância de segurança;Colisão traseira;Sem Vítimas;Pleno dia;Decrescente;Sol;Dupla;Reta;Urbano;2;2
83274594;2014-11-08;Sábado;13:40:00;SP;116;212.0;GUARULHOS;Não guardar distância de segurança;Colisão traseira;Sem Vítimas;Pleno dia;Crescente;Ceu Claro;Múltipla;Reta;Urbano;4;4
83274709;2014-03-26;Quarta;08:10:00;SP;116;214.0;GUARULHOS;Ultrapassagem indevida;Colisão lateral;Com Vítimas Feridas;Pleno dia;Crescente;Ceu Claro;Múltipla;Reta;Urbano;3;3
83274725;2014-11-12;Quarta;06:30:00;SP;116;210.0;GUARULHOS;Falta de atenção;Colisão lateral;Sem Vítimas;Amanhecer;Crescente;Ceu Claro;Dupla;Reta;Urbano;2;2
83274847;2014-11-13;Quinta;19:30:00;SP;116;144.0;SAO JOSE DOS CAMPOS;Não guardar distância de segurança;Colisão lateral;Sem Vítimas;Anoitecer;Crescente;Chuva;Dupla;Reta;Rural;2;2
83274886;2014-11-13;Quinta;18:00:00;SP;116;226.0;GUARULHOS;Falta de atenção;Colisão traseira;Sem Vítimas;Pleno dia;Crescente;Ceu Claro;Múltipla;Reta;Urbano;2;2