id;data_inversa;dia_semana;horario;uf;br;km;municipio;causa_acidente;tipo_acidente;classificacao_acidente;fase_dia;sentido_via;condicao_metereologica;tipo_pista;tracado_via;uso_solo;pessoas;veiculos
83274906;2014-11-01;Sábado;18:30:00;SP;116;219.0;GUARULHOS;Não guardar distância de segurança;Colisão traseira;Sem Vítimas;Anoitecer;Decrescente;Chuva;Múltipla;Reta;Urbano;3;3
83274943;2014-11-05;Quarta;15:00:00;SP;116;152.8;SAO JOSE DOS CAMPOS;Outras;Colisão traseira;Com Vítimas Feridas;Pleno dia;Crescente;Ceu Claro;Dupla;Reta;Urbano;4;3
83274960;2014-11-13;Quinta;21:30:00;SP;116;154.0;SAO JOSE DOS CAMPOS;Não guardar distância de segurança;Colisão traseira;Sem Vítimas;Plena noite;Crescente;Ceu Claro;Dupla;Reta;Urbano;2;2
83275053;2014-11-14;Sexta;07:55:00;SP;116;144.0;SAO JOSE DOS CAMPOS;Desobediência à sinalização;Colisão lateral;Sem Vítimas;Amanhecer;Crescente;Nublado;Dupla;Reta;Rural;2;2
83275081;2014-11-10;Segunda;10:30:00;SP;116;150.0;SAO JOSE DOS CAMPOS;Não guardar distância de segurança;Colisão traseira;Sem Vítimas;Pleno dia;Decrescente;Ceu Claro;Dupla;Reta;Urbano;4;4
83275130;2014-11-11;Terça;22:30:00;SP;116;217.0;GUARULHOS;Defeito mecânico em veículo;Queda de motocicleta / bicicleta / veículo;Com Vítimas Feridas;Plena noite;Decrescente;Nublado;Múltipla;Reta;Urbano;2;2
83275162;2014-11-10;Segunda;22:30:00;SP;116;214.0;GUARULHOS;Outras;Colisão com objeto fixo;Sem Vítimas;Plena noite;Crescente;Nublado;Múltipla;Reta;Urbano;1;1
83275169;2014-11-14;Sexta;10:30:00;SP;116;222.0;GUARULHOS;Não guardar distância de segurança;Colisão traseira;Sem Vítimas;Pleno dia;Crescente;Nublado;Múltipla;Reta;Urbano;2;2
83275194;2014-11-13;Quinta;16:15:00;SP;116;138.0;SAO JOSE DOS CAMPOS;Velocidade incompatível;Saída de Pista;Sem Vítimas;Pleno dia;Decrescente;Chuva;Dupla;Reta;Urbano;1;1
83275283;2014-11-07;Sexta;05:50:00;SP;116;162.0;JACAREI;Outras;Colisão Transversal;Sem Vítimas;Amanhecer;Decrescente;Ceu Claro;Múltipla;Reta;Urbano;2;2
83275292;2014-11-12;Quarta;07:00:00;SP;116;220.0;GUARULHOS;Outras;Colisão traseira;Sem Vítimas;Pleno dia;Crescente;Ceu Claro;Múltipla;Reta;Urbano;2;2
83275382;2014-11-14;Sexta;18:00:00;SP;116;111.7;TAUBATE;Falta de atenção;Colisão lateral;Sem Vítimas;Pleno dia;Crescente;Nublado;Dupla;Reta;Urbano;2;2
83275383;2014-11-10;Segunda;18:40:00;SP;116;149.3;SAO JOSE DOS CAMPOS;Outras;Colisão traseira;Sem Vítimas;Anoitecer;Decrescente;Nublado;Múltipla;Reta;Urbano;2;2
83275403;2014-11-10;Segunda;18:30:00;SP;116;150.0;SAO JOSE DOS CAMPOS;Não guardar distância de segurança;Colisão traseira;Sem Vítimas;Pleno dia;Decrescente;Sol;Múltipla;Reta;Urbano;3;3
83275440;2014-11-14;Sexta;16:00:00;SP;116;165.0;JACAREI;Defeito mecânico em veículo;Colisão com objeto fixo;Sem Vítimas;Pleno dia;Decrescente;Nublado;Múltipla;Reta;Rural;3;3
83275468;2014-11-14;Sexta;10:35:00;SP;116;179.0;GUARAREMA;Outras;Capotamento;Com Vítimas Feridas;Pleno dia;Crescente;Nublado;Dupla;Reta;Rural;1;1
83275481;2014-11-14;Sexta;08:00:00;SP;116;227.0;SAO PAULO;Falta de atenção;Colisão lateral;Sem Vítimas;Pleno dia;Crescente;Nublado;Simples;Curva;Urbano;2;2
83275583;2014-11-15;Sábado;04:15:00;SP;116;206.0;GUARULHOS;Velocidade incompatível;Capotamento;Ignorado;Plena noite;Decrescente;Chuva;Dupla;Reta;Urbano;1;1
83275585;2014-11-14;Sexta;15:40:00;SP;116;214.0;GUARULHOS;Falta de atenção;Colisão traseira;Com Vítimas Feridas;Pleno dia;Crescente;Nublado;Múltipla;Reta;Urbano;2;2
83275626;2014-11-12;Quarta;05:15:00;SP;116;120.0;TAUBATE;Outras;Colisão traseira;Com Vítimas Fatais;Amanhecer;Decrescente;Ceu Claro;Dupla;Reta;Rural;2;2
83275629;2014-11-14;Sexta;01:50:00;SP;116;174.0;JACAREI;Defeito mecânico em veículo;Colisão traseira;Sem Vítimas;Plena noite;Decrescente;Chuva;Dupla;Reta;Rural;2;2
83275631;2014-11-11;Terça;22:50:00;SP;116;197.3;ARUJA;Outras;Colisão traseira;Com Vítimas Fatais;Plena noite;Crescente;Ceu Claro;Dupla;Curva;Rural;2;2
83275644;2014-11-13;Quinta;19:30:00;SP;116;173.0;GUARAREMA;Falta de atenção;Colisão com objeto fixo;Sem Vítimas;Plena noite;Crescente;Chuva;Dupla;Reta;Rural;1;1
83275649;2014-11-13;Quinta;10:00:00;SP;116;212.0;GUARULHOS;Falta de atenção;Colisão traseira;Sem Vítimas;Pleno dia;Crescente;Ceu Claro;Múltipla;Cruzamento;Urbano;2;2
83275691;2014-11-14;Sexta;00:35:00;SP;116;225.0;GUARULHOS;Falta de atenção;Colisão com objeto fixo;Sem Vítimas;Plena noite;Decrescente;Nublado;Múltipla;Reta;Urbano;1;1
83275724;2014-11-15;Sábado;10:20:00;SP;116;217.0;GUARULHOS;Outras;Colisão lateral;Com Vítimas Feridas;Pleno dia;Decrescente;Sol;Múltipla;Reta;Urbano;5;2
83275740;2014-11-10;Segunda;18:18:00;SP;116;121.2;CACAPAVA;Outras;Colisão traseira;Com Vítimas Feridas;Pleno dia;Decrescente;Ceu Claro;Dupla;Curva;Rural;2;2
83275760;2014-11-11;Terça;21:00:00;SP;116;146.0;SAO JOSE DOS CAMPOS;Outras;Colisão com objeto fixo;Com Vítimas Feridas;Plena noite;Crescente;Ceu Claro;Dupla;Reta;Urbano;1;1
83275765;2014-11-15;Sábado;12:30:00;SP;116;226.0;GUARULHOS;Outras;Colisão com objeto fixo;Com Vítimas Feridas;Pleno dia;Crescente;Nublado;Múltipla;Reta;Urbano;1;1
83275817;2014-11-11;Terça;17:30:00;SP;116;146.0;SAO JOSE DOS CAMPOS;Falta de atenção;Colisão traseira;Sem Vítimas;Pleno dia;Decrescente;Ceu Claro;Múltipla;Reta;Urbano;3;3
83275840;2014-11-15;Sábado;16:00:00;SP;116;139.0;SAO JOSE DOS CAMPOS;Não guardar distância de segurança;Colisão traseira;Sem Vítimas;Pleno dia;Crescente;Sol;Dupla;Reta;Rural;4;4
83275842;2014-11-12;Quarta;03:30:00;SP;116;165.0;JACAREI;Outras;Colisão traseira;Sem Vítimas;Plena noite;Crescente;Ceu Claro;Múltipla;Reta;Rural;2;2
83275861;2014-11-15;Sábado;16:30:00;SP;116;226.0;GUARULHOS;Falta de atenção;Colisão traseira;Com Vítimas Feridas;Pleno dia;Decrescente;Nublado;Múltipla;Reta;Urbano;2;2
83275907;2014-11-15;Sábado;16:58:00;SP;116;213.0;GUARULHOS;Não guardar distância de segurança;Colisão traseira;Com Vítimas Feridas;Pleno dia;Crescente;Nublado;Múltipla;Reta;Urbano;2;2
83276046;2014-11-16;Domingo;04:30:00;SP;116;192.0;SANTA ISABEL;Outras;Colisão com objeto fixo;Sem Vítimas;Plena noite;Decrescente;Chuva;Dupla;Reta;Rural;1;1
83276074;2014-11-09;Domingo;21:05:00;SP;116;104.2;TAUBATE;Falta de atenção;Colisão traseira;Sem Vítimas;Plena noite;Crescente;Nublado;Dupla;Reta;Rural;4;4
83276078;2014-11-14;Sexta;03:15:00;SP;116;118.3;TAUBATE;Falta de atenção;Colisão lateral;Com Vítimas Feridas;Plena noite;Crescente;Nublado;Dupla;Reta;Rural;3;2
83276084;2014-11-12;Quarta;15:00:00;SP;116;210.0;GUARULHOS;Falta de atenção;Colisão traseira;Sem Vítimas;Pleno dia;Crescente;Nublado;Múltipla;Reta;Urbano;2;2
83276136;2014-11-13;Quinta;17:30:00;SP;116;120.7;CACAPAVA;Não guardar distância de segurança;Colisão traseira;Sem Vítimas;Pleno dia;Decrescente;Chuva;Dupla;Reta;Rural;4;4
83276234;2014-11-16;Domingo;03:30:00;SP;116;216.0;GUARULHOS;Não guardar distância de segurança;Colisão traseira;Sem Vítimas;Plena noite;Crescente;Nublado;Múltipla;Reta;Urbano;2;2
83276354;2014-11-10;Segunda;10:55:00;SP;116;212.0;GUARULHOS;Outras;Colisão lateral;Com Vítimas Feridas;Pleno dia;Crescente;Sol;Múltipla;Reta;Urbano;3;2
83276375;2014-10-11;Sábado;05:45:00;SP;116;211.0;GUARULHOS;Outras;Colisão traseira;Sem Vítimas;Pleno dia;Crescente;Sol;Múltipla;Reta;Urbano;3;3
83276391;2014-11-14;Sexta;16:30:00;SP;116;201.0;ARUJA;Outras;Colisão com objeto fixo;Sem Vítimas;Pleno dia;Crescente;Nublado;Múltipla;Reta;Urbano;1;1
83276397;2014-11-15;Sábado;06:30:00;SP;116;211.0;GUARULHOS;Outras;Colisão com objeto fixo;Com Vítimas Feridas;Pleno dia;Crescente;Sol;Múltipla;Reta;Urbano;1;1
83276429;2014-11-17;Segunda;00:30:00;SP;116;206.0;GUARULHOS;Defeito mecânico em veículo;Colisão com objeto fixo;Sem Vítimas;Plena noite;Crescente;Ceu Claro;Dupla;Reta;Urbano;1;1
83276526;2014-11-17;Segunda;07:50:00;SP;116;157.8;JACAREI;Não guardar distância de segurança;Colisão traseira;Sem Vítimas;Pleno dia;Decrescente;Sol;Dupla;Reta;Urbano;2;2
83276544;2014-11-13;Quinta;18:40:00;SP;116;212.7;GUARULHOS;Não guardar distância de segurança;Colisão lateral;Sem Vítimas;Pleno dia;Crescente;Nublado;Múltipla;Reta;Urbano;2;2
83276564;2014-11-13;Quinta;19:15:00;SP;116;134.2;SAO JOSE DOS CAMPOS;Não guardar distância de segurança;Colisão traseira;Sem Vítimas;Anoitecer;Crescente;Chuva;Dupla;Reta;Urbano;2;2
83276626;2014-11-15;Sábado;17:00:00;SP;116;210.0;GUARULHOS;Defeito mecânico em veículo;Colisão com objeto fixo;Sem Vítimas;Pleno dia;Decrescente;Nublado;Múltipla;Reta;Urbano;2;1
83276651;2014-11-15;Sábado;14:35:00;SP;116;167.0;JACAREI;Outras;Queda de motocicleta / bicicleta / veículo;Com Vítimas Feridas;Pleno dia;Decrescente;Ceu Claro;Dupla;Reta;Rural;1;1
83276667;2014-11-14;Sexta;08:00:00;SP;116;179.0;GUARAREMA;Falta de atenção;Capotamento;Sem Vítimas;Amanhecer;Decrescente;Nublado;Dupla;Curva;Urbano;1;1
83276733;2014-11-17;Segunda;11:00:00;SP;116;219.0;GUARULHOS;Não guardar distância de segurança;Colisão traseira;Sem Vítimas;Pleno dia;Crescente;Sol;Múltipla;Reta;Urbano;3;3
83276762;2014-11-17;Segunda;15:15:00;SP;116;138.0;SAO JOSE DOS CAMPOS;Falta de atenção;Colisão traseira;Sem Vítimas;Pleno dia;Crescente;Nublado;Dupla;Reta;Rural;3;3
83276802;2014-11-13;Quinta;12:00:00;SP;116;222.0;GUARULHOS;Outras;Colisão traseira;Com Vítimas Feridas;Pleno dia;Decrescente;Sol;Múltipla;Reta;Urbano;2;2
83276808;2014-11-09;Domingo;21:15:00;SP;116;213.0;GUARULHOS;Não guardar distância de segurança;Colisão traseira;Sem Vítimas;Plena noite;Crescente;Nublado;Simples;Reta;Urbano;3;3
83277009;2014-11-12;Quarta;17:50:00;SP;116;145.8;SAO JOSE DOS CAMPOS;Defeito mecânico em veículo;Tombamento;Sem Vítimas;Pleno dia;Crescente;Nublado;Dupla;Reta;Urbano;4;1
83277095;2014-11-15;Sábado;07:45:00;SP;116;167.0;JACAREI;Outras;Colisão traseira;Sem Vítimas;Pleno dia;Decrescente;Ceu Claro;Dupla;Reta;Urbano;4;4
83277103;2014-11-14;Sexta;07:00:00;SP;116;109.1;TAUBATE;Não guardar distância de segurança;Colisão traseira;Sem Vítimas;Pleno dia;Crescente;Ceu Claro;Dupla;Reta;Urbano;2;2
83277110;2014-11-14;Sexta;15:00:00;SP;116;122.7;CACAPAVA;Defeito mecânico em veículo;Queda de motocicleta / bicicleta / veículo;Com Vítimas Feridas;Pleno dia;Decrescente;Ceu Claro;Dupla;Reta;Rural;1;1
83277224;2014-11-18;Terça;07:45:00;SP;116;226.7;GUARULHOS;Falta de atenção;Colisão lateral;Sem Vítimas;Pleno dia;Crescente;Ceu Claro;Múltipla;Curva;Urbano;2;2
83277239;2014-11-18;Terça;07:40:00;SP;116;213.0;GUARULHOS;Falta de atenção;Colisão lateral;Com Vítimas Feridas;Pleno dia;Crescente;Sol;Múltipla;Reta;Urbano;2;2
83277374;2014-11-14;Sexta;19:30:00;SP;116;203.0;ARUJA;Não guardar distância de segurança;Colisão lateral;Sem Vítimas;Anoitecer;Decrescente;Chuva;Dupla;Reta;Urbano;2;2
83277389;2014-11-18;Terça;14:00:00;SP;116;222.0;GUARULHOS;Falta de atenção;Colisão traseira;Sem Vítimas;Pleno dia;Crescente;Ceu Claro;Múltipla;Reta;Urbano;2;2
83277393;2014-10-25;Sábado;16:00:00;SP;116;213.3;GUARULHOS;Falta de atenção;Colisão com objeto fixo;Ignorado;Pleno dia;Decrescente;Sol;Múltipla;Reta;Urbano;1;1
83277410;2014-11-18;Terça;09:40:00;SP;116;221.0;GUARULHOS;Outras;Colisão traseira;Com Vítimas Feridas;Pleno dia;Crescente;Sol;Múltipla;Reta;Urbano;2;2
83277423;2014-11-18;Terça;13:10:00;SP;116;229.0;SAO PAULO;Não guardar distância de segurança;Colisão traseira;Com Vítimas Feridas;Pleno dia;Crescente;Ceu Claro;Múltipla;Reta;Urbano;2;2
83277603;2014-11-19;Quarta;08:20:00;SP;116;145.0;SAO JOSE DOS CAMPOS;Falta de atenção;Colisão traseira;Sem Vítimas;Pleno dia;Crescente;Ceu Claro;Simples;Reta;Urbano;2;2
83277608;2014-11-17;Segunda;13:50:00;SP;116;211.0;GUARULHOS;Falta de atenção;Queda de motocicleta / bicicleta / veículo;Com Vítimas Feridas;Pleno dia;Decrescente;Ceu Claro;Múltipla;Reta;Urbano;1;1
83277611;2014-11-19;Quarta;08:58:00;SP;116;216.9;GUARULHOS;Não guardar distância de segurança;Colisão traseira;Sem Vítimas;Pleno dia;Crescente;Ceu Claro;Múltipla;Reta;Urbano;2;2
83277614;2014-11-17;Segunda;21:45:00;SP;116;215.0;GUARULHOS;Falta de atenção;Queda de motocicleta / bicicleta / veículo;Com Vítimas Feridas;Plena noite;Decrescente;Ceu Claro;Múltipla;Reta;Urbano;1;1
83277618;2014-11-18;Terça;06:50:00;SP;116;208.0;GUARULHOS;Velocidade incompatível;Colisão lateral;Com Vítimas Feridas;Pleno dia;Crescente;Nublado;Dupla;Reta;Urbano;2;2
83277637;2014-11-19;Quarta;11:15:00;SP;116;226.0;GUARULHOS;Falta de atenção;Colisão traseira;Sem Vítimas;Pleno dia;Crescente;Ceu Claro;Múltipla;Reta;Urbano;5;3
83277639;2014-11-19;Quarta;09:00:00;SP;116;225.0;GUARULHOS;Não guardar distância de segurança;Colisão traseira;Sem Vítimas;Pleno dia;Crescente;Ceu Claro;Dupla;Reta;Urbano;2;2
83277648;2014-11-15;Sábado;18:15:00;SP;116;137.5;SAO JOSE DOS CAMPOS;Outras;Colisão lateral;Sem Vítimas;Pleno dia;Crescente;Ceu Claro;Dupla;Reta;Rural;2;2
83277666;2014-11-17;Segunda;21:10:00;SP;116;215.0;GUARULHOS;Outras;Atropelamento de pessoa;Com Vítimas Fatais;Plena noite;Crescente;Ceu Claro;Múltipla;Reta;Urbano;2;1
83277753;2014-11-19;Quarta;15:40:00;SP;116;110.9;TAUBATE;Falta de atenção;Colisão traseira;Com Vítimas Feridas;Pleno dia;Decrescente;Ceu Claro;Dupla;Reta;Urbano;3;2
83277918;2014-11-20;Quinta;04:00:00;SP;116;222.6;GUARULHOS;Ultrapassagem indevida;Capotamento;Com Vítimas Feridas;Plena noite;Crescente;Ceu Claro;Múltipla;Reta;Urbano;3;1
83277923;2014-11-19;Quarta;11:20:00;SP;116;221.0;GUARULHOS;Falta de atenção;Colisão traseira;Sem Vítimas;Pleno dia;Crescente;Sol;Múltipla;Reta;Urbano;2;2
83277950;2014-11-10;Segunda;16:40:00;SP;116;139.0;SAO JOSE DOS CAMPOS;Defeito mecânico em veículo;Colisão traseira;Sem Vítimas;Pleno dia;Decrescente;Sol;Dupla;Reta;Urbano;2;2
83277963;2014-11-17;Segunda;23:40:00;SP;116;162.5;JACAREI;Não guardar distância de segurança;Colisão traseira;Sem Vítimas;Plena noite;Decrescente;Ceu Claro;Dupla;Reta;Urbano;2;2
83278001;2014-11-20;Quinta;08:15:00;SP;116;157.9;JACAREI;Falta de atenção;Colisão traseira;Sem Vítimas;Pleno dia;Decrescente;Ceu Claro;Dupla;Reta;Rural;4;4
83278047;2014-11-16;Domingo;21:30:00;SP;116;204.0;ARUJA;Falta de atenção;Colisão lateral;Sem Vítimas;Plena noite;Crescente;Nublado;Dupla;Reta;Urbano;2;2
83278070;2014-11-19;Quarta;15:00:00;SP;116;224.0;GUARULHOS;Não guardar distância de segurança;Colisão traseira;Sem Vítimas;Pleno dia;Decrescente;Ceu Claro;Múltipla;Reta;Urbano;3;3
83278088;2014-11-20;Quinta;09:00:00;SP;116;164.0;JACAREI;Outras;Colisão traseira;Sem Vítimas;Pleno dia;Decrescente;Ceu Claro;Dupla;Reta;Urbano;2;2
83278125;2014-11-19;Quarta;08:15:00;SP;116;220.0;GUARULHOS;Ultrapassagem indevida;Colisão traseira;Com Vítimas Feridas;Pleno dia;Crescente;Ceu Claro;Múltipla;Reta;Urbano;2;2
83278267;2014-11-20;Quinta;11:10:00;SP;116;212.0;GUARULHOS;Outras;Capotamento;Sem Vítimas;Pleno dia;Decrescente;Ceu Claro;Múltipla;Reta;Urbano;1;1
83278346;2014-11-20;Quinta;11:45:00;SP;116;229.0;SAO PAULO;Falta de atenção;Colisão lateral;Sem Vítimas;Pleno dia;Crescente;Ceu Claro;Múltipla;Reta;Urbano;2;2
83278366;2014-11-20;Quinta;14:30:00;SP;116;108.7;TAUBATE;Não guardar distância de segurança;Colisão traseira;Sem Vítimas;Pleno dia;Crescente;Sol;Dupla;Reta;Urbano;2;2
83278392;2014-11-17;Segunda;22:35:00;SP;116;114.0;TAUBATE;Outras;Capotamento;Sem Vítimas;Plena noite;Crescente;Ceu Claro;Dupla;Reta;Urbano;1;1
83278426;2014-11-18;Terça;13:20:00;SP;116;106.0;TAUBATE;Falta de atenção;Colisão lateral;Com Vítimas Feridas;Pleno dia;Decrescente;Sol;Dupla;Reta;Urbano;2;2
83278434;2014-11-17;Segunda;20:30:00;SP;116;226.9;GUARULHOS;Defeito mecânico em veículo;Tombamento;Sem Vítimas;Plena noite;Decrescente;Nublado;Múltipla;Reta;Urbano;1;1
83278470;2014-11-21;Sexta;09:15:00;SP;116;212.0;GUARULHOS;Não guardar distância de segurança;Colisão lateral;Sem Vítimas;Pleno dia;Decrescente;Ceu Claro;Simples;Reta;Urbano;2;2
83278502;2014-11-21;Sexta;08:15:00;SP;116;140.3;SAO JOSE DOS CAMPOS;Não guardar distância de segurança;Colisão traseira;Sem Vítimas;Pleno dia;Crescente;Ceu Claro;Dupla;Reta;Urbano;2;2
83278557;2014-11-16;Domingo;00:10:00;SP;116;219.0;GUARULHOS;Velocidade incompatível;Colisão lateral;Sem Vítimas;Plena noite;Crescente;Nublado;Múltipla;Reta;Urbano;2;2
83278598;2014-11-20;Quinta;14:00:00;SP;116;175.0;GUARAREMA;Outras;Danos Eventuais;Sem Vítimas;Pleno dia;Crescente;Sol;Dupla;Cruzamento;Rural;1;1
83278715;2014-11-21;Sexta;18:30:00;SP;116;141.0;SAO JOSE DOS CAMPOS;Falta de atenção;Colisão traseira;Sem Vítimas;Anoitecer;Crescente;Chuva;Dupla;Reta;Urbano;3;3
83278720;2014-11-21;Sexta;15:00:00;SP;116;126.0;CACAPAVA;Falta de atenção;Colisão traseira;Sem Vítimas;Pleno dia;Crescente;Sol;Dupla;Reta;Rural;2;2
83278724;2014-11-21;Sexta;19:10:00;SP;116;149.5;SAO JOSE DOS CAMPOS;Não guardar distância de segurança;Colisão traseira;Sem Vítimas;Plena noite;Decrescente;Chuva;Dupla;Reta;Urbano;3;3
83278727;2014-11-21;Sexta;21:00:00;SP;116;217.0;GUARULHOS;Ingestão de álcool;Colisão lateral;Sem Vítimas;Plena noite;Crescente;Ceu Claro;Múltipla;Reta;Urbano;2;2
83278945;2014-11-19;Quarta;04:20:00;SP;116;213.5;GUARULHOS;Outras;Colisão com objeto fixo;Sem Vítimas;Plena noite;Decrescente;Nublado;Múltipla;Reta;Urbano;2;2
83279136;2014-11-23;Domingo;17:20:00;SP;116;139.0;SAO JOSE DOS CAMPOS;Não guardar distância de segurança;Colisão traseira;Sem Vítimas;Pleno dia;Crescente;Chuva;Dupla;Reta;Urbano;4;4
83279154;2014-11-23;Domingo;05:30:00;SP;116;109.0;TAUBATE;Ingestão de álcool;Capotamento;Sem Vítimas;Amanhecer;Crescente;Nublado;Dupla;Reta;Urbano;1;1
83279171;2014-11-26;Quarta;07:45:00;SP;116;102.6;PINDAMONHANGABA;Não guardar distância de segurança;Colisão traseira;Sem Vítimas;Pleno dia;Crescente;Chuva;Dupla;Reta;Urbano;2;2
83279322;2014-11-20;Quinta;11:40:00;SP;116;126.3;CACAPAVA;Falta de atenção;Colisão traseira;Sem Vítimas;Pleno dia;Decrescente;Nublado;Dupla;Reta;Urbano;2;2
83279368;2014-11-19;Quarta;17:15:00;SP;116;143.0;SAO JOSE DOS CAMPOS;Falta de atenção;Colisão traseira;Sem Vítimas;Pleno dia;Decrescente;Nublado;Dupla;Reta;Urbano;3;3
83279385;2014-11-20;Quinta;18:50:00;SP;116;146.3;SAO JOSE DOS CAMPOS;Não guardar distância de segurança;Colisão traseira;Sem Vítimas;Pleno dia;Decrescente;Nublado;Dupla;Reta;Urbano;2;2
83279423;2014-11-23;Domingo;14:00:00;SP;116;194.4;SANTA ISABEL;Não guardar distância de segurança;Colisão traseira;Sem Vítimas;Pleno dia;Crescente;Sol;Dupla;Reta;Rural;3;3
83279543;2014-11-23;Domingo;14:50:00;SP;116;109.0;TAUBATE;Não guardar distância de segurança;Colisão traseira;Sem Vítimas;Pleno dia;Crescente;Sol;Dupla;Reta;Urbano;2;2
83279552;2014-11-25;Terça;18:00:00;SP;116;149.0;SAO JOSE DOS CAMPOS;Não guardar distância de segurança;Colisão traseira;Com Vítimas Feridas;Anoitecer;Crescente;Nublado;Dupla;Reta;Rural;2;2
83279602;2014-11-25;Terça;08:50:00;SP;116;220.0;GUARULHOS;Falta de atenção;Colisão com objeto móvel;Sem Vítimas;Pleno dia;Decrescente;Ceu Claro;Múltipla;Reta;Urbano;2;2
83279729;2014-11-22;Sábado;05:18:00;SP;116;218.0;GUARULHOS;Velocidade incompatível;Colisão lateral;Sem Vítimas;Amanhecer;Crescente;Ceu Claro;Múltipla;Reta;Urbano;2;2
83279773;2014-11-21;Sexta;17:30:00;SP;116;117.0;TAUBATE;Não guardar distância de segurança;Colisão traseira;Sem Vítimas;Pleno dia;Decrescente;Nublado;Dupla;Reta;Urbano;3;3
83279779;2014-11-27;Quinta;12:30:00;SP;116;181.0;SANTA ISABEL;Outras;Colisão com objeto fixo;Sem Vítimas;Pleno dia;Decrescente;Sol;Dupla;Reta;Rural;2;2
83279815;2014-11-24;Segunda;19:20:00;SP;116;111.2;TAUBATE;Defeito na via;Colisão com objeto móvel;Com Vítimas Feridas;Plena noite;Crescente;Nublado;Dupla;Reta;Urbano;2;1
83279922;2014-11-23;Domingo;18:27:00;SP;116;117.0;TAUBATE;Outras;Colisão com objeto fixo;Sem Vítimas;Anoitecer;Crescente;Chuva;Múltipla;Reta;Urbano;1;1
83280067;2014-11-27;Quinta;19:00:00;SP;116;155.5;SAO JOSE DOS CAMPOS;Falta de atenção;Colisão lateral;Sem Vítimas;Plena noite;Crescente;Ceu Claro;Dupla;Reta;Urbano;2;2
83280089;2014-11-27;Quinta;12:45:00;SP;116;214.0;GUARULHOS;Falta de atenção;Colisão traseira;Sem Vítimas;Pleno dia;Decrescente;Sol;Múltipla;Reta;Urbano;2;2
83280095;2014-11-27;Quinta;21:25:00;SP;116;223.0;GUARULHOS;Falta de atenção;Colisão traseira;Com Vítimas Feridas;Plena noite;Decrescente;Ceu Claro;Múltipla;Reta;Urbano;2;2
83280175;2014-11-20;Quinta;12:30:00;SP;116;124.4;CACAPAVA;Outras;Colisão traseira;Sem Vítimas;Pleno dia;Decrescente;Nublado;Dupla;Reta;Rural;2;2
83280181;2014-11-20;Quinta;06:40:00;SP;116;140.8;SAO JOSE DOS CAMPOS;Outras;Atropelamento de pessoa;Com Vítimas Fatais;Pleno dia;Decrescente;Ceu Claro;Dupla;Reta;Urbano;2;1
83280197;2014-11-27;Quinta;08:00:00;SP;116;140.0;SAO JOSE DOS CAMPOS;Não guardar distância de segurança;Colisão traseira;Sem Vítimas;Pleno dia;Decrescente;Nublado;Dupla;Reta;Urbano;2;2
83280205;2014-11-23;Domingo;12:00:00;SP;116;146.2;SAO JOSE DOS CAMPOS;Velocidade incompatível;Colisão traseira;Sem Vítimas;Pleno dia;Crescente;Ceu Claro;Dupla;Reta;Urbano;3;3
83280241;2014-11-24;Segunda;17:00:00;SP;116;210.5;GUARULHOS;Não guardar distância de segurança;Colisão traseira;Sem Vítimas;Pleno dia;Crescente;Sol;Múltipla;Reta;Urbano;2;2
83280275;2014-11-28;Sexta;00:45:00;SP;116;190.0;SANTA ISABEL;Outras;Colisão com objeto fixo;Sem Vítimas;Plena noite;Decrescente;Ceu Claro;Dupla;Reta;Rural;1;1
83280313;2014-11-22;Sábado;00:05:00;SP;116;215.0;GUARULHOS;Velocidade incompatível;Colisão traseira;Sem Vítimas;Plena noite;Crescente;Ceu Claro;Múltipla;Reta;Urbano;2;2
83280368;2014-11-21;Sexta;07:20:00;SP;116;228.0;SAO PAULO;Velocidade incompatível;Colisão lateral;Sem Vítimas;Pleno dia;Crescente;Ceu Claro;Múltipla;Reta;Urbano;2;2
83280467;2014-11-25;Terça;21:00:00;SP;116;149.0;SAO JOSE DOS CAMPOS;Defeito mecânico em veículo;Colisão traseira;Sem Vítimas;Plena noite;Decrescente;Nublado;Múltipla;Reta;Rural;4;4
83280471;2014-11-24;Segunda;08:00:00;SP;116;223.0;GUARULHOS;Falta de atenção;Colisão lateral;Com Vítimas Feridas;Pleno dia;Crescente;Ceu Claro;Múltipla;Reta;Urbano;2;2
83280501;2014-11-18;Terça;08:40:00;SP;116;165.0;JACAREI;Não guardar distância de segurança;Colisão traseira;Sem Vítimas;Pleno dia;Crescente;Ceu Claro;Múltipla;Reta;Rural;3;3
83280530;2014-11-20;Quinta;13:40:00;SP;116;135.1;SAO JOSE DOS CAMPOS;Outras;Colisão traseira;Sem Vítimas;Pleno dia;Decrescente;Nublado;Dupla;Reta;Rural;2;2
83280678;2014-11-21;Sexta;17:45:00;SP;116;177.0;GUARAREMA;Outras;Capotamento;Com Vítimas Feridas;Anoitecer;Decrescente;Chuva;Dupla;Curva;Rural;2;1