id;data_inversa;dia_semana;horario;uf;br;km;municipio;causa_acidente;tipo_acidente;classificacao_acidente;fase_dia;sentido_via;condicao_metereologica;tipo_pista;tracado_via;uso_solo;pessoas;veiculos
83280708;2014-11-27;Quinta;13:40:00;SP;116;219.0;GUARULHOS;Defeito mecânico em veículo;Incêndio;Sem Vítimas;Pleno dia;Crescente;Nublado;Dupla;Curva;Urbano;1;1
83280751;2014-11-25;Terça;01:50:00;SP;116;142.4;SAO JOSE DOS CAMPOS;Outras;Colisão com objeto fixo;Ignorado;Plena noite;Decrescente;Nublado;Dupla;Reta;Urbano;1;1
83280754;2014-11-25;Terça;22:50:00;SP;116;212.0;GUARULHOS;Velocidade incompatível;Colisão traseira;Com Vítimas Feridas;Plena noite;Crescente;Chuva;Múltipla;Cruzamento;Urbano;2;2
83280776;2014-11-23;Domingo;07:59:00;SP;116;99.0;PINDAMONHANGABA;Não guardar distância de segurança;Colisão traseira;Com Vítimas Feridas;Pleno dia;Decrescente;Nublado;Dupla;Reta;Rural;5;4
83280809;2014-11-28;Sexta;17:00:00;SP;116;147.5;SAO JOSE DOS CAMPOS;Outras;Colisão com objeto fixo;Sem Vítimas;Pleno dia;Crescente;Nublado;Dupla;Reta;Urbano;1;1
83280932;2014-11-24;Segunda;14:15:00;SP;116;213.0;GUARULHOS;Não guardar distância de segurança;Colisão lateral;Sem Vítimas;Pleno dia;Crescente;Ceu Claro;Múltipla;Reta;Urbano;2;2
83281073;2014-11-28;Sexta;20:00:00;SP;116;222.0;GUARULHOS;Falta de atenção;Colisão traseira;Sem Vítimas;Plena noite;Decrescente;Ceu Claro;Múltipla;Reta;Urbano;2;2
83281104;2014-11-24;Segunda;07:50:00;SP;116;226.0;GUARULHOS;Não guardar distância de segurança;Colisão traseira;Sem Vítimas;Pleno dia;Decrescente;Nublado;Múltipla;Reta;Urbano;4;4
83281127;2014-11-13;Quinta;07:30:00;SP;116;224.0;GUARULHOS;Falta de atenção;Queda de motocicleta / bicicleta / veículo;Ignorado;Pleno dia;Crescente;Ceu Claro;Múltipla;Reta;Urbano;1;1
83281217;2014-11-21;Sexta;15:20:00;SP;116;226.0;GUARULHOS;Desobediência à sinalização;Colisão lateral;Sem Vítimas;Pleno dia;Decrescente;Nublado;Múltipla;Reta;Urbano;2;2
83281230;2014-11-17;Segunda;10:00:00;SP;116;210.0;GUARULHOS;Falta de atenção;Colisão lateral;Sem Vítimas;Pleno dia;Decrescente;Ceu Claro;Múltipla;Reta;Rural;2;2
83281231;2014-11-25;Terça;10:00:00;SP;116;173.5;GUARAREMA;Falta de atenção;Colisão traseira;Sem Vítimas;Pleno dia;Decrescente;Ceu Claro;Dupla;Reta;Urbano;2;2
83281264;2014-11-17;Segunda;15:00:00;SP;116;219.0;GUARULHOS;Outras;Colisão lateral;Sem Vítimas;Pleno dia;Decrescente;Ceu Claro;Múltipla;Reta;Urbano;2;2
83281277;2014-11-20;Quinta;15:55:00;SP;116;138.8;SAO JOSE DOS CAMPOS;Não guardar distância de segurança;Colisão traseira;Com Vítimas Feridas;Pleno dia;Decrescente;Nublado;Dupla;Reta;Rural;4;3
83281287;2014-11-21;Sexta;14:20:00;SP;116;145.0;SAO JOSE DOS CAMPOS;Não guardar distância de segurança;Colisão traseira;Sem Vítimas;Pleno dia;Crescente;Ceu Claro;Simples;Reta;Urbano;2;2
83281288;2014-11-22;Sábado;01:00:00;SP;116;218.5;GUARULHOS;Velocidade incompatível;Tombamento;Com Vítimas Feridas;Plena noite;Crescente;Nublado;Múltipla;Curva;Urbano;1;1
83281302;2014-11-22;Sábado;17:30:00;SP;116;219.0;GUARULHOS;Ingestão de álcool;Queda de motocicleta / bicicleta / veículo;Com Vítimas Feridas;Pleno dia;Decrescente;Nublado;Múltipla;Reta;Urbano;1;1
83281305;2014-11-23;Domingo;19:00:00;SP;116;213.0;GUARULHOS;Não guardar distância de segurança;Colisão traseira;Com Vítimas Feridas;Plena noite;Crescente;Chuva;Múltipla;Reta;Urbano;3;2
83281324;2014-11-21;Sexta;23:30:00;SP;116;215.0;GUARULHOS;Ingestão de álcool;Colisão traseira;Sem Vítimas;Plena noite;Crescente;Nublado;Múltipla;Reta;Urbano;2;2
83281346;2014-11-23;Domingo;18:00:00;SP;116;218.0;GUARULHOS;Outras;Colisão com objeto fixo;Sem Vítimas;Anoitecer;Crescente;Chuva;Múltipla;Reta;Urbano;1;1
83281350;2014-11-20;Quinta;12:40:00;SP;116;134.6;SAO JOSE DOS CAMPOS;Não guardar distância de segurança;Colisão traseira;Com Vítimas Feridas;Pleno dia;Crescente;Ceu Claro;Dupla;Reta;Rural;3;3
83281361;2014-11-21;Sexta;18:30:00;SP;116;138.2;SAO JOSE DOS CAMPOS;Não guardar distância de segurança;Colisão traseira;Sem Vítimas;Pleno dia;Decrescente;Chuva;Dupla;Reta;Urbano;3;3
83281388;2014-11-26;Quarta;04:30:00;SP;116;119.7;CACAPAVA;Não guardar distância de segurança;Colisão traseira;Sem Vítimas;Plena noite;Decrescente;Nublado;Dupla;Reta;Rural;2;2
83281403;2014-11-24;Segunda;04:20:00;SP;116;209.0;GUARULHOS;Outras;Colisão traseira;Sem Vítimas;Amanhecer;Crescente;Ceu Claro;Dupla;Reta;Urbano;3;3
83281419;2014-11-22;Sábado;02:30:00;SP;116;221.0;GUARULHOS;Falta de atenção;Colisão traseira;Sem Vítimas;Plena noite;Crescente;Nublado;Múltipla;Reta;Urbano;2;2
83281473;2014-11-26;Quarta;06:30:00;SP;116;194.9;ARUJA;Defeito mecânico em veículo;Saída de Pista;Sem Vítimas;Pleno dia;Decrescente;Chuva;Dupla;Reta;Urbano;1;1
83281478;2014-11-21;Sexta;15:00:00;SP;116;143.7;SAO JOSE DOS CAMPOS;Não guardar distância de segurança;Colisão traseira;Sem Vítimas;Pleno dia;Decrescente;Ceu Claro;Simples;Reta;Rural;3;2
83281503;2014-11-26;Quarta;00:10:00;SP;116;186.5;SANTA ISABEL;Outras;Saída de Pista;Sem Vítimas;Plena noite;Decrescente;Chuva;Dupla;Reta;Urbano;1;1
83281579;2014-11-25;Terça;16:00:00;SP;116;153.0;SAO JOSE DOS CAMPOS;Falta de atenção;Colisão lateral;Sem Vítimas;Pleno dia;Decrescente;Nublado;Dupla;Reta;Urbano;2;2
83281583;2014-11-13;Quinta;07:20:00;SP;116;216.0;GUARULHOS;Falta de atenção;Colisão com objeto móvel;Com Vítimas Feridas;Pleno dia;Crescente;Nublado;Simples;Reta;Urbano;2;2
83281588;2014-11-29;Sábado;11:45:00;SP;116;123.0;CACAPAVA;Não guardar distância de segurança;Colisão traseira;Sem Vítimas;Pleno dia;Decrescente;Nublado;Dupla;Reta;Rural;5;2
83281610;2014-11-24;Segunda;23:45:00;SP;116;204.0;ARUJA;Não guardar distância de segurança;Colisão traseira;Sem Vítimas;Plena noite;Crescente;Nublado;Simples;Reta;Urbano;2;2
83281613;2014-11-29;Sábado;04:30:00;SP;116;159.0;JACAREI;Falta de atenção;Colisão traseira;Sem Vítimas;Amanhecer;Decrescente;Ceu Claro;Dupla;Reta;Urbano;2;2
83281636;2014-11-28;Sexta;18:00:00;SP;116;227.8;GUARULHOS;Não guardar distância de segurança;Colisão traseira;Com Vítimas Feridas;Pleno dia;Decrescente;Nublado;Simples;Reta;Urbano;2;2
83281667;2014-11-19;Quarta;12:00:00;SP;116;215.0;GUARULHOS;Outras;Colisão com objeto móvel;Sem Vítimas;Pleno dia;Decrescente;Nublado;Dupla;Reta;Urbano;2;2
83281759;2014-11-30;Domingo;02:00:00;SP;116;208.0;GUARULHOS;Falta de atenção;Saída de Pista;Sem Vítimas;Plena noite;Crescente;Ceu Claro;Dupla;Reta;Urbano;1;1
83281842;2014-11-26;Quarta;20:30:00;SP;116;223.0;GUARULHOS;Não guardar distância de segurança;Colisão traseira;Sem Vítimas;Plena noite;Decrescente;Nublado;Múltipla;Reta;Urbano;2;2
83281989;2014-11-30;Domingo;09:30:00;SP;116;211.0;GUARULHOS;Outras;Colisão lateral;Sem Vítimas;Pleno dia;Decrescente;Nublado;Múltipla;Reta;Urbano;2;2
83282066;2014-11-23;Domingo;14:00:00;SP;116;106.0;TAUBATE;Não guardar distância de segurança;Colisão traseira;Sem Vítimas;Pleno dia;Crescente;Nublado;Dupla;Reta;Rural;2;2
83282100;2014-11-24;Segunda;16:30:00;SP;116;152.0;SAO JOSE DOS CAMPOS;Não guardar distância de segurança;Colisão traseira;Com Vítimas Feridas;Pleno dia;Crescente;Chuva;Dupla;Reta;Urbano;2;2
83282104;2014-11-24;Segunda;05:25:00;SP;116;207.0;GUARULHOS;Outras;Colisão traseira;Sem Vítimas;Amanhecer;Crescente;Nublado;Dupla;Reta;Urbano;2;2
83282113;2014-11-22;Sábado;15:30:00;SP;116;201.0;ARUJA;Outras;Danos Eventuais;Sem Vítimas;Pleno dia;Crescente;Sol;Múltipla;Curva;Urbano;1;1
83282140;2014-11-27;Quinta;15:15:00;SP;116;204.0;ARUJA;Falta de atenção;Colisão traseira;Sem Vítimas;Pleno dia;Decrescente;Ceu Claro;Dupla;Reta;Urbano;2;2
83282153;2014-11-24;Segunda;16:50:00;SP;116;152.0;SAO JOSE DOS CAMPOS;Não guardar distância de segurança;Colisão traseira;Sem Vítimas;Pleno dia;Crescente;Chuva;Dupla;Reta;Urbano;2;2
83282167;2014-11-22;Sábado;09:00:00;SP;116;112.1;TAUBATE;Não guardar distância de segurança;Colisão traseira;Sem Vítimas;Pleno dia;Decrescente;Ceu Claro;Múltipla;Reta;Urbano;2;2
83282172;2014-11-30;Domingo;11:55:00;SP;116;119.5;CACAPAVA;Outras;Capotamento;Com Vítimas Feridas;Pleno dia;Decrescente;Sol;Dupla;Reta;Rural;4;1
83282238;2014-11-30;Domingo;12:15:00;SP;116;141.0;SAO JOSE DOS CAMPOS;Outras;Atropelamento de pessoa;Com Vítimas Feridas;Pleno dia;Decrescente;Ceu Claro;Dupla;Reta;Urbano;2;1
83282326;2014-11-20;Quinta;17:00:00;SP;116;155.0;SAO JOSE DOS CAMPOS;Não guardar distância de segurança;Colisão traseira;Sem Vítimas;Pleno dia;Decrescente;Nublado;Dupla;Reta;Urbano;4;4
83282398;2014-11-26;Quarta;13:30:00;SP;116;229.0;SAO PAULO;Falta de atenção;Colisão lateral;Sem Vítimas;Pleno dia;Crescente;Nublado;Múltipla;Reta;Urbano;2;2
83282478;2014-11-30;Domingo;16:50:00;SP;116;99.0;PINDAMONHANGABA;Não guardar distância de segurança;Colisão traseira;Sem Vítimas;Pleno dia;Crescente;Ceu Claro;Dupla;Reta;Urbano;2;2
83282502;2014-11-24;Segunda;19:20:00;SP;116;153.9;SAO JOSE DOS CAMPOS;Não guardar distância de segurança;Colisão traseira;Sem Vítimas;Plena noite;Crescente;Ceu Claro;Dupla;Reta;Urbano;2;2
83282582;2014-11-17;Segunda;08:00:00;SP;116;159.0;SAO JOSE DOS CAMPOS;Falta de atenção;Colisão traseira;Com Vítimas Feridas;Pleno dia;Decrescente;Ceu Claro;Dupla;Reta;Urbano;4;3
83282610;2014-11-27;Quinta;16:45:00;SP;116;224.0;GUARULHOS;Falta de atenção;Colisão com objeto móvel;Sem Vítimas;Pleno dia;Decrescente;Ceu Claro;Múltipla;Reta;Urbano;4;4
83282651;2014-11-23;Domingo;17:30:00;SP;116;134.3;SAO JOSE DOS CAMPOS;Ingestão de álcool;Colisão traseira;Sem Vítimas;Pleno dia;Crescente;Nublado;Dupla;Reta;Rural;3;3
83282671;2014-11-24;Segunda;00:20:00;SP;116;99.0;PINDAMONHANGABA;Outras;Colisão traseira;Com Vítimas Feridas;Plena noite;Crescente;Nublado;Dupla;Reta;Urbano;6;2
83282686;2014-11-23;Domingo;13:20:00;SP;116;107.3;TAUBATE;Não guardar distância de segurança;Colisão traseira;Sem Vítimas;Pleno dia;Crescente;Ceu Claro;Dupla;Reta;Urbano;2;2
83282869;2014-12-01;Segunda;12:00:00;SP;116;229.0;SAO PAULO;Falta de atenção;Colisão lateral;Sem Vítimas;Pleno dia;Decrescente;Ceu Claro;Múltipla;Reta;Urbano;2;2
83282895;2014-11-23;Domingo;15:00:00;SP;116;103.3;TAUBATE;Não guardar distância de segurança;Colisão traseira;Com Vítimas Feridas;Pleno dia;Crescente;Chuva;Dupla;Reta;Rural;3;2
83282906;2014-12-01;Segunda;10:00:00;SP;116;219.0;GUARULHOS;Falta de atenção;Colisão lateral;Com Vítimas Feridas;Pleno dia;Crescente;Ceu Claro;Múltipla;Reta;Urbano;3;2
83282995;2014-11-20;Quinta;10:00:00;SP;116;161.0;JACAREI;Outras;Colisão com objeto fixo;Sem Vítimas;Pleno dia;Decrescente;Sol;Dupla;Reta;Urbano;1;1
83283006;2014-11-24;Segunda;17:30:00;SP;116;154.0;SAO JOSE DOS CAMPOS;Falta de atenção;Colisão lateral;Sem Vítimas;Pleno dia;Crescente;Nublado;Dupla;Reta;Urbano;2;2
83283023;2014-11-27;Quinta;18:00:00;SP;116;115.3;TAUBATE;Não guardar distância de segurança;Colisão traseira;Sem Vítimas;Pleno dia;Decrescente;Ceu Claro;Dupla;Reta;Urbano;2;2
83283024;2014-11-28;Sexta;15:00:00;SP;116;165.0;JACAREI;Falta de atenção;Colisão lateral;Sem Vítimas;Pleno dia;Crescente;Sol;Dupla;Reta;Rural;2;2
83283078;2014-12-01;Segunda;21:00:00;SP;116;213.7;GUARULHOS;Outras;Colisão com objeto fixo;Sem Vítimas;Plena noite;Crescente;Ceu Claro;Múltipla;Reta;Urbano;2;2
83283081;2014-12-01;Segunda;12:50:00;SP;116;229.0;SAO PAULO;Falta de atenção;Colisão traseira;Com Vítimas Feridas;Pleno dia;Crescente;Sol;Múltipla;Reta;Urbano;2;2
83283130;2014-12-02;Terça;01:30:00;SP;116;122.0;CACAPAVA;Falta de atenção;Colisão traseira;Com Vítimas Feridas;Plena noite;Crescente;Ceu Claro;Dupla;Reta;Urbano;2;2
83283140;2014-12-01;Segunda;16:44:00;SP;116;194.6;SANTA ISABEL;Ingestão de álcool;Colisão com objeto fixo;Com Vítimas Fatais;Pleno dia;Crescente;Ceu Claro;Dupla;Reta;Urbano;2;1
83283176;2014-12-02;Terça;07:25:00;SP;116;219.0;GUARULHOS;Falta de atenção;Colisão traseira;Com Vítimas Feridas;Pleno dia;Crescente;Ceu Claro;Múltipla;Reta;Urbano;2;2
83283187;2014-11-28;Sexta;23:00:00;SP;116;157.0;SAO JOSE DOS CAMPOS;Não guardar distância de segurança;Colisão traseira;Sem Vítimas;Plena noite;Crescente;Ceu Claro;Dupla;Reta;Urbano;2;2
83283212;2014-11-29;Sábado;01:00:00;SP;116;165.0;JACAREI;Falta de atenção;Colisão lateral;Sem Vítimas;Plena noite;Decrescente;Ceu Claro;Dupla;Reta;Urbano;2;2
83283224;2014-12-02;Terça;07:30:00;SP;116;113.7;TAUBATE;Não guardar distância de segurança;Colisão traseira;Sem Vítimas;Pleno dia;Crescente;Ceu Claro;Dupla;Reta;Urbano;2;2
83283245;2014-10-27;Segunda;21:40:00;SP;116;213.0;GUARULHOS;Não guardar distância de segurança;Colisão lateral;Com Vítimas Feridas;Pleno dia;Decrescente;Nublado;Simples;Reta;Urbano;2;2
83283262;2014-11-29;Sábado;15:29:00;SP;116;177.7;GUARAREMA;Falta de atenção;Colisão traseira;Com Vítimas Fatais;Pleno dia;Crescente;Sol;Dupla;Reta;Urbano;2;2
83283501;2014-12-02;Terça;10:45:00;SP;116;175.0;GUARAREMA;Falta de atenção;Colisão traseira;Sem Vítimas;Pleno dia;Crescente;Ceu Claro;Dupla;Reta;Rural;4;4
83283505;2014-11-25;Terça;17:50:00;SP;116;204.0;ARUJA;Outras;Colisão traseira;Sem Vítimas;Pleno dia;Crescente;Ceu Claro;Dupla;Reta;Rural;3;2
83283511;2014-12-01;Segunda;11:10:00;SP;116;228.0;SAO PAULO;Não guardar distância de segurança;Colisão traseira;Sem Vítimas;Pleno dia;Crescente;Ceu Claro;Múltipla;Reta;Urbano;3;3
83283647;2014-12-02;Terça;11:35:00;SP;116;215.0;GUARULHOS;Não guardar distância de segurança;Colisão traseira;Sem Vítimas;Pleno dia;Crescente;Ceu Claro;Múltipla;Reta;Urbano;3;3
83283670;2014-11-20;Quinta;14:00:00;SP;116;219.0;GUARULHOS;Defeito mecânico em veículo;Incêndio;Sem Vítimas;Pleno dia;Crescente;Ceu Claro;Múltipla;Reta;Urbano;1;1
83283685;2014-11-26;Quarta;06:30:00;SP;116;102.5;PINDAMONHANGABA;Outras;Colisão com objeto fixo;Ignorado;Pleno dia;Decrescente;Nublado;Dupla;Reta;Rural;1;1
83283707;2014-12-01;Segunda;07:00:00;SP;116;222.5;GUARULHOS;Não guardar distância de segurança;Colisão com objeto fixo;Sem Vítimas;Pleno dia;Crescente;Ceu Claro;Múltipla;Reta;Urbano;2;2
83283765;2014-11-25;Terça;11:15:00;SP;116;227.0;SAO PAULO;Não guardar distância de segurança;Colisão traseira;Sem Vítimas;Pleno dia;Crescente;Sol;Múltipla;Reta;Urbano;2;2
83283849;2014-12-03;Quarta;07:40:00;SP;116;138.5;SAO JOSE DOS CAMPOS;Não guardar distância de segurança;Queda de motocicleta / bicicleta / veículo;Com Vítimas Feridas;Pleno dia;Crescente;Nublado;Dupla;Reta;Rural;3;2
83283866;2014-11-29;Sábado;15:45:00;SP;116;227.0;SAO PAULO;Falta de atenção;Colisão lateral;Sem Vítimas;Pleno dia;Crescente;Nublado;Múltipla;Reta;Urbano;2;2
83283943;2014-11-30;Domingo;06:00:00;SP;116;143.0;SAO JOSE DOS CAMPOS;Ingestão de álcool;Colisão traseira;Com Vítimas Feridas;Amanhecer;Crescente;Nublado;Dupla;Reta;Urbano;2;2
83283991;2014-11-29;Sábado;12:30:00;SP;116;135.2;SAO JOSE DOS CAMPOS;Falta de atenção;Colisão lateral;Sem Vítimas;Pleno dia;Decrescente;Ceu Claro;Dupla;Reta;Rural;2;2
83284004;2014-11-28;Sexta;08:50:00;SP;116;219.0;GUARULHOS;Não guardar distância de segurança;Colisão traseira;Sem Vítimas;Pleno dia;Crescente;Sol;Múltipla;Reta;Urbano;5;4
83284129;2014-12-03;Quarta;08:10:00;SP;116;225.0;GUARULHOS;Falta de atenção;Colisão lateral;Sem Vítimas;Pleno dia;Crescente;Ceu Claro;Múltipla;Cruzamento;Urbano;3;3
83284155;2014-12-02;Terça;12:05:00;SP;116;215.0;GUARULHOS;Outras;Colisão lateral;Com Vítimas Feridas;Pleno dia;Crescente;Ceu Claro;Múltipla;Reta;Urbano;2;2
83284172;2014-11-30;Domingo;21:15:00;SP;116;227.0;SAO PAULO;Outras;Danos Eventuais;Com Vítimas Feridas;Plena noite;Decrescente;Nublado;Múltipla;Reta;Urbano;3;2
83284179;2014-12-03;Quarta;11:20:00;SP;116;165.0;JACAREI;Falta de atenção;Colisão traseira;Sem Vítimas;Pleno dia;Crescente;Ceu Claro;Dupla;Reta;Urbano;3;3
83284252;2014-12-04;Quinta;10:00:00;SP;116;165.0;SAO JOSE DOS CAMPOS;Não guardar distância de segurança;Colisão traseira;Sem Vítimas;Pleno dia;Decrescente;Sol;Múltipla;Reta;Urbano;2;2
83284290;2014-12-01;Segunda;10:00:00;SP;116;226.0;GUARULHOS;Não guardar distância de segurança;Colisão traseira;Sem Vítimas;Pleno dia;Crescente;Ceu Claro;Múltipla;Reta;Urbano;2;2
83284312;2014-12-01;Segunda;06:30:00;SP;116;145.5;SAO JOSE DOS CAMPOS;Falta de atenção;Colisão lateral;Sem Vítimas;Pleno dia;Decrescente;Ceu Claro;Múltipla;Reta;Urbano;2;2
83284356;2014-12-04;Quinta;08:30:00;SP;116;218.4;GUARULHOS;Outras;Colisão traseira;Com Vítimas Feridas;Pleno dia;Crescente;Nublado;Múltipla;Reta;Urbano;2;2
83284372;2014-12-04;Quinta;12:15:00;SP;116;227.0;SAO PAULO;Não guardar distância de segurança;Colisão traseira;Com Vítimas Feridas;Pleno dia;Crescente;Nublado;Múltipla;Reta;Urbano;2;2
83284437;2014-12-04;Quinta;15:08:00;SP;116;228.0;SAO PAULO;Não guardar distância de segurança;Colisão traseira;Sem Vítimas;Pleno dia;Decrescente;Chuva;Múltipla;Reta;Urbano;2;2
83284517;2014-12-04;Quinta;12:20:00;SP;116;162.0;JACAREI;Falta de atenção;Colisão traseira;Com Vítimas Feridas;Pleno dia;Decrescente;Nublado;Dupla;Reta;Urbano;2;2
83284562;2014-11-18;Terça;10:30:00;SP;116;199.0;ARUJA;Falta de atenção;Colisão traseira;Sem Vítimas;Pleno dia;Crescente;Sol;Dupla;Reta;Urbano;2;2
83284594;2014-11-22;Sábado;07:40:00;SP;116;214.0;GUARULHOS;Outras;Colisão lateral;Sem Vítimas;Pleno dia;Crescente;Sol;Múltipla;Reta;Urbano;2;2
83284610;2014-11-22;Sábado;16:00:00;SP;116;207.0;GUARULHOS;Animais na Pista;Colisão traseira;Sem Vítimas;Pleno dia;Decrescente;Sol;Dupla;Reta;Urbano;2;2
83284679;2014-11-26;Quarta;21:30:00;SP;116;224.0;GUARULHOS;Outras;Colisão traseira;Sem Vítimas;Plena noite;Decrescente;Ceu Claro;Múltipla;Reta;Urbano;4;4
83284747;2014-12-01;Segunda;17:45:00;SP;116;186.0;SANTA ISABEL;Falta de atenção;Capotamento;Com Vítimas Feridas;Pleno dia;Crescente;Ceu Claro;Dupla;Curva;Rural;1;1
83284823;2014-12-05;Sexta;07:30:00;SP;116;225.0;GUARULHOS;Falta de atenção;Colisão traseira;Sem Vítimas;Pleno dia;Decrescente;Nublado;Múltipla;Reta;Urbano;2;2
83284848;2014-12-02;Terça;04:30:00;SP;116;229.0;GUARULHOS;Falta de atenção;Colisão lateral;Com Vítimas Feridas;Plena noite;Crescente;Nublado;Múltipla;Reta;Urbano;3;2
83284892;2014-12-01;Segunda;07:00:00;SP;116;111.0;TAUBATE;Falta de atenção;Colisão traseira;Com Vítimas Feridas;Pleno dia;Crescente;Ceu Claro;Dupla;Reta;Urbano;2;2
83284935;2014-12-05;Sexta;14:20:00;SP;116;165.0;JACAREI;Falta de atenção;Colisão traseira;Sem Vítimas;Pleno dia;Crescente;Nublado;Múltipla;Reta;Urbano;2;2
83284943;2014-11-28;Sexta;14:00:00;SP;116;203.0;ARUJA;Não guardar distância de segurança;Colisão traseira;Sem Vítimas;Pleno dia;Crescente;Ceu Claro;Dupla;Reta;Urbano;2;2
83284993;2014-11-28;Sexta;23:00:00;SP;116;221.0;GUARULHOS;Não guardar distância de segurança;Colisão traseira;Sem Vítimas;Plena noite;Decrescente;Ceu Claro;Múltipla;Reta;Urbano;2;2
83285030;2014-12-05;Sexta;22:47:00;SP;116;165.0;JACAREI;Outras;Colisão com objeto fixo;Sem Vítimas;Plena noite;Decrescente;Ceu Claro;Dupla;Reta;Rural;1;1
83285174;2014-12-05;Sexta;16:30:00;SP;116;147.0;SAO JOSE DOS CAMPOS;Não guardar distância de segurança;Colisão traseira;Com Vítimas Feridas;Pleno dia;Decrescente;Nublado;Múltipla;Reta;Urbano;3;3
83285267;2014-12-06;Sábado;07:30:00;SP;116;123.0;CACAPAVA;Não guardar distância de segurança;Colisão traseira;Sem Vítimas;Pleno dia;Decrescente;Ceu Claro;Dupla;Reta;Urbano;2;2
83285307;2014-11-29;Sábado;18:45:00;SP;116;229.0;SAO PAULO;Outras;Colisão lateral;Sem Vítimas;Anoitecer;Crescente;Ceu Claro;Múltipla;Reta;Urbano;2;2
83285309;2014-12-03;Quarta;12:00:00;SP;116;202.0;SAO PAULO;Não guardar distância de segurança;Colisão traseira;Sem Vítimas;Pleno dia;Crescente;Ceu Claro;Dupla;Reta;Rural;3;3
83285339;2014-12-05;Sexta;14:30:00;SP;116;227.0;SAO PAULO;Falta de atenção;Colisão lateral;Sem Vítimas;Pleno dia;Decrescente;Nublado;Múltipla;Reta;Urbano;2;2
83285393;2014-12-04;Quinta;23:20:00;SP;116;216.0;GUARULHOS;Outras;Colisão com objeto fixo;Com Vítimas Feridas;Plena noite;Crescente;Chuva;Múltipla;Reta;Urbano;3;1
83285395;2014-12-05;Sexta;22:05:00;SP;116;219.0;GUARULHOS;Falta de atenção;Colisão traseira;Sem Vítimas;Plena noite;Decrescente;Ceu Claro;Múltipla;Reta;Urbano;3;3
83285428;2014-12-04;Quinta;16:30:00;SP;116;203.0;ARUJA;Falta de atenção;Colisão traseira;Sem Vítimas;Pleno dia;Decrescente;Chuva;Múltipla;Reta;Urbano;2;2
83285446;2014-12-01;Segunda;07:30:00;SP;116;223.0;GUARULHOS;Falta de atenção;Colisão lateral;Sem Vítimas;Pleno dia;Decrescente;Sol;Múltipla;Reta;Urbano;2;2
83285488;2014-12-06;Sábado;18:00:00;SP;116;99.9;PINDAMONHANGABA;Dormindo;Saída de Pista;Sem Vítimas;Pleno dia;Crescente;Nublado;Dupla;Reta;Rural;1;1
83285492;2014-12-06;Sábado;08:40:00;SP;116;115.4;TAUBATE;Não guardar distância de segurança;Colisão traseira;Sem Vítimas;Pleno dia;Decrescente;Nublado;Dupla;Reta;Urbano;7;7
83285542;2014-12-06;Sábado;16:00:00;SP;116;165.0;JACAREI;Não guardar distância de segurança;Colisão traseira;Sem Vítimas;Pleno dia;Crescente;Sol;Dupla;Reta;Rural;2;2
83285588;2014-12-07;Domingo;02:30:00;SP;116;144.0;SAO JOSE DOS CAMPOS;Outras;Capotamento;Sem Vítimas;Plena noite;Decrescente;Ceu Claro;Dupla;Reta;Rural;2;2
83285694;2014-12-05;Sexta;19:30:00;SP;116;229.0;SAO PAULO;Ultrapassagem indevida;Colisão lateral;Sem Vítimas;Anoitecer;Decrescente;Ceu Claro;Múltipla;Reta;Urbano;2;2
83285710;2014-11-29;Sábado;12:55:00;SP;116;210.0;GUARULHOS;Não guardar distância de segurança;Colisão traseira;Sem Vítimas;Pleno dia;Crescente;Ceu Claro;Simples;Reta;Urbano;2;2
83285727;2014-12-07;Domingo;07:40:00;SP;116;115.5;TAUBATE;Não guardar distância de segurança;Colisão traseira;Sem Vítimas;Pleno dia;Decrescente;Nublado;Dupla;Reta;Urbano;2;2
83285729;2014-12-07;Domingo;09:30:00;SP;116;142.0;SAO JOSE DOS CAMPOS;Não guardar distância de segurança;Colisão traseira;Sem Vítimas;Pleno dia;Decrescente;Nublado;Dupla;Reta;Urbano;2;2
83285730;2014-12-07;Domingo;04:26:00;SP;116;103.0;PINDAMONHANGABA;Ingestão de álcool;Colisão traseira;Sem Vítimas;Plena noite;Decrescente;Nublado;Dupla;Reta;Rural;2;2
83285743;2014-11-30;Domingo;19:45:00;SP;116;207.0;GUARULHOS;Não guardar distância de segurança;Colisão traseira;Sem Vítimas;Plena noite;Crescente;Nublado;Múltipla;Reta;Urbano;2;2
83285756;2014-12-04;Quinta;15:15:00;SP;116;203.0;ARUJA;Não guardar distância de segurança;Colisão traseira;Sem Vítimas;Pleno dia;Decrescente;Nublado;Múltipla;Reta;Urbano;2;2