id;data_inversa;dia_semana;horario;uf;br;km;municipio;causa_acidente;tipo_acidente;classificacao_acidente;fase_dia;sentido_via;condicao_metereologica;tipo_pista;tracado_via;uso_solo;pessoas;veiculos
83295022;2014-12-22;Segunda;13:55:00;SP;116;151.0;SAO JOSE DOS CAMPOS;Outras;Colisão com objeto fixo;Sem Vítimas;Pleno dia;Crescente;Chuva;Múltipla;Reta;Urbano;1;1
83295041;2014-12-16;Terça;10:10:00;SP;116;227.0;SAO PAULO;Falta de atenção;Colisão lateral;Com Vítimas Feridas;Pleno dia;Crescente;Ceu Claro;Múltipla;Reta;Urbano;2;2
83295074;2014-12-20;Sábado;08:30:00;SP;116;229.0;SAO PAULO;Outras;Colisão traseira;Sem Vítimas;Pleno dia;Decrescente;Sol;Múltipla;Reta;Urbano;2;2
83295077;2014-12-23;Terça;16:00:00;SP;116;149.0;SAO JOSE DOS CAMPOS;Velocidade incompatível;Colisão com objeto fixo;Com Vítimas Feridas;Pleno dia;Decrescente;Chuva;Múltipla;Reta;Urbano;2;1
83295092;2014-12-23;Terça;17:00:00;SP;116;154.0;SAO JOSE DOS CAMPOS;Velocidade incompatível;Colisão traseira;Com Vítimas Feridas;Pleno dia;Decrescente;Chuva;Dupla;Curva;Urbano;4;3
83295094;2014-12-22;Segunda;22:15:00;SP;116;176.0;GUARAREMA;Não guardar distância de segurança;Colisão traseira;Sem Vítimas;Plena noite;Decrescente;Chuva;Dupla;Reta;Rural;2;2
83295318;2014-12-22;Segunda;17:30:00;SP;116;115.7;TAUBATE;Outras;Colisão traseira;Com Vítimas Feridas;Pleno dia;Decrescente;Chuva;Dupla;Reta;Urbano;2;2
83295423;2014-12-22;Segunda;20:00:00;SP;116;219.0;GUARULHOS;Não guardar distância de segurança;Colisão traseira;Sem Vítimas;Plena noite;Crescente;Chuva;Múltipla;Reta;Urbano;2;2
83295468;2014-12-25;Quinta;02:30:00;SP;116;220.0;GUARULHOS;Velocidade incompatível;Queda de motocicleta / bicicleta / veículo;Com Vítimas Feridas;Plena noite;Crescente;Nublado;Múltipla;Reta;Urbano;2;1
83295527;2014-12-25;Quinta;17:00:00;SP;116;225.4;SAO PAULO;Falta de atenção;Colisão lateral;Sem Vítimas;Pleno dia;Crescente;Nublado;Múltipla;Reta;Urbano;4;4
83295705;2014-12-22;Segunda;21:40:00;SP;116;222.0;GUARULHOS;Outras;Colisão traseira;Sem Vítimas;Plena noite;Decrescente;Chuva;Múltipla;Reta;Urbano;2;2
83295733;2014-12-23;Terça;18:30:00;SP;116;118.3;TAUBATE;Não guardar distância de segurança;Colisão traseira;Sem Vítimas;Pleno dia;Decrescente;Chuva;Dupla;Reta;Rural;2;2
83295783;2014-12-26;Sexta;08:20:00;SP;116;115.0;TAUBATE;Não guardar distância de segurança;Colisão traseira;Sem Vítimas;Pleno dia;Decrescente;Ceu Claro;Dupla;Reta;Urbano;3;3
83295788;2014-12-23;Terça;08:50:00;SP;116;159.0;JACAREI;Falta de atenção;Colisão traseira;Sem Vítimas;Pleno dia;Decrescente;Nublado;Dupla;Reta;Urbano;2;2
83295850;2014-12-26;Sexta;09:40:00;SP;116;119.0;CACAPAVA;Falta de atenção;Colisão lateral;Sem Vítimas;Pleno dia;Decrescente;Ceu Claro;Dupla;Reta;Urbano;2;2
83295923;2014-12-24;Quarta;06:40:00;SP;116;185.0;SANTA ISABEL;Velocidade incompatível;Saída de Pista;Sem Vítimas;Amanhecer;Crescente;Nublado;Dupla;Curva;Urbano;3;3
83295928;2014-12-26;Sexta;10:30:00;SP;116;204.0;ARUJA;Não guardar distância de segurança;Colisão traseira;Sem Vítimas;Pleno dia;Crescente;Sol;Simples;Reta;Urbano;2;2
83295930;2014-12-22;Segunda;12:00:00;SP;116;216.0;GUARULHOS;Falta de atenção;Colisão traseira;Sem Vítimas;Pleno dia;Crescente;Ceu Claro;Múltipla;Reta;Urbano;3;3
83295987;2014-12-26;Sexta;15:45:00;SP;116;149.7;SAO JOSE DOS CAMPOS;Não guardar distância de segurança;Colisão traseira;Com Vítimas Feridas;Pleno dia;Decrescente;Sol;Múltipla;Reta;Urbano;4;2
83296145;2014-12-23;Terça;00:10:00;SP;116;147.5;SAO JOSE DOS CAMPOS;Não guardar distância de segurança;Colisão traseira;Sem Vítimas;Plena noite;Crescente;Chuva;Dupla;Reta;Urbano;2;2
83296156;2014-12-25;Quinta;16:00:00;SP;116;157.0;SAO JOSE DOS CAMPOS;Ingestão de álcool;Colisão traseira;Sem Vítimas;Pleno dia;Crescente;Nublado;Dupla;Reta;Urbano;2;2
83296289;2014-12-25;Quinta;07:20:00;SP;116;144.0;SAO JOSE DOS CAMPOS;Falta de atenção;Colisão com objeto fixo;Com Vítimas Feridas;Pleno dia;Decrescente;Nublado;Múltipla;Reta;Urbano;3;1
83296319;2014-12-27;Sábado;07:00:00;SP;116;119.0;TAUBATE;Falta de atenção;Colisão traseira;Sem Vítimas;Pleno dia;Decrescente;Ceu Claro;Dupla;Reta;Urbano;3;3
83296332;2014-12-27;Sábado;09:50:00;SP;116;209.0;GUARULHOS;Não guardar distância de segurança;Colisão traseira;Sem Vítimas;Pleno dia;Crescente;Ceu Claro;Múltipla;Curva;Urbano;2;2
83296393;2014-12-23;Terça;17:50:00;SP;116;219.0;GUARULHOS;Falta de atenção;Colisão lateral;Sem Vítimas;Anoitecer;Crescente;Chuva;Múltipla;Reta;Urbano;2;2
83296479;2014-12-27;Sábado;16:15:00;SP;116;155.9;SAO JOSE DOS CAMPOS;Ingestão de álcool;Tombamento;Sem Vítimas;Pleno dia;Crescente;Ceu Claro;Dupla;Reta;Urbano;1;1
83296493;2014-12-19;Sexta;20:00:00;SP;116;217.0;GUARULHOS;Não guardar distância de segurança;Colisão lateral;Com Vítimas Feridas;Plena noite;Crescente;Nublado;Simples;Reta;Urbano;2;2
83296527;2014-12-27;Sábado;17:50:00;SP;116;109.3;TAUBATE;Outras;Capotamento;Sem Vítimas;Pleno dia;Crescente;Sol;Dupla;Reta;Urbano;1;1
83296548;2014-12-27;Sábado;12:00:00;SP;116;129.4;CACAPAVA;Não guardar distância de segurança;Colisão traseira;Sem Vítimas;Pleno dia;Decrescente;Sol;Dupla;Reta;Urbano;2;2
83296555;2014-12-27;Sábado;07:40:00;SP;116;136.8;SAO JOSE DOS CAMPOS;Outras;Colisão traseira;Sem Vítimas;Pleno dia;Decrescente;Ceu Claro;Dupla;Reta;Urbano;3;3
83296559;2014-12-27;Sábado;11:20:00;SP;116;139.0;SAO JOSE DOS CAMPOS;Falta de atenção;Colisão traseira;Sem Vítimas;Pleno dia;Crescente;Ceu Claro;Dupla;Reta;Urbano;2;2
83296567;2014-12-23;Terça;13:30:00;SP;116;213.0;GUARULHOS;Outras;Colisão com objeto fixo;Sem Vítimas;Pleno dia;Decrescente;Chuva;Múltipla;Reta;Urbano;1;1
83296759;2014-12-24;Quarta;09:30:00;SP;116;211.0;GUARULHOS;Velocidade incompatível;Colisão traseira;Sem Vítimas;Pleno dia;Crescente;Sol;Múltipla;Reta;Urbano;3;3
83296844;2014-12-19;Sexta;20:00:00;SP;116;145.0;SAO JOSE DOS CAMPOS;Outras;Colisão traseira;Sem Vítimas;Plena noite;Decrescente;Ceu Claro;Simples;Reta;Rural;3;3
83296857;2014-12-28;Domingo;12:00:00;SP;116;176.7;GUARAREMA;Defeito mecânico em veículo;Colisão com objeto fixo;Sem Vítimas;Pleno dia;Crescente;Ceu Claro;Dupla;Reta;Rural;1;1
83296887;2014-12-19;Sexta;21:00:00;SP;116;147.7;SAO JOSE DOS CAMPOS;Outras;Colisão traseira;Sem Vítimas;Plena noite;Decrescente;Ceu Claro;Simples;Reta;Rural;4;4
83296891;2014-12-28;Domingo;11:30:00;SP;116;117.5;TAUBATE;Não guardar distância de segurança;Colisão traseira;Com Vítimas Feridas;Pleno dia;Decrescente;Sol;Múltipla;Reta;Urbano;3;2
83296896;2014-12-28;Domingo;08:30:00;SP;116;116.0;TAUBATE;Não guardar distância de segurança;Colisão traseira;Sem Vítimas;Pleno dia;Decrescente;Ceu Claro;Dupla;Reta;Urbano;2;2
83296986;2014-12-28;Domingo;08:30:00;SP;116;119.0;TAUBATE;Não guardar distância de segurança;Colisão traseira;Sem Vítimas;Pleno dia;Decrescente;Ceu Claro;Dupla;Reta;Urbano;5;5
83296988;2014-12-28;Domingo;12:40:00;SP;116;102.0;PINDAMONHANGABA;Não guardar distância de segurança;Colisão traseira;Sem Vítimas;Pleno dia;Crescente;Sol;Dupla;Reta;Urbano;2;2
83297005;2014-12-28;Domingo;20:30:00;SP;116;211.0;GUARULHOS;Não guardar distância de segurança;Colisão traseira;Com Vítimas Feridas;Plena noite;Crescente;Nublado;Múltipla;Reta;Urbano;2;2
83297133;2014-12-14;Domingo;13:45:00;SP;116;188.0;SANTA ISABEL;Outras;Saída de Pista;Com Vítimas Feridas;Pleno dia;Decrescente;Chuva;Dupla;Curva;Rural;2;1
83297147;2014-12-14;Domingo;14:00:00;SP;116;188.0;SANTA ISABEL;Não guardar distância de segurança;Colisão traseira;Sem Vítimas;Pleno dia;Decrescente;Chuva;Dupla;Curva;Rural;2;2
83297153;2014-12-14;Domingo;16:00:00;SP;116;191.0;SANTA ISABEL;Defeito na via;Colisão com objeto fixo;Sem Vítimas;Pleno dia;Decrescente;Chuva;Dupla;Curva;Rural;1;1
83297290;2014-12-29;Segunda;15:20:00;SP;116;122.0;CACAPAVA;Não guardar distância de segurança;Colisão traseira;Sem Vítimas;Pleno dia;Decrescente;Chuva;Dupla;Reta;Rural;4;3
83297427;2014-12-21;Domingo;05:00:00;SP;116;219.0;GUARULHOS;Outras;Colisão frontal;Com Vítimas Feridas;Amanhecer;Decrescente;Ceu Claro;Múltipla;Reta;Urbano;4;2
83297458;2014-12-20;Sábado;18:15:00;SP;116;215.0;GUARULHOS;Não guardar distância de segurança;Colisão traseira;Sem Vítimas;Pleno dia;Crescente;Sol;Múltipla;Reta;Urbano;2;2
83297488;2014-12-27;Sábado;05:40:00;SP;116;206.0;GUARULHOS;Não guardar distância de segurança;Colisão traseira;Sem Vítimas;Amanhecer;Decrescente;Nublado;Múltipla;Reta;Urbano;2;2
83297575;2014-12-30;Terça;09:10:00;SP;116;216.0;GUARULHOS;Não guardar distância de segurança;Colisão traseira;Com Vítimas Feridas;Pleno dia;Crescente;Nublado;Múltipla;Reta;Urbano;3;3
83297617;2014-12-30;Terça;10:04:00;SP;116;182.0;SANTA ISABEL;Outras;Danos Eventuais;Sem Vítimas;Pleno dia;Decrescente;Sol;Múltipla;Reta;Rural;1;1
83297636;2014-12-30;Terça;10:00:00;SP;116;182.0;SANTA ISABEL;Falta de atenção;Colisão traseira;Sem Vítimas;Pleno dia;Decrescente;Sol;Múltipla;Reta;Rural;2;2
83297637;2014-12-26;Sexta;13:45:00;SP;116;149.0;SAO JOSE DOS CAMPOS;Não guardar distância de segurança;Colisão traseira;Com Vítimas Feridas;Pleno dia;Decrescente;Ceu Claro;Dupla;Reta;Urbano;2;2
83297737;2014-12-30;Terça;18:42:00;SP;116;146.5;SAO JOSE DOS CAMPOS;Falta de atenção;Colisão traseira;Sem Vítimas;Pleno dia;Decrescente;Ceu Claro;Dupla;Reta;Urbano;2;2
83297743;2014-12-30;Terça;18:49:00;SP;116;165.0;JACAREI;Defeito na via;Colisão com objeto fixo;Sem Vítimas;Anoitecer;Crescente;Ceu Claro;Dupla;Reta;Urbano;1;1
83297796;2014-12-30;Terça;21:14:00;SP;116;165.0;JACAREI;Outras;Colisão com objeto móvel;Sem Vítimas;Plena noite;Crescente;Ceu Claro;Múltipla;Reta;Urbano;1;1
83297901;2014-12-30;Terça;21:30:00;SP;116;190.5;SANTA ISABEL;Outras;Capotamento;Sem Vítimas;Plena noite;Crescente;Ceu Claro;Dupla;Reta;Urbano;2;2
83297941;2014-12-19;Sexta;21:30:00;SP;116;142.0;SAO JOSE DOS CAMPOS;Outras;Colisão traseira;Sem Vítimas;Plena noite;Decrescente;Nublado;Dupla;Reta;Urbano;2;2
83298299;2014-12-30;Terça;07:20:00;SP;116;148.3;SAO JOSE DOS CAMPOS;Dormindo;Colisão traseira;Sem Vítimas;Pleno dia;Decrescente;Nublado;Múltipla;Reta;Urbano;2;2
83298338;2014-12-28;Domingo;19:10:00;SP;116;107.0;TAUBATE;Não guardar distância de segurança;Colisão traseira;Sem Vítimas;Anoitecer;Crescente;Ceu Claro;Dupla;Reta;Urbano;2;2
83298483;2014-01-01;Quarta;15:15:00;SP;116;138.6;SAO JOSE DOS CAMPOS;Outras;Colisão traseira;Sem Vítimas;Pleno dia;Crescente;Nublado;Dupla;Reta;Rural;3;3
83298787;2014-01-02;Quinta;16:00:00;SP;116;108.8;TAUBATE;Não guardar distância de segurança;Colisão traseira;Sem Vítimas;Pleno dia;Crescente;Ceu Claro;Dupla;Reta;Urbano;3;3
83299006;2014-01-01;Quarta;07:10:00;SP;116;182.5;SANTA ISABEL;Falta de atenção;Colisão traseira;Sem Vítimas;Pleno dia;Decrescente;Ceu Claro;Dupla;Reta;Rural;2;2
83299065;2014-12-30;Terça;23:15:00;SP;116;219.0;GUARULHOS;Outras;Colisão lateral;Sem Vítimas;Plena noite;Crescente;Nublado;Múltipla;Reta;Urbano;2;2
83299100;2014-12-30;Terça;10:48:00;SP;116;205.0;ARUJA;Falta de atenção;Colisão lateral;Sem Vítimas;Pleno dia;Decrescente;Ceu Claro;Múltipla;Reta;Urbano;2;2
83299443;2014-12-23;Terça;03:50:00;SP;116;118.8;TAUBATE;Outras;Colisão traseira;Com Vítimas Feridas;Plena noite;Crescente;Chuva;Dupla;Reta;Rural;4;3
83299501;2014-12-20;Sábado;01:30:00;SP;116;215.0;GUARULHOS;Não guardar distância de segurança;Colisão lateral;Sem Vítimas;Plena noite;Crescente;Nublado;Simples;Reta;Urbano;2;2
83299543;2014-12-28;Domingo;03:30:00;SP;116;219.0;GUARULHOS;Outras;Colisão com objeto móvel;Sem Vítimas;Plena noite;Decrescente;Nublado;Múltipla;Reta;Urbano;2;2
83299853;2014-12-23;Terça;18:20:00;SP;116;229.0;SAO PAULO;Outras;Colisão traseira;Sem Vítimas;Anoitecer;Decrescente;Nublado;Simples;Reta;Urbano;2;2
83300076;2014-12-23;Terça;18:45:00;SP;116;118.5;TAUBATE;Não guardar distância de segurança;Colisão traseira;Sem Vítimas;Pleno dia;Decrescente;Chuva;Dupla;Reta;Urbano;3;3
83300401;2014-12-13;Sábado;22:00:00;SP;116;220.0;GUARULHOS;Falta de atenção;Colisão traseira;Sem Vítimas;Plena noite;Crescente;Ceu Claro;Múltipla;Reta;Urbano;4;4
83300433;2014-12-29;Segunda;14:40:00;SP;116;144.2;SAO JOSE DOS CAMPOS;Defeito mecânico em veículo;Saída de Pista;Com Vítimas Feridas;Pleno dia;Decrescente;Chuva;Múltipla;Reta;Urbano;1;1
83300680;2014-12-31;Quarta;11:45:00;SP;116;210.3;GUARULHOS;Outras;Colisão com objeto fixo;Sem Vítimas;Pleno dia;Decrescente;Ceu Claro;Dupla;Reta;Urbano;1;1
83300736;2014-12-12;Sexta;14:50:00;SP;116;112.4;TAUBATE;Defeito mecânico em veículo;Colisão lateral;Sem Vítimas;Pleno dia;Decrescente;Sol;Dupla;Reta;Urbano;2;2
83300746;2014-12-26;Sexta;08:25:00;SP;116;115.5;TAUBATE;Não guardar distância de segurança;Colisão traseira;Sem Vítimas;Pleno dia;Decrescente;Nublado;Dupla;Reta;Urbano;3;3
83300773;2014-12-30;Terça;18:45:00;SP;116;227.0;GUARULHOS;Outras;Saída de Pista;Sem Vítimas;Anoitecer;Decrescente;Nublado;Dupla;Curva;Urbano;1;1
83300789;2014-12-26;Sexta;09:10:00;SP;116;118.5;TAUBATE;Não guardar distância de segurança;Colisão traseira;Sem Vítimas;Pleno dia;Decrescente;Sol;Dupla;Reta;Urbano;2;2
83300817;2014-12-20;Sábado;11:30:00;SP;116;139.0;SAO JOSE DOS CAMPOS;Falta de atenção;Colisão traseira;Com Vítimas Feridas;Pleno dia;Crescente;Sol;Dupla;Reta;Urbano;2;2
83301073;2014-01-03;Sexta;17:50:00;SP;116;181.0;SAO JOSE DOS CAMPOS;Outras;Danos Eventuais;Sem Vítimas;Pleno dia;Decrescente;Chuva;Dupla;Reta;Urbano;2;2
83301091;2014-12-30;Terça;10:40:00;SP;116;210.0;GUARULHOS;Outras;Atropelamento de pessoa;Com Vítimas Feridas;Pleno dia;Crescente;Sol;Simples;Reta;Urbano;3;1
83301103;2014-12-31;Quarta;02:30:00;SP;116;229.0;SAO PAULO;Outras;Colisão traseira;Sem Vítimas;Plena noite;Decrescente;Ceu Claro;Múltipla;Reta;Urbano;2;2
83301121;2014-01-04;Sábado;17:00:00;SP;116;105.5;TAUBATE;Outras;Colisão lateral;Sem Vítimas;Pleno dia;Crescente;Nublado;Dupla;Reta;Urbano;3;2
83301514;2014-12-20;Sábado;20:50:00;SP;116;220.0;GUARULHOS;Outras;Colisão traseira;Com Vítimas Feridas;Pleno dia;Decrescente;Ceu Claro;Múltipla;Reta;Urbano;3;3
83301624;2014-03-26;Quarta;08:10:00;SP;116;214.0;GUARULHOS;Outras;Colisão lateral;Com Vítimas Feridas;Pleno dia;Crescente;Ceu Claro;Múltipla;Reta;Urbano;3;3
83301641;2014-10-21;Terça;16:10:00;SP;116;154.0;SAO JOSE DOS CAMPOS;Falta de atenção;Colisão lateral;Sem Vítimas;Pleno dia;Decrescente;Ceu Claro;Dupla;Reta;Urbano;2;2
83301701;2014-12-27;Sábado;05:00:00;SP;116;207.0;GUARULHOS;Falta de atenção;Capotamento;Com Vítimas Feridas;Plena noite;Decrescente;Nublado;Simples;Reta;Urbano;3;1
83301758;2014-12-27;Sábado;06:54:00;SP;116;113.0;TAUBATE;Falta de atenção;Colisão traseira;Sem Vítimas;Pleno dia;Decrescente;Ceu Claro;Dupla;Reta;Urbano;2;2
83303023;2014-01-12;Domingo;17:30:00;SP;116;107.0;TAUBATE;Outras;Colisão traseira;Com Vítimas Feridas;Pleno dia;Crescente;Chuva;Dupla;Reta;Urbano;2;2
83303040;2014-12-17;Quarta;17:55:00;SP;116;218.3;GUARULHOS;Falta de atenção;Colisão lateral;Com Vítimas Feridas;Pleno dia;Crescente;Ceu Claro;Múltipla;Reta;Urbano;2;2
83303070;2014-07-03;Quinta;09:40:00;SP;116;226.9;GUARULHOS;Não guardar distância de segurança;Colisão traseira;Sem Vítimas;Pleno dia;Crescente;Ceu Claro;Múltipla;Reta;Urbano;2;2
83303562;2014-10-18;Sábado;23:20:00;SP;116;105.0;TAUBATE;Outras;Queda de motocicleta / bicicleta / veículo;Com Vítimas Feridas;Plena noite;Decrescente;Ceu Claro;Dupla;Curva;Urbano;3;2
83304123;2014-10-12;Domingo;13:40:00;SP;116;212.0;GUARULHOS;Dormindo;Colisão lateral;Sem Vítimas;Pleno dia;Decrescente;Sol;Múltipla;Reta;Urbano;2;2
83304377;2014-11-01;Sábado;22:30:00;SP;116;211.0;GUARULHOS;Ingestão de álcool;Colisão traseira;Sem Vítimas;Plena noite;Crescente;Nublado;Múltipla;Reta;Urbano;3;3
83306294;2014-10-16;Quinta;19:40:00;SP;116;155.5;SAO JOSE DOS CAMPOS;Outras;Colisão traseira;Sem Vítimas;Anoitecer;Decrescente;Ceu Claro;Dupla;Reta;Urbano;2;2
83307070;2014-01-16;Quinta;06:50:00;SP;116;165.0;JACAREI;Não guardar distância de segurança;Colisão traseira;Sem Vítimas;Pleno dia;Decrescente;Ceu Claro;Dupla;Reta;Urbano;2;2
83308239;2014-12-03;Quarta;06:05:00;SP;116;226.7;GUARULHOS;Outras;Queda de motocicleta / bicicleta / veículo;Ignorado;Pleno dia;Crescente;Nublado;Simples;Reta;Urbano;1;1
83308241;2014-08-31;Domingo;17:30:00;SP;116;202.0;ARUJA;Outras;Queda de motocicleta / bicicleta / veículo;Com Vítimas Feridas;Anoitecer;Crescente;Nublado;Simples;Reta;Urbano;1;1
83308246;2014-10-23;Quinta;07:45:00;SP;116;222.0;GUARULHOS;Não guardar distância de segurança;Colisão traseira;Ignorado;Amanhecer;Crescente;Nublado;Simples;Reta;Urbano;2;2
83308459;2014-07-29;Terça;22:00:00;SP;116;220.0;GUARULHOS;Outras;Colisão lateral;Com Vítimas Feridas;Plena noite;Decrescente;Ceu Claro;Múltipla;Reta;Urbano;2;2
83309476;2014-12-02;Terça;12:00:00;SP;116;218.0;GUARULHOS;Outras;Colisão traseira;Com Vítimas Feridas;Pleno dia;Crescente;Ceu Claro;Múltipla;Reta;Urbano;2;2
83313688;2014-02-06;Quinta;23:30:00;SP;116;111.3;TAUBATE;Outras;Colisão com objeto fixo;Sem Vítimas;Plena noite;Crescente;Ceu Claro;Dupla;Reta;Urbano;1;1
83314606;2014-02-05;Quarta;14:30:00;SP;116;117.0;TAUBATE;Outras;Colisão lateral;Sem Vítimas;Pleno dia;Crescente;Chuva;Dupla;Reta;Rural;2;2
83317489;2014-02-14;Sexta;09:00:00;SP;116;176.0;GUARAREMA;Outras;Colisão traseira;Sem Vítimas;Pleno dia;Decrescente;Ceu Claro;Dupla;Reta;Rural;4;4
83320777;2014-12-12;Sexta;07:40:00;SP;116;210.0;GUARULHOS;Outras;Colisão traseira;Com Vítimas Feridas;Pleno dia;Decrescente;Sol;Múltipla;Reta;Urbano;3;2
83321351;2014-02-22;Sábado;05:20:00;SP;116;99.0;PINDAMONHANGABA;Outras;Colisão com objeto fixo;Com Vítimas Feridas;Amanhecer;Decrescente;Ceu Claro;Dupla;Reta;Urbano;1;1
83321523;2014-02-22;Sábado;05:10:00;SP;116;99.0;PINDAMONHANGABA;Velocidade incompatível;Colisão com objeto fixo;Ignorado;Amanhecer;Decrescente;Ceu Claro;Dupla;Reta;Rural;1;1
83321660;2014-02-22;Sábado;07:20:00;SP;116;134.4;SAO JOSE DOS CAMPOS;Animais na Pista;Colisão traseira;Sem Vítimas;Pleno dia;Decrescente;Ceu Claro;Dupla;Reta;Rural;2;2
83321721;2014-02-25;Terça;08:30:00;SP;116;136.0;SAO JOSE DOS CAMPOS;Falta de atenção;Colisão traseira;Sem Vítimas;Pleno dia;Crescente;Ceu Claro;Dupla;Reta;Urbano;2;2
83321737;2014-02-25;Terça;08:40:00;SP;116;135.2;SAO JOSE DOS CAMPOS;Não guardar distância de segurança;Colisão traseira;Sem Vítimas;Pleno dia;Crescente;Ceu Claro;Dupla;Reta;Urbano;2;2
83321989;2014-02-26;Quarta;06:00:00;SP;116;116.1;TAUBATE;Falta de atenção;Saída de Pista;Sem Vítimas;Amanhecer;Crescente;Ceu Claro;Dupla;Reta;Urbano;1;1
83322082;2014-11-30;Domingo;18:35:00;SP;116;214.6;GUARULHOS;Outras;Colisão traseira;Com Vítimas Feridas;Pleno dia;Crescente;Sol;Múltipla;Reta;Urbano;5;5
83322093;2014-12-29;Segunda;01:40:00;SP;116;225.0;GUARULHOS;Velocidade incompatível;Colisão traseira;Sem Vítimas;Plena noite;Decrescente;Ceu Claro;Múltipla;Reta;Urbano;2;2
83322849;2014-02-28;Sexta;17:10:00;SP;116;136.6;SAO JOSE DOS CAMPOS;Ingestão de álcool;Colisão lateral;Sem Vítimas;Pleno dia;Crescente;Nublado;Dupla;Reta;Urbano;2;2
83327361;2014-10-21;Terça;06:30:00;SP;116;143.2;SAO JOSE DOS CAMPOS;Dormindo;Colisão lateral;Sem Vítimas;Amanhecer;Decrescente;Nublado;Dupla;Reta;Urbano;2;2
83329284;2014-03-13;Quinta;08:40:00;SP;116;108.0;TAUBATE;Outras;Colisão traseira;Sem Vítimas;Pleno dia;Decrescente;Sol;Dupla;Reta;Urbano;2;2
83331416;2014-12-08;Segunda;05:00:00;SP;116;212.0;GUARULHOS;Não guardar distância de segurança;Colisão traseira;Sem Vítimas;Amanhecer;Crescente;Nublado;Simples;Reta;Urbano;4;4
83333573;2014-03-21;Sexta;14:42:00;SP;116;188.0;SANTA ISABEL;Velocidade incompatível;Saída de Pista;Sem Vítimas;Pleno dia;Decrescente;Chuva;Dupla;Curva;Rural;1;1
83336140;2014-12-20;Sábado;17:05:00;SP;116;145.0;SAO JOSE DOS CAMPOS;Falta de atenção;Colisão traseira;Com Vítimas Feridas;Pleno dia;Decrescente;Sol;Dupla;Reta;Urbano;5;4
83342005;2014-04-11;Sexta;03:30:00;SP;116;139.7;SAO JOSE DOS CAMPOS;Ingestão de álcool;Colisão com objeto fixo;Com Vítimas Feridas;Plena noite;Crescente;Ceu Claro;Dupla;Reta;Rural;3;2
83343496;2014-04-18;Sexta;07:30:00;SP;116;124.8;CACAPAVA;Não guardar distância de segurança;Colisão traseira;Sem Vítimas;Pleno dia;Decrescente;Ceu Claro;Dupla;Reta;Rural;2;2
83343509;2014-04-18;Sexta;08:15:00;SP;116;121.0;CACAPAVA;Não guardar distância de segurança;Colisão traseira;Sem Vítimas;Pleno dia;Decrescente;Ceu Claro;Dupla;Reta;Rural;4;4
83344938;2014-04-18;Sexta;09:20:00;SP;116;122.9;CACAPAVA;Falta de atenção;Colisão traseira;Sem Vítimas;Pleno dia;Decrescente;Ceu Claro;Dupla;Reta;Rural;2;2
83344970;2014-04-18;Sexta;09:40:00;SP;116;122.0;CACAPAVA;Falta de atenção;Colisão traseira;Sem Vítimas;Pleno dia;Decrescente;Ceu Claro;Dupla;Reta;Rural;2;2
83348150;2014-12-17;Quarta;03:30:00;SP;116;159.7;JACAREI;Não guardar distância de segurança;Colisão traseira;Com Vítimas Feridas;Plena noite;Crescente;Ceu Claro;Dupla;Reta;Urbano;2;2
83353398;2014-07-19;Sábado;03:40:00;SP;116;206.0;ARUJA;Falta de atenção;Colisão lateral;Com Vítimas Feridas;Plena noite;Crescente;Nublado;Simples;Reta;Urbano;3;2
83357259;2014-03-08;Sábado;21:00:00;SP;116;213.0;GUARULHOS;Outras;Capotamento;Com Vítimas Feridas;Plena noite;Decrescente;Ceu Claro;Múltipla;Reta;Urbano;3;1
83357885;2014-11-11;Terça;22:40:00;SP;116;229.0;GUARULHOS;Outras;Incêndio;Ignorado;Plena noite;Decrescente;Ceu Claro;Múltipla;Reta;Urbano;1;1
83359346;2014-05-25;Domingo;15:16:00;SP;116;106.7;TAUBATE;Falta de atenção;Colisão traseira;Sem Vítimas;Pleno dia;Crescente;Sol;Dupla;Reta;Urbano;7;5
83360085;2014-05-15;Quinta;05:30:00;SP;116;207.0;GUARULHOS;Falta de atenção;Capotamento;Sem Vítimas;Amanhecer;Decrescente;Ceu Claro;Dupla;Reta;Urbano;1;1
83360528;2014-09-22;Segunda;17:55:00;SP;116;227.0;SAO PAULO;Falta de atenção;Colisão traseira;Com Vítimas Feridas;Anoitecer;Decrescente;Ceu Claro;Simples;Reta;Urbano;2;2
83367143;2014-06-12;Quinta;22:45:00;SP;116;219.0;GUARULHOS;Outras;Colisão traseira;Sem Vítimas;Plena noite;Decrescente;Nublado;Simples;Reta;Urbano;2;2
83402501;2014-10-10;Sexta;19:50:00;SP;116;133.7;CACAPAVA;Falta de atenção;Colisão traseira;Com Vítimas Feridas;Plena noite;Decrescente;Ceu Claro;Dupla;Reta;Urbano;5;5
83411779;2014-12-27;Sábado;17:00:00;SP;116;224.0;GUARULHOS;Outras;Colisão lateral;Com Vítimas Feridas;Anoitecer;Decrescente;Ceu Claro;Simples;Reta;Urbano;5;4